"site_ID","LAT","LONG","ELEV","IGBP","Climate_class","MAP","NEE","NEE_day","NEE_night","MAT","SST","IAT","DRT","EVI","NDVI","LAI","GPP","SOC","nyear","TRS","TRS_p","SWC_use","Tmin1","Tmin2","Tmin3","Tmin4","Tmin5","Tmin6","Tmin7","Tmin8","Tmin9","Tmin10","Tmin11","Tmin12","TS_TA","TSmin_c","TSmin_c_gs","NEE_night_mod_p","NEE_night_mod_f","NEE_night_mod_fa"
"US-Uaf",64.8663,-147.8555,155,"ENF","Dwc",263,-43.44210835,-203.1938797,159.7517714,-3.158701326,15.18247267,0.813147273,11.98598139,0.179164665,0.394520554,0.712008287,0.012433202,92,9,-0.035127135,0.510365237,"YES",2.97142872810364,1.11318678855896,3.57765588760376,2.07347993850708,1.63875453472137,1.79531152248383,2.07875471115112,2.2603663444519,1.97010991573334,1.00820516347885,3.16937646865845,2.38688640594482,0.723623326511642,1.57047466485237,1.45230174196532,3.17290045652665,3.53360664531359,3.35785998741356
"CA-Ca3",49.5346,-124.9004,171,"ENF","Cfb",1676,-401.9615861,-911.5711569,509.6095708,12.11220326,6.648384293,0.790508783,7.023772043,0.476286339,0.839664297,3.910329136,0.029752273,134.0891517,13,-0.243719511,0.035192316,"NO",1.15413920879364,2.22556777000427,1.97736265659332,2.09201459884644,1.97860813140869,1.93128225803375,1.90805876255035,2.17450561523437,1.90673990249634,1.85230770111084,2.1779486656189,1.86637361049652,0.898900516385634,1.74123838305303,1.81670848069764,3.75275110688777,4.01371354615588,2.57783418083842
"CA-Cbo",44.3167,-79.9333,120,"DBF","Dfb",876.34,-317.773761,-829.9273287,512.1535677,7.399306436,9.96851082,0.711017084,9.215556747,0.306903643,0.518906739,2.195338242,0.027834881,67.82142639,13,-0.069839854,0.000533816,"YES",3.94783878326416,3.618608045578,3.15824165344238,2.26725273132324,1.88600721359253,1.84974348545074,2.31919412612915,2.61692314147949,2.19142851829529,2.23648357391357,2.27999997138977,3.19575080871582,0.775142357936625,2.03910706007757,1.75081703952414,6.10379253521308,6.595946073302,5.83677502507652
"US-Ha1",42.5378,-72.1715,340,"DBF","Dfb",1071,-249.878731,-730.1211945,480.2424635,8.333618946,9.826442988,0.824807467,8.063295217,0.407885428,0.696744261,2.523674626,0.028831423,76,17,-0.133216892,0.067933564,"NO",2.85882792472839,2.58336997032166,2.52893776893616,1.92051284313202,1.79120872020721,1.80989022254944,2.04139189720154,2.31369962692261,1.79721610546112,1.43992671966553,2.12739930152893,2.3806592464447,0.691535523436761,1.47487471273079,1.37232424609938,4.63409807841334,4.8823067025131,4.06657459501341
"US-Ha2",42.5393,-72.1779,360,"ENF","Dfb",1071,-451.4456613,-789.6537293,338.208068,8.380819942,9.992757385,0.454056189,8.221450739,0.407885428,0.696744261,2.580073167,0.028904545,114.5196877,14,-0.035192583,0.450574642,"NO",2.85882792472839,2.58336997032166,2.52893776893616,1.92051284313202,1.79120872020721,1.80989022254944,2.04139189720154,2.31369962692261,1.79721610546112,1.43992671966553,2.12739930152893,2.3806592464447,0.599653137966222,1.27891224618618,1.1260700581347,3.3647214662031,3.75312085368758,3.60729580638854
"US-Var",38.4133,-120.9508,129,"GRA","Csa",559,-2.382595006,-272.8074046,270.4248096,16.06884679,6.689476718,0.635297252,14.50298739,0.275641348,0.479888525,1.064990867,0.02070247,42,19,-0.003581033,0.92476708,"YES",1.11772894859314,1.56908414363861,0.887252700328827,0.606666827201843,0.828278338909149,0.856629860401154,1.25934128761292,1.60300419330597,1.6567033290863,1.89318675994873,1.30761916637421,0.798974406719208,0.98918839427912,1.18574589536548,0.886280222549587,3.64473452638228,3.89399288119463,3.88165372291635
"US-Ton",38.4309,-120.966,177,"WSA","Csa",559,-87.78523895,-518.0675461,430.2823071,16.5034199,6.711133234,0.635855937,11.68929128,0.244297268,0.462846084,1.022669113,0.02113834,36,16,0.014446721,0.71680776,"YES",1.11575093269348,1.60798528194427,0.906520128250122,0.598901009559631,0.87025636434555,0.87252744436264,1.26776578426361,1.61472582817078,1.69369962215424,1.86439566612244,1.31941397190094,0.797948741912842,0.710055755166181,0.859752713933998,0.754420968649064,3.06361841091665,3.25405979152037,3.28971946667682
"US-Los",46.0827,-89.9792,480,"WET","Dfb",828,-97.09165032,-364.569071,267.4774207,5.136668083,11.57599535,0.866939282,11.27276168,0.289120765,0.503046447,1.670840976,0.027053656,128.0277475,14,-0.005963527,0.889861894,"NO",2.40117206573486,4.54102535247803,3.03780212402344,2.0057142496109,2.15509171485901,1.79560418128967,2.26989006996155,2.84395594596863,2.02139201164246,2.44139189720154,1.70468862056732,2.88432230949402,0.898671638815055,2.25432159108499,2.08517847048227,3.48591955158517,4.33820417067168,4.28459254484706
"US-Wkg",31.7365,-109.9419,1531,"GRA","Bsk",407,-34.94999402,-113.5659558,78.61596176,17.46696084,7.024189303,0.548858371,10.31235518,0.130761566,0.216930055,0.295155393,0.006747332,65.55297065,17,0.038144086,0.54352076,"YES",0.413772851228714,0.705274748802185,0.0932600274682045,0.203003692626953,0.927545845508575,0.642343640327454,1.00293035507202,1.21677665710449,1.39296677112579,1.6970695734024,0.821684944629669,0.616336977481842,1.15929669275239,0.94028294939622,1.48982919094167,1.02781863448663,1.10500779775718,1.16962193548043
"US-SRM",31.8214,-110.8661,1120,"WSA","Bsk",380,-2.048663385,-128.0577189,126.0090555,19.1929747,7.268810499,0.527757959,12.23006917,0.15647541,0.262902186,0.387477148,0.007868182,69.17284495,17,-0.109916588,0.001184557,"YES",0.647472536563873,0.923150157928467,0.264981752634048,0.449450677633286,1.08256416320801,0.926373827457428,1.24747233390808,1.54952359199524,1.7206591129303,1.99428594112396,1.02615391016006,0.827765536308289,1.04704180960425,1.10461633014871,1.72194636969416,1.51088028397406,1.60767583053039,1.33045246393752
"US-CMW",31.6637,-110.1777,1199,"DBF","Bsh",288,-369.0413717,-671.4651119,302.4237402,17.00916756,7.454600939,0.417830572,18.14666131,0.165610018,0.310798907,0.530073127,0.009916304,12,17,-0.057165056,0.025062844,"YES",0.49516481757164,0.692161178588867,0.137729059159756,0.269304025173187,0.967765772342682,0.735824239253998,0.979340577125549,1.3032968044281,1.53025584220886,1.75875475406647,0.89032963514328,0.6983149766922,0.808469166446767,0.704597161245581,1.01160609376604,2.96204917742938,3.25523909465101,3.07233300212742
"US-Ho1",45.2041,-68.7402,60,"ENF","Dfb",1070,-301.4686432,-771.2518037,469.7831605,6.378704367,10.5055833,0.559052322,11.92953566,0.388709654,0.73863989,2.628793461,0.028099012,78.46355864,18,-0.134127451,0.359294787,"NO",2.95956058502197,3.17970700263977,3.05040302276611,2.58205132484436,2.06798539161682,2.27662992477417,2.5275456905365,2.52329659461975,1.96813180446625,1.75853471755981,2.10131864547729,2.49626379013062,0.514457397792853,1.26434029670421,1.15542447528929,4.59138663161068,5.07495809486692,4.34638353489413
"US-Ho2",45.2091,-68.747,61,"ENF","Dfb",1064,-310.7730113,-806.8876368,496.1146255,7.302299432,10.31562874,1.166349421,11.96921374,0.391009107,0.730902367,2.734186514,0.027711561,79.26513582,18,-0.08900439,0.200579682,"NO",2.9701099395752,3.15304064750671,3.08029308319092,2.58776559829712,2.05963382720947,2.27509140968323,2.53706960678101,2.51684975624084,1.96842474937439,1.78468854427338,2.09750909805298,2.52285709381104,0.704361575044315,1.73468603575254,1.57827907438061,4.89846530773099,5.6248814339376,4.88772081188
"US-GLE",41.3665,-106.2399,3197,"ENF","Dfc",1200,-42.16740981,-303.7482654,261.5808555,0.332191423,9.374343379,0.758923001,6.965512273,0.193030601,0.393832605,0.447440588,0.009313538,34,13,-0.064922887,0.083742791,"NO",1.88014633655548,3.30681304931641,2.38879141807556,2.4797803401947,2.73765568733215,2.71194133758545,2.37684984207153,3.09780216217041,2.69289374351501,3.36131868362427,2.49120855331421,2.58527460098267,1.01491423781646,2.71578158554531,2.78319875652037,2.76152137730934,3.59809756298254,3.00330080660857
"US-Me2",44.4526,-121.5589,1253,"ENF","Csb",523,-352.5980349,-794.3348432,441.7368083,7.987600512,7.889475541,0.60097062,7.803709045,0.303453005,0.599737887,1.735374796,0.026043281,61.18021908,10,-0.152337722,0.091740161,"NO",1.33347988128662,1.9653480052948,1.66300373077393,1.31267397403717,0.944395565986633,1.31457877159119,1.74732608795166,2.19194145202637,1.9167765378952,1.6544322013855,2.1380952835083,1.68608062267303,0.961827919528475,1.59247701471002,1.57035513566997,3.47400217521003,3.97610700466082,3.13014358397478
"US-NR1",40.0329,-105.5464,3050,"ENF","Dfc",800,-196.5633546,-442.4785174,245.9151628,2.345043828,8.8085458,0.510132141,7.424043558,0.262152095,0.511645173,1.289853762,0.019876383,41,19,-0.122800969,0.00240179,"YES",1.7884982585907,3.00615396499634,2.38388285636902,2.32417578697205,2.5538462638855,2.57582411766052,2.19465198516846,2.78673992156982,2.54915747642517,3.15868129730225,2.47501816749573,2.54197793006897,0.643321849393867,1.62645745197054,1.66428850578262,2.49532779117113,3.16905237104723,2.58327084511001
"US-WCr",45.8059,-90.0799,520,"DBF","Dfb",787,-264.6097699,-594.7452109,330.135441,5.290872409,11.56472237,0.944811536,8.538840913,0.324777007,0.510299999,2.007769682,0.025697134,139.6122077,14,-0.071915697,0.21686045,"YES",2.35772938728333,4.25626363754272,2.99531154632568,2.00065934658051,1.9894505739212,1.64908409118652,2.19516468048096,2.7384617805481,2.06959714889526,2.38732600212097,1.80424904823303,2.91626386642456,0.64654345353064,1.58185266949231,1.4205850790878,4.05118288023028,4.39237724978226,3.96580249442825
"US-UMB",45.5598,-84.7138,234,"DBF","Dfb",803,-205.2807624,-642.3135711,437.0328087,7.161236439,10.61522024,1.072063384,7.403141505,0.325870384,0.505593966,2.09945159,0.037194269,81.89252768,11,-0.019674119,0.358170864,"YES",3.66600751876831,3.80600733757019,3.22732605934143,2.28102560043335,1.72608065605164,1.68651988506317,2.19531154632568,2.42630019187927,2.09706974029541,2.39985337257385,2.00871794223785,3.48153853416443,0.715064195530347,1.84735395161541,1.5092889238657,5.33010187873806,6.03068085006609,5.8542388285234
"US-MMS",39.3232,-86.4131,275,"DBF","Cfa",1032,-357.6526654,-761.0851419,403.4324765,12.46218875,10.09743104,0.709031044,7.952342885,0.40109581,0.656686701,2.604296201,0.034492885,35,23,-0.06693713,0.024480761,"YES",2.07956027984619,2.27304034233093,1.79956037998199,0.832820570468903,1.01985354423523,1.56549465656281,2.527618932724,2.36688642501831,2.04468894004822,1.79238085746765,2.30644693374634,2.03597068786621,0.656597069026979,1.2390163180522,1.27415659583704,4.48091263190126,4.71917575778168,4.33337104333553
"US-PFa",45.9459,-90.2723,470,"MF","Dfb",823,7.975747813,-304.5182918,312.4940397,5.432131327,11.70020063,1.220741534,8.595218812,0.324410383,0.566614754,1.798080465,0.026448419,139.6122077,13,-0.018890604,0.587631274,"NO",2.40117201805115,4.32520141601563,3.0239559173584,2.01509163379669,2.09098896980286,1.80549454689026,2.27245435714722,2.82556757926941,2.02783913612366,2.49641032218933,1.76666662693024,2.85487146377563,1.10759074304385,2.76027433137552,2.56298398357542,5.49659333230423,6.24021536787353,5.9452844764426
"US-Syv",46.242,-89.3477,540,"MF","Dfb",826,-150.4379914,-563.1934906,412.7554992,4.556907988,11.58489278,1.035114274,8.032082431,0.269279599,0.511117668,1.79716639,0.026037055,142.5774866,10,-0.104061905,0.086831725,"YES",2.44549512863159,4.15032939910889,2.95531158447266,1.97245416641235,2.06820516586304,1.72146518230438,2.16102571487427,2.5744321346283,1.7479122877121,2.26681323051453,1.68783884048462,2.86717948913574,0.686148939517014,1.63637729785983,1.47717607632912,6.77286667780085,7.76995085484878,6.66284175075618
"US-Whs",31.7438,-110.0522,1370,"OSH","Bsk",320,15.04390492,-31.53611515,46.58002008,17.12019327,7.40634181,0.482012043,15.08684879,0.116662295,0.196230055,0.254113346,0.005708399,7,15,-0.137406379,0.108621157,"YES",0.490842497348785,0.680659306049347,0.0553847479633987,0.207252781093121,0.93450562953949,0.698461222648621,1.01648358106613,1.20300395488739,1.45641038417816,1.71794893741608,0.877142953872681,0.706446886062622,1.29900897779378,1.08732928180967,1.82798344659299,0.704006011793811,0.748364344738489,0.582141395030136
"US-ICt",68.6063,-149.3041,930,"OSH","ET",318,-2.683328755,-3.146955299,45.71660875,-5.477109569,11.79047789,0.888020401,6.775430009,0.312571204,0.530333508,0.446757683,0.006393676,128,11,-0.330957681,0.021145669,"NO",4.07230787277222,1.4528936624527,3.26791219711304,1.66886479854584,1.47194132804871,1.99333336353302,2.13736271858215,2.32109889984131,2.10446891784668,1.31047623157501,3.45509123802185,2.99406614303589,0.430038395212243,1.01237551061852,0.963978451942915,0.779778620062568,0.972135891475532,0.706596320615646
"US-ICh",68.6068,-149.2958,940,"OSH","ET",318,14.82423916,0.580109471,49.03780161,-6.61624533,12.63194625,1.234770613,7.410667804,0.302821244,0.518109845,0.422070537,0.006211364,128,11,-0.157539707,0.008732491,"NO",4.07230787277222,1.4528936624527,3.26791219711304,1.66886479854584,1.47194132804871,1.99333336353302,2.13736271858215,2.32109889984131,2.10446891784668,1.31047623157501,3.45509123802185,2.99406614303589,0.439521340288364,1.03469979949711,0.982568573205931,1.15364261236436,1.31389816955703,1.12547464730918
"US-ICs",68.6058,-149.311,920,"WET","ET",318,81.02792002,17.95588405,85.52813793,-6.541218561,12.79600992,1.117733952,8.30155097,0.312571204,0.530333508,0.456655293,0.006489427,128,10,-0.077093665,0.338960606,"NO",4.07230787277222,1.4528936624527,3.26791219711304,1.66886479854584,1.47194132804871,1.99333336353302,2.13736271858215,2.32109889984131,2.10446891784668,1.31047623157501,3.45509123802185,2.99406614303589,0.387037067854416,0.911143873569764,0.867874435457557,1.36058187354424,1.60401713775631,1.50020771139488
"US-SRG",31.7894,-110.8277,1291,"GRA","Bsk",420,-41.93787059,-229.9079057,187.9700351,18.9440829,7.147606884,0.522614019,11.76401733,0.170891803,0.282312022,0.430438758,0.008995751,25,16,-0.073002361,0.160685595,"YES",0.686959743499756,0.926886439323425,0.263370046019554,0.501025694608688,1.10747239589691,0.951354992389679,1.24871783256531,1.57347948551178,1.75684969425201,1.97523813247681,1.0493040561676,0.85040295124054,1.02550944684888,1.1016587759327,1.15878879956342,1.68956711469243,1.80419832603296,1.65785074931624
"US-IB2",41.8406,-88.241,226.5,"GRA","Dfa",930.25,-215.1902247,-646.9615609,431.7713362,9.223713815,10.87413983,0.854793119,10.08162265,0.316391682,0.492161368,1.241499099,0.024285968,98.88151067,12,-0.042105639,0.013173963,"NO",2.37963347434998,3.42835168838501,2.56249094009399,1.53978021144867,1.41619057655334,1.53970718383789,2.32754564285278,2.42857117652893,2.0026371717453,2.04534800052643,1.76791210174561,2.35963377952576,0.77377650103166,1.6634777437764,1.50674776798941,5.09538410699114,5.60478023622731,5.26024324327591
"US-Kon",39.0824,-96.5603,417,"GRA","Cfa",867,-163.0045133,-678.2595531,515.2550399,13.14715999,10.79727627,1.048358726,11.96305799,0.295653832,0.469030839,1.138025609,0.019881028,55,11,-0.070916122,0.017773209,"NO",1.55750916004181,2.86315031051636,1.88754577636719,1.77494511604309,1.97150201797485,1.95538423061371,2.60029306411743,3.23963289260864,2.71934041976929,3.22835164070129,2.13904767036438,2.17487187385559,0.858325068867759,2.01073906983323,2.09989456610718,6.6250706462428,7.33670474251903,6.32160680676937
"US-MOz",38.7441,-92.2,219.4,"DBF","Cfa",986,-364.6826506,-784.6655951,419.9829445,13.53309483,10.43983222,1.073030186,9.664558529,0.37915337,0.653207285,2.527330935,0.033119862,45,14,-0.032528061,0.554951599,"YES",1.5259340763092,2.5776556968689,1.91399269104004,1.281098985672,1.38798546791077,1.67084209918976,2.49721646308899,2.72337021827698,2.36014666557312,2.57956042289734,2.08644685745239,1.99274723529816,0.693191458829013,1.42086901248059,1.51838877227859,4.38797802403176,4.49603524760886,4.27936960299144
"US-NC2",35.803,-76.6685,5,"ENF","Cfa",1320,-531.9003252,-1343.799462,811.8991368,15.99332423,8.014473303,0.459475052,10.13608993,0.410731876,0.736830782,4.284643559,0.038113636,134,11,-0.085010549,0.47140866,"NO",1.75113554000854,1.37076919078827,1.58556795120239,0.938827562332153,1.02293004989624,0.996483469009399,1.71157569885254,1.46996297836304,1.82168464660645,1.3168496131897,2.40739960670471,1.61318681240082,0.684034706952433,1.02641534666447,1.04618379692451,4.34829076823464,4.73965993702178,4.33633157280922
"US-Bar",44.0646,-71.2881,272,"DBF","Dfb",1245.77,-215.1216784,-609.3136051,394.1919267,7.411330361,10.17443587,0.595564093,9.882681381,0.392827687,0.650909652,2.282541168,0.02807836,69.83918195,12,-0.226509783,0.003673387,"YES",3.09890098571777,2.94234437942505,2.84080595970154,2.21413927078247,1.75509159564972,2.01904737949371,2.23216128349304,2.38263726234436,1.77230763435364,1.6513552904129,2.36146521568298,2.69655656814575,0.6135253082682,1.42986228832181,1.27205211221526,4.20312986951104,4.41468467496996,3.30952330468097
"CA-Oas",53.6289,-106.1978,530,"DBF","Dfc",428.53,-129.5741244,-467.1110554,337.536931,1.91686947,12.81411863,0.936864253,8.176467625,0.262314469,0.453749083,1.680347375,0.02015,87.87283153,14,-0.018529912,0.589929317,"YES",1.01663008928299,4.26351690292358,3.80139198303223,3.03406591415405,3.20542116165161,2.75164842605591,2.67948722839355,3.22769246101379,2.5931134223938,3.18395609855652,2.93677635192871,3.03062243461609,0.547461396250941,1.62980728847804,1.58270904995714,5.43596111331793,6.19168701633175,6.01273746057638
"CA-TP4",42.7102,-80.3574,184,"ENF","Dfb",1036,-167.4882297,-725.6012988,558.1130692,9.30552856,10.23628024,0.798726291,7.571919737,0.366053467,0.650123722,2.512979926,0.031131423,89.60770803,14,-0.027580299,0.39651934,"YES",3.50695953369141,3.27699637413025,2.66446890830994,2.05457873344421,1.68717956542969,1.79245409965515,2.2116485118866,2.44271054267883,2.14783892631531,1.90051283836365,2.25560436248779,2.9014651298523,0.821712853781534,1.97501543462079,1.69568900020065,5.56691648747252,6.25994386892456,5.97392167549429
"CA-TP3",42.7068,-80.3483,184,"ENF","Dfb",1036,-503.708318,-964.2781577,460.5698396,9.055563984,10.23685783,0.876344188,7.812248344,0.340102007,0.610566058,2.23446073,0.031766304,89.37391468,10,-0.02308294,0.416257604,"YES",3.54820513725281,3.25069603919983,2.70952386856079,2.01084244251251,1.68945052623749,1.75084252357483,2.24234442710876,2.46219754219055,2.13736243247986,1.86139199733734,2.2802930355072,2.88036637306213,0.830503894823203,1.99483688225356,1.68870438465225,4.38533782917775,5.01903523657807,4.82715597552862
"CA-Man",55.8796,-98.4808,259,"ENF","Dfc",520,0.58618865,-229.6753193,230.2615079,-1.181531772,14.64952035,1.40322214,9.824147741,0.189097814,0.445356831,0.992595988,0.015384881,187.351898,12,-0.055790268,0.488063075,"NO",2.04996404647827,4.7660813331604,3.17457828521729,3.75450530052185,3.35010991096497,3.2043957233429,2.81538462638855,2.91890120506287,2.30402936935425,2.95465197563171,4.25333318710327,3.80732560157776,0.723244463241375,2.37183565116581,2.29856092339662,2.90084568163296,3.70353856176208,3.25779765371192
"CA-LP1",55.1119,-122.8414,751,"ENF","Dfb",570,-175.8770067,-300.7352603,124.8582535,2.886093156,10.3319541,0.61019,9.123298658,0.19590457,0.421291408,0.812797082,0.015398617,70.65000153,10,-0.018045016,0.905830187,"YES",0.919706845283508,2.50967030525208,3.24600739479065,2.44564094543457,2.58402924537659,2.28168482780457,2.23194155693054,2.70000014305115,2.59333329200745,2.58388276100159,3.01655688285828,2.86271071434021,0.821972355691962,2.05322974306029,2.16615962659985,1.30649765760419,1.63998138100448,1.57711385660923
"CA-Ca1",49.8673,-125.3336,300,"ENF","Cfb",1369,-373.7580182,-1083.818877,710.0608591,8.065497168,6.161820245,0.450077744,5.357694171,0.364140255,0.74399927,2.501828196,0.028837846,119.4553249,12,-0.019808286,0.638487585,"YES",1.17150182723999,2.29443221092224,1.9684981584549,2.12271060943604,2.01201469898224,2.06549444198608,1.96761903762817,2.2878387928009,1.87648344039917,1.94271068572998,2.17941393852234,1.86959707736969,0.61460785120887,1.21683724008335,1.26827121555449,5.98447548602568,7.45087438769487,7.26602310750062
"CA-Gro",48.2167,-82.1556,340,"MF","Dfb",831,-118.1875763,-447.8413266,329.6537504,3.747624006,12.3953469,0.981259806,9.202684815,0.295093625,0.557405282,1.848811726,0.022569565,79.39664123,8,0.065791457,0.659548955,"YES",3.34014692306519,3.86549482345581,3.2101095199585,2.68366293907166,2.20805850028992,2.03633687496185,2.28864526748657,2.52087941169739,2.05978026390076,2.65223436355591,2.64263715744019,4.01355352401733,0.725239303681692,2.02592816794068,1.64879236140277,4.36269274604926,5.05815510107704,5.637711743984
"CA-Obs",53.9872,-105.1178,628.94,"ENF","Dfc",405.6,-54.98450569,-316.5949258,261.6104201,1.211340753,12.99609806,1.106668749,8.733588777,0.209253102,0.479189416,1.175868382,0.017339328,119.9366052,11,-0.093125181,0.044201854,"YES",1.02036644220352,4.34923105239868,3.527618932724,3.2422709941864,3.24241757392883,2.67443246841431,2.58417568206787,3.17128195762634,2.50351643562317,3.14161176681519,3.15970692634583,3.04864482879639,0.401672159901761,1.19381233894123,1.16014808623031,2.7291836622858,3.16382853240659,2.83982904410147
"CA-Ojp",53.9163,-104.692,579,"ENF","Dfc",430.5,-38.11573117,-234.6029708,196.4872397,1.443179156,13.13012679,0.984442341,9.265129909,0.221184153,0.488610747,1.134186483,0.01648419,67.77522834,11,-0.026605268,0.465321783,"YES",1.1025646686554,4.27772951126099,3.51399240493774,3.16058611869812,3.26937727928162,2.67875456809998,2.65479822158813,3.05882782936096,2.42051281929016,3.14527468681335,3.14102554321289,3.06849789619446,0.64119529379402,1.89643882398345,1.82361618789038,2.75174907444099,3.54199049829882,3.37424319063889
"US-Jo2",32.5849,-106.6032,1469,"OSH","Bwk",282.3,-174.9616979,-245.9539192,70.99222131,17.64086811,8.187068443,0.457703509,12.32449965,0.112643534,0.170639891,0.214181153,0.0046417,9,10,-0.006434519,0.917774248,"YES",0.740219795703888,0.940366315841675,0.311941361427307,0.578754639625549,1.26857149600983,0.980659091472626,1.26300387382507,1.27838816642761,1.56769232749939,1.74087905883789,1.06109888553619,1.03025640249252,1.41475043425493,1.50456721131953,1.11432288703743,0.339046929859878,0.360236492991139,0.357662787790345
"US-MtB",32.416,-110.7256,2573,"ENF","Csb",790,-495.3536272,-738.7744569,243.4208297,9.890111772,6.731203351,0.420454566,5.563098661,0.286684153,0.53827377,1.443510073,0.015327075,5,9,-0.344881733,0.080010611,"NO",0.608131873607636,0.969523811340332,0.217728924751282,0.408424890041351,1.10095236301422,0.848205149173737,1.22058615684509,1.54432260990143,1.61245429515839,1.96564085483551,0.885567760467529,0.8799267411232,1.02059593032538,1.0428334764957,1.06396450677081,1.58527579679837,1.65126046571671,1.14407561974162
"US-LL1",31.2792,-84.5329,165,"SAV","Cfa",1310,-203.9650578,-874.3477007,670.3826429,19.41596748,6.815460414,0.63693578,10.01652579,0.371546266,0.697580328,1.874862913,0.03396166,20,12,-0.039362096,0.07610438,"YES",1.58021984100342,1.17985339164734,1.39641017913818,1.00073277950287,1.50659255981445,1.25252757072449,1.70417640209198,1.44263699054718,1.77369935512543,1.51787545681,2.46249098777771,1.5014652967453,0.938394832741546,1.43251295130141,1.20789406971289,4.2046115244166,4.5143147654514,4.30470308014932
"US-BZB",64.6955,-148.3208,100,"WET","Dfd",274,14.09593446,-150.513523,164.6094574,-1.552445775,15.06864268,1.542979811,12.98144579,0.210736947,0.438115487,0.612551445,0.012810672,78,9,-0.051100561,0.339120947,"NO",3.01655678749084,1.04366323947907,3.51736259460449,1.93758254051209,1.59919419288635,1.71289403438568,2.1109158039093,2.25765571594238,1.98871796131134,0.945933997631073,3.16849851608276,2.34256401062012,0.493900430783724,1.05536394608975,0.990802156704741,2.30182142460359,2.42363432613925,2.30397906224825
"US-BZF",64.7013,-148.3121,95,"WET","Dfd",274,11.25606263,-190.7741644,202.030227,-1.128288118,14.96944303,1.588988487,12.02349113,0.224255579,0.452690773,0.891778017,0.014792292,91,8,-0.038577649,0.580836834,"NO",3.01655678749084,1.04366323947907,3.51736259460449,1.93758254051209,1.59919419288635,1.71289403438568,2.1109158039093,2.25765571594238,1.98871796131134,0.945933997631073,3.16849851608276,2.34256401062012,0.487401685893844,1.0414774608305,1.02200590652915,2.69371604741267,2.93446126466175,2.8210165418066
"US-KL2",42.4768,-85.4468,258.3,"GRA","Dfa",1027,-263.1196683,-650.348139,387.2284707,9.320215088,10.52969109,0.880711625,10.20397413,0.273933523,0.477414962,1.086014637,0.024449605,29,13,-0.046879361,0.044190964,"YES",3.05135521888733,3.16776547431946,2.56315016746521,1.63201460838318,1.36351647377014,1.59487178325653,2.22725281715393,2.42190461158752,2.0172890663147,2.04329686164856,2.09091572761536,2.5279851436615,0.921068193753587,2.04947789156578,1.88034857977136,5.28419488120301,5.85362166185571,5.35971615384313
"US-Ro4",44.6781,-93.0723,274,"GRA","Dfa",879,-281.7066242,-556.4454711,274.7388469,7.471009355,12.1251548,1.056804783,11.44813229,0.284919057,0.449071513,1.084826337,0.021613834,87,10,-0.050009222,0.393546492,"NO",2.26446857452393,4.33076934814453,3.00249099731445,1.81670322418213,1.90564069747925,1.68087937831879,2.17465176582336,2.77670307159424,2.06358957290649,2.24461536407471,1.46285717487335,2.25157518386841,0.715885159465092,1.66890395827072,1.63907498429712,4.93596421292906,5.93944063458012,5.47201047666365
"US-KM4",42.4423,-85.3301,246.3,"GRA","Dfa",1027,-6.013849094,-527.2991009,521.2852518,9.198884433,10.44266836,0.969532712,10.70435516,0.303425461,0.483937085,1.207404036,0.02473498,370,12,-0.048108184,0.292149941,"YES",3.01304039955139,3.14021954536438,2.53897438049316,1.57692310810089,1.34161150455475,1.59912083148956,2.24234442710876,2.45223445892334,2.05604386329651,2.03553097248077,2.00322346687317,2.44300351142883,0.6853445178716,1.51017209220528,1.1828063378238,5.6089097127388,6.14874603901209,5.80863439877545
"US-MBP",47.5051,-93.4893,416,"WET","Dfb",780,-221.4190361,-284.4550232,63.03598711,4.106576485,12.6311142,1.243680234,11.44332292,0.286788686,0.499722445,1.732175536,0.024541206,29,12,-0.043566591,0.562340869,"NO",2.34065909385681,4.79948740005493,3.33296723365784,2.46249084472656,2.8950915813446,2.48476214408875,2.84527487754822,3.31399250030518,2.0611722946167,2.87186813354492,1.83904764652252,2.7971426486969,0.488467395506596,1.38578022624517,1.31963860673281,1.32016387695351,1.47534520095295,1.39291662686121
"US-Myb",38.0499,-121.765,-4,"WET","Csa",338,-412.3568795,-813.0054664,400.648587,15.6288017,5.37172437,0.460911935,10.47096704,0.346545173,0.571359199,1.531901298,0.035254348,29,10,0.040045279,0.78921228,"NO",1.15003662109375,1.52073259353638,0.943882894515991,0.819633734226227,0.947692251205444,0.90095226764679,1.28923082351685,1.55545756816864,1.76908431053162,1.86380965709686,1.38974356651306,0.826080644130707,0.525469319047745,0.655800464131953,0.740852825828007,3.46415846873968,3.52038546368421,3.62639176012783
"US-NC4",35.7879,-75.9038,1,"WET","Cfa",1311,38.72256305,-772.8963711,811.6189342,17.03805014,7.827075402,0.64665654,7.710634506,0.358008743,0.713713113,2.489853787,0.041843775,250,10,-0.125323558,0.387874082,"NO",1.60805854797363,1.39465205669403,1.59098908901215,1.04959726333618,0.798461449146271,0.77597006559372,1.53794813156128,1.2219048500061,1.57662963867188,1.20051262378693,2.2330403804779,1.66630034446716,0.637126420617917,0.88422870548839,0.796331167913791,5.84478067125849,6.12851384000523,5.54642305168149
"US-Tw1",38.1074,-121.6469,-5,"WET","Csa",421,-269.4963399,-804.593327,535.0969872,14.98563396,5.740588992,0.821253785,13.8781895,0.289704007,0.502984882,0.80457039,0.026266107,231,11,-0.049129443,0.383566962,"NO",1.13479840755463,1.47809526920319,0.94981689453125,0.75684986114502,0.916336703300476,0.899560284614563,1.32307691574097,1.55538432598114,1.71838829517365,1.84652013778687,1.39670333862305,0.752600753307343,0.331852506057657,0.407297270328277,0.494396913678602,4.41490839300406,4.54655267731043,4.43744982400087
"US-Ced",39.8379,-74.3791,58,"CSH","Cfa",1138,-80.63069699,-715.3321751,634.7014781,12.03055022,9.123327547,0.710138449,9.755186839,0.346821676,0.695976503,2.359323618,0.034446838,28,9,-0.101151942,0.462614209,"NO",2.36021976470947,2.19135522842407,2.08542127609253,1.39479851722717,1.37978024482727,1.35194137096405,1.79626405239105,1.83472580909729,1.91545805931091,1.40857112407684,2.20893769264221,2.1310622215271,0.726198724286392,1.33490668658292,1.18254757795784,5.65975688940736,6.18636636615813,5.48891669942192
"US-Oho",41.5545,-83.8438,230,"DBF","Dfa",849,-783.7337678,-1155.963362,372.2295946,10.50362975,10.21148895,0.838409997,8.987854462,0.347966849,0.583467758,2.266636233,0.033478755,82.90563217,10,-0.055997571,0.18565256,"NO",3.03604393005371,3.0571427822113,2.56402926445007,1.42117218971252,1.33186795711517,1.68212485313416,2.33772940635681,2.51655678749084,2.15985336303711,2.05685005187988,2.36109890937805,2.63882784843445,0.647526966392067,1.46574729382358,1.34229275331375,4.50113151320113,4.89007213645992,4.5359834664387
"US-Slt",39.9138,-74.596,30,"DBF","Dfa",1138,8.654024974,-548.1964882,556.8505131,12.34162363,9.353904736,0.690736037,10.74805851,0.369865392,0.669517304,2.395795285,0.040011759,68.21561707,10,-0.097666743,0.512879908,"NO",2.46424903869629,2.28615388870239,2.07142858505249,1.45186810493469,1.42659356594086,1.3965567111969,1.80915768146515,1.93230769634247,1.85575098991394,1.35465214252472,2.19912085533142,2.1964102268219,0.683860589542795,1.27906147383107,1.17061734554752,5.60723023494344,6.2014385159656,5.53145505072264
"US-Wrc",45.8205,-121.9519,371,"ENF","Csb",2452,-273.8253424,-478.6874388,204.8620964,9.251996846,7.199579357,0.85700916,8.877967461,0.346910786,0.738012248,2.309415026,0.031063933,104.0639298,9,-0.068712274,0.228598895,"NO",1.23355312347412,2.01311357021332,1.66739926338196,1.32959706783295,1.0538462638855,1.44791216850281,1.83472542762756,2.16798543930054,1.92109897136688,1.5054212808609,2.14205121994019,1.78681318759918,0.687919749219398,1.15246719683762,1.12537752267471,2.16219829799151,2.2943875566872,2.12365508190567
"AU-Tum",-35.6566,148.1517,1200,"EBF","Cfb",1159.01,-592.4246117,-1615.866923,1023.442311,9.629790551,5.168112565,0.364033256,7.90279622,0.34468561,0.743610928,4.142596048,0.053740711,123.3451004,10,-0.014979218,0.856975338,"YES",1.05567762851715,1.47377297878265,1.54073255062103,1.31267392635345,2.08168497085571,0.987472522258759,0.776703310012817,1.25076923370361,1.22300362586975,1.42168500423431,0.832381069660187,1.34439563751221,0.722525199290844,0.92127697702766,0.815278736433416,5.0756870304588,5.58141834707864,5.51367125206767
"BE-Bra",51.3076,4.5198,16,"MF","Cfb",750,-127.3054403,-717.9413978,590.6359575,11.06744889,5.989069363,0.658867855,6.476109134,0.355564299,0.676826958,2.083897559,0.028805336,79.58034515,14,-0.156562179,0.0840314,"NO",0.757289385795593,0.56300362944603,1.10271065235138,0.145641104876995,0.80996310710907,0.667472589015961,1.56857130527496,1.4922342300415,1.56805872917175,1.07391955852509,0.594871771335602,1.31164832115173,0.480305369056578,0.466511974841612,0.543221854440599,4.57597811335372,4.76562234399082,4.37707257345308
"BE-Vie",50.3049,5.9981,493,"MF","Cfb",1062,-473.5766883,-1016.560357,542.9836689,8.621173025,6.503911235,0.688557917,6.428238307,0.336372344,0.661785714,2.153339467,0.02797747,129.024826,24,-0.002115344,0.973613991,"YES",1.16439564228058,0.822124564647675,1.28695969581604,0.0964836120605469,0.84871791601181,0.89186817407608,1.79377288818359,1.84483528137207,1.85545771121979,1.07347981929779,0.641904807090759,1.60571427345276,0.608823355323073,0.70652501312139,0.754861429460091,4.19431440860521,4.56101426789299,4.55373709025671
"CH-Lae",47.4783,8.3644,689,"MF","Cfb",1100,-281.3603971,-763.4822415,482.1218444,8.435283457,7.345802546,0.646902874,7.700939764,0.399858135,0.675382083,2.643183946,0.031905336,79.23197937,13,-0.111858057,0.040516435,"YES",2.3344322681427,2.0747985124588,1.86183149814606,0.413333284854889,0.847985327243805,0.649523711204529,1.95772883892059,2.01890110969543,1.92197790145874,1.47010984420776,1.10227103233337,2.34300365447998,0.66929672159892,1.05949096455424,0.994556798218949,5.53828175160145,5.61818834964349,5.02668169283286
"CZ-BK1",49.5021,18.5369,875,"ENF","Dfb",1316,-831.1536211,-1243.682583,412.5289617,6.898828533,7.7457895,0.611665496,7.49569374,0.294044991,0.65640601,2.027447423,0.023148518,235.81073,15,0.05089334,0.342257553,"YES",2.72051277160645,2.35948719978333,2.38190479278564,1.10446889400482,1.55531132221222,1.30051286220551,1.78417563438416,1.73194127082825,2.2652747631073,1.63956036567688,0.668131864070892,2.63743591308594,0.577288352903866,1.06551639443891,0.952457105814449,3.23009527901286,3.51437715746451,3.68892850296022
"CZ-wet",49.0247,14.7704,426,"WET","Dfb",604,45.16225865,-393.6715058,438.8337645,8.773438956,8.051445027,0.511500952,7.601922598,0.378948881,0.583876679,1.414455643,0.024295553,76.55177307,11,-0.034223262,0.575614761,"NO",2.40065932273865,1.93604395389557,2.0073260307312,0.450329661369324,1.25604388713837,0.96717940568924,1.74241764545441,1.89846153259277,2.29699635505676,1.76249094009399,0.69069596529007,2.1890841960907,0.752249513919259,1.22853183633696,0.961848344490425,4.89938988144243,5.39430232668589,5.21962564574707
"DE-Gri",50.95,13.5126,385,"GRA","Cfb",901,-82.98169582,-622.791514,539.8098182,8.645978946,7.635822666,0.745509483,7.18827651,0.344752095,0.654280327,2.112168381,0.026404545,89,15,0.042472581,0.577702942,"NO",2.06080589294434,1.62827837467194,2.00783882141113,0.484249043464661,1.18219780921936,1.15413918495178,1.81728909015656,1.77531144618988,1.92879104614258,1.51926736831665,0.742197823524475,1.88608059883118,0.842767441345179,1.27724541531818,0.929034134739053,5.02760649990222,5.37307883155902,5.58933077064604
"DE-Hai",51.0792,10.4522,430,"DBF","Cfb",720,-523.220309,-958.2498575,435.0295485,8.539259071,7.083103044,0.667382709,7.113624734,0.377752844,0.660711008,2.362488601,0.025283597,79,18,-0.117689039,0.002687022,"YES",1.80520148277283,1.32512817382813,1.89260075092316,0.481465226411819,1.23296706676483,1.22454192638397,1.89978024959564,1.84842486381531,2.04490852355957,1.54725279808044,0.784102523326874,1.83355312347412,0.675027571450376,1.00803705057519,1.14937008349452,3.65166203134032,3.81575099663286,3.33298813152438
"DE-Tha",50.9626,13.5651,385,"ENF","Cfb",843,-469.5504666,-873.981823,404.4313564,9.238064722,7.528276437,0.780417682,7.006525043,0.325320401,0.712576138,2.275937819,0.024824605,79,24,-0.03506286,0.008283451,"YES",2.06498165130615,1.53860802650452,2.06256408691406,0.564395451545715,1.21501832008362,1.18673992156982,1.82402918338776,1.76542136669159,1.93084247112274,1.53663005828857,0.692893826961517,1.91736264228821,0.720979537263038,1.09946297285132,1.07016573531795,3.37249767626259,3.70926698433217,3.57266282602436
"DK-Sor",55.4859,11.6446,40,"DBF","Cfb",660,-214.9413359,-901.3978457,686.4565098,8.724131361,6.228371899,0.747318183,5.463460104,0.391590842,0.618299999,2.182250724,0.030060277,91.67423248,21,-0.041091422,0.010769929,"YES",1.20095238685608,1.29135537147522,1.76901097297668,0.944249081611633,1.34571435451508,1.60630054473877,1.59457850456238,1.5757509469986,1.39435887336731,1.50102577209473,1.07128202915192,1.21890110969543,0.574785059156249,0.790975129067659,0.869454866651103,6.5172706456245,6.96160873784486,6.71728094448209
"FI-Hyy",61.8474,24.2948,181,"ENF","Dfc",709,-231.3673457,-531.3267941,299.9594485,4.556371253,9.107593573,0.699740744,6.34521312,0.249323985,0.509124758,1.581809895,0.021868083,44.4856987,24,0.001224219,0.922363741,"YES",3.75538463592529,2.35809535980225,3.5701096534729,2.38146524429321,2.11706953048706,2.43978042602539,1.69897406101227,1.98490822315216,1.31978023052216,2.46761908531189,2.17743587493896,2.83897433280945,0.736126769628531,1.78569611273843,1.52969323657379,3.7414691344317,4.32309869477121,4.33120205831213
"FI-Sod",67.3624,26.6386,180,"ENF","Dfc",500,94.62147054,-100.025275,194.6467455,0.809693063,10.67584675,0.692900398,6.275989871,0.182884262,0.419415254,0.569659095,0.009028854,133.773407,10,0.015475367,0.264104718,"YES",3.35443201065063,3.01992735862732,3.83238091468811,1.6638827085495,2.33318686485291,2.73699650764465,1.85120875835419,1.90490832328796,1.66798536777496,2.63655676841736,2.87304034233093,2.56315031051636,0.831410935460443,2.10885002034521,1.91154245135995,2.10835956085851,2.68770330226019,2.7683981256017
"FR-Pue",43.7413,3.5957,270,"EBF","Csa",883,-347.7997115,-722.2144624,374.4147509,14.1251148,6.62018549,0.624695979,8.09473956,0.353426047,0.673119672,2.054986306,0.031869269,62,13,0.036390138,0.542969162,"YES",1.38139193058014,1.74446883201599,0.865567648410797,0.047032854706049,0.864615404605866,0.753919780254364,1.85670280456543,2.39150152206421,1.90783884525299,1.05230753421783,0.803882801532745,1.64695978164673,0.833702075552415,1.06409493130585,1.09664008964903,2.69756077801733,2.82624704655793,2.94131448098022
"IT-Lav",45.9562,11.2813,1353,"ENF","Dfb",1291,-1965.123074,-2039.389731,74.26665676,7.300331977,6.419510557,0.520229842,6.40150528,0.328251913,0.730599088,2.361024736,0.028711265,87.52999878,14,-0.245149646,0.000428735,"YES",2.72732605934143,2.20652017593384,1.4432234287262,0.251282119750977,0.922857201099396,0.801538443565369,1.96095263957977,2.23531107902527,2.33369965553284,1.46630039215088,0.511428564786911,2.23260068893433,0.695467661549139,1.10654934937757,0.988476240644837,0.924946013825647,1.04228445972348,0.817986292036066
"IT-MBo",46.0147,11.0458,1550,"GRA","Dfb",1214,-31.0220478,-599.647158,568.6251102,5.433585321,6.912407568,0.596982558,7.06930626,0.328628169,0.470285714,1.152973481,0.022657115,78.88999939,15,-0.007051379,0.814911336,"YES",2.70564103126526,2.26424908638,1.50930399894714,0.197948795557022,0.936923098564148,0.755750846862793,2.08234443664551,2.1769232749939,2.39750928878784,1.57831516265869,0.538901084661484,2.23018307685852,0.94769890854355,1.53005934940703,0.941915820778846,5.93218064578088,6.45918173905779,6.41642326457549
"IT-Noe",40.6062,8.1517,25,"CSH","Csa",588,-192.514179,-613.8743705,421.3601915,16.40172341,5.591569956,0.294897086,5.557876454,0.270374433,0.598900825,1.200000013,0.038932708,77.93000031,8,0.001878085,0.979441028,"NO",1.28583657741547,1.44993889331818,0.873626550038656,0.311111330986023,0.786691129207611,0.94468879699707,1.45873034000397,1.97167309125264,1.90146501859029,1.08168502648671,0.683150033156077,1.29511594772339,1.27522417894476,1.49240683683758,1.23679462193004,2.12883689016278,2.32271230366666,2.32811378327667
"IT-Ren",46.5869,11.4337,1730,"ENF","Dfc",809.3,-667.7461006,-975.5803578,307.8342572,4.864174405,6.426559296,0.527077846,7.727546782,0.255343169,0.538880874,1.514455648,0.022896443,102.0999985,18,-0.123603207,0.1300879,"NO",2.80117216110229,2.52036633491516,1.85238080024719,0.276630041003227,1.02989014387131,0.844908487796783,2.04820513725281,2.00102579593658,2.41106224060059,1.69582412242889,0.815750932693481,2.48732604980469,0.838980044401616,1.45315134815027,1.2826425307152,2.85389680311342,3.08446051313107,2.63224748328511
"IT-SRo",43.7279,10.2844,6,"ENF","Csa",920,-383.7959534,-1091.438382,707.6424288,15.22225475,6.333658284,0.304792933,6.857488639,0.305731352,0.668520697,1.932113476,0.036056719,76.83000183,10,-0.07050565,0.657595164,"NO",1.56373628973961,1.58782052993774,1.08598898351192,0.317124538123608,1.02802203595638,1.01721604168415,1.91382771730423,2.26913946866989,2.21108055114746,1.40989050269127,0.500640958547592,1.42774730920792,0.807468074134904,1.09897985686978,1.08542953290143,4.07081117277283,4.18288968009187,3.87472000713555
"NL-Loo",52.1666,5.7436,25,"ENF","Cfb",786,-473.0386957,-921.2763121,448.2376163,10.14284234,6.322663229,0.570326097,6.429886564,0.328382332,0.706885792,1.978865537,0.027548617,57.43982315,14,-0.064752241,0.024612583,"YES",0.875531125068665,0.612600719928741,1.19501838684082,0.201025575399399,0.841904842853546,0.770915520191193,1.49699640274048,1.3084246635437,1.49274725914001,1.14600741863251,0.74959706068039,1.37882776260376,0.500716578666415,0.503620598695502,0.517290650661394,3.60364278680122,3.75487696284018,3.63118771719443
"RU-Fyo",56.4615,32.9221,265,"ENF","Dfb",711,93.58150935,-468.3428511,561.9243605,5.410705775,9.678299937,0.541014704,7.298062248,0.277071111,0.573706666,1.702197823,0.021952964,56.61304092,19,-0.00111023,0.977206251,"YES",2.88212466239929,2.26043944358826,2.95531129837036,2.71714282035828,1.68087916374207,2.60336976051331,1.8525271654129,1.63780229091644,1.57560441493988,1.66161165237427,1.27333331108093,2.7347252368927,0.48858319496395,1.05187366020312,1.11575782727575,3.84427352309332,4.55275702674063,4.54712080058471
"ZA-Kru",-25.0197,31.4969,359,"SAV","Bsh",547,-44.58128253,-483.6706167,439.0893342,21.86088545,3.57475076,0.235585702,9.770026827,0.272310565,0.458581603,1.007516049,0.02673498,46.12785339,10,-0.220019495,0.00921146,"YES",1.406081199646,1.21963391304016,1.59714262485504,1.04175760746002,1.38578777313232,0.843150210380554,1.5441025018692,1.01399245262146,1.67406594753265,1.4760449886322,1.26468889713287,1.18564126491547,0.901286373133885,1.17558457253044,1.18622663192294,3.47334622221933,3.58209238945364,2.75923677722123
"IT-Tor",45.8444,7.5781,2160,"GRA","Dfc",920,-75.53374206,-420.5142459,344.9805038,3.310864305,6.315578372,0.537762669,6.507725501,0.309815978,0.501211019,0.863677961,0.014425593,85.83999634,12,-0.147212802,0.083424669,"YES",2.46021976470947,2.51890106201172,1.68417575359344,0.138388262689114,0.835164821147919,0.77340658903122,1.86732606887817,2.23135538101196,1.92095236778259,1.26527471542358,0.846959781646728,2.17267408370972,1.07814190811746,1.68143406069238,1.79114947525633,3.20494129594067,3.73690943328759,2.87076568106612
"BE-Dor",50.311876,4.968113,250,"GRA","Cfb",581.795,-73.93497488,-952.1268688,878.191894,10.05555058,6.31819766,0.645511253,7.146400697,0.437024081,0.625409191,1.532662419,0.024558597,83.44987488,11,0.037734018,0.298628503,"YES",0.915604364871979,0.755384612083435,1.1260073184967,0.0951646827161312,0.787765550613403,0.853919208049774,1.71545815467834,1.78080604076386,1.62857112884521,0.987399435043335,0.574285686016083,1.39787545204163,0.816025154915463,0.858066882027085,0.927960660137243,6.61865057404911,7.04875389998582,7.29994295455718
"CH-Fru",47.115833,8.537778,982,"GRA","Dfb",1651,-205.8362246,-913.1101635,707.273939,7.887832053,6.916652478,0.569815724,7.242974937,0.421713019,0.612599811,1.805032045,0.027623518,82.63198853,13,-0.032815979,0.551776747,"YES",2.50571427345276,2.29919419288635,1.89809522628784,0.353479808568954,0.863370048999786,0.682270991802216,1.98007345199585,2.02571425437927,1.90520141124725,1.44622702598572,1.10593407154083,2.42102570533752,0.842171559873779,1.36756733805497,1.10162474605544,7.87840803397633,8.34010813050546,8.04399046892899
"CZ-RAJ",49.443724,16.696513,648,"ENF","Dfb",681,-538.0235289,-972.3663713,434.3428424,8.15253628,8.092157229,0.598391025,7.492602327,0.268176685,0.606306193,1.704940557,0.023834881,124.493309,8,-0.248617275,0.473781112,"NO",2.53567762374878,2.01406598091125,2.23098907470703,0.779194116592407,1.46490843296051,1.18102571964264,1.84146540164948,1.83531131744385,2.1733332157135,1.59692304134369,0.718754577636719,2.34827833175659,0.556082946753924,0.960166497536302,0.923641439748382,3.2511773842187,3.45025886717039,2.74235226878474
"CZ-Stn",49.035975,17.9699,564,"DBF","Dfb",685,-247.1211623,-808.8814177,561.7602554,9.060822301,8.402555238,0.685778564,6.037611498,0.361866788,0.645472079,2.487648711,0.025950494,84.73412323,11,-0.096107822,0.029943618,"YES",2.70161170959473,2.2856409072876,2.26131873130798,0.897948718070984,1.4757509469986,1.32300367355347,1.86227118968964,1.91772904396057,2.40197792053223,1.72791223526001,0.639633691310883,2.54703297615051,0.65292253636978,1.19930072402865,1.20526259233256,4.32980419925081,4.6094657484481,4.1052916911121
"DE-Obe",50.78666,13.72129,743,"ENF","Dfb",996,-259.4892565,-879.9364412,620.4471847,6.751198998,7.265623963,0.808769022,6.951430723,0.273952468,0.674467824,2.0255261,0.023966304,89,10,0.061689152,0.301440513,"YES",2.09362630844116,1.63472545146942,2.00820508003235,0.516410315036774,1.20937712192535,1.19025650024414,1.78959703445435,1.79721610546112,1.92901086807251,1.53238084316254,0.73926739692688,1.94835159778595,0.728228192588614,1.11591410231403,1.01586752265291,5.18339560878004,5.59026488688482,5.95180585117259
"DE-RuR",50.6219,6.3041,514.7,"GRA","Cfb",1033,-118.0197554,-806.5497241,688.5299688,8.428473484,6.398218057,0.636003571,6.467437449,0.46418511,0.666992278,2.155718239,0.02726413,70,10,0.019133458,0.255602883,"YES",1.19648356437683,0.827472519874573,1.38717949390411,0.15238094329834,0.878461492061615,0.981538259983063,1.88095245361328,1.81369957923889,1.82139184474945,1.15355317592621,0.647326016426086,1.655091547966,0.752851361962221,0.903141253147801,0.721942851395338,5.71052214928271,6.09510407737346,6.17988153303545
"CH-Aws",46.583194,9.790417,1942,"GRA","Dfc",918,-373.6362865,-870.0464829,496.4101964,3.75588457,6.826939183,0.387274951,7.549877439,0.219919175,0.462501456,0.905306507,0.017051779,98.25754547,8,-0.075509249,0.35327682,"YES",2.78703260421753,2.69304037094116,1.97604386806488,0.33208791911602,0.998754596710205,0.947985339164734,2.26153855323791,2.30117220878601,2.18461537361145,1.65479850769043,0.989670383930206,2.57245402336121,0.672135997191824,1.21540076905247,1.04796491488042,4.97368888935528,5.68012879731789,5.24797802518667
"ES-LJu",36.926594,-2.752115,1613,"OSH","Csb",400,-3.287897603,-70.39745319,67.10955559,11.86229047,6.354642788,0.459238306,6.9825901,0.156800547,0.364750365,0.375114364,0.012126087,37.08029556,12,-0.036571131,0.734732796,"YES",1.60168497562408,1.82483518123627,0.906153881549835,0.615677678585053,0.950769150257111,1.15076923370361,1.5717217206955,1.8687912940979,2.14329652786255,1.3887912273407,1.82586071491241,1.74600732326508,1.10751712945547,1.62383782280409,1.57239136964888,0.438919956771115,0.401830750355649,0.379375640527188
"FR-FBn",43.24079,5.67865,433,"MF","Csa",700,-558.6841398,-1020.341932,461.657792,14.01897824,6.217717835,0.62768066,6.853163514,0.312534426,0.65173388,1.834675236,0.036332905,62,11,0.093504717,0.220260031,"NO",1.2526741027832,1.61421248912811,0.935311377048492,0.115897573530674,0.960952436923981,0.809010899066925,1.78183152675629,2.20278391838074,1.91816873550415,1.08864454030991,0.714139020442963,1.51670317649841,0.979054931248026,1.21650265947285,1.27186015883136,2.64567500267864,2.67062475527048,3.0078855595266
"FR-Fon",48.476358,2.780096,104,"DBF","Cfb",720,-603.6863279,-1098.412695,494.7263671,11.73160231,6.337848907,0.743590554,7.775586756,0.407020255,0.657636131,2.475663358,0.036935968,45,16,-0.095131925,0.115847,"NO",1.00358976125717,0.930109870433807,0.994871759414673,-0.0283516814932227,0.700952458381653,0.651648461818695,1.82073259353638,2.00871801376343,1.75545787811279,0.731282210350037,0.344102531671524,1.34065933227539,0.61237785648939,0.625328279975569,0.827563332506342,4.72943425556587,4.91318517326823,4.54121569330193
"GF-Guy",5.2788,-52.9249,48,"EBF","Am",3041,-242.0914696,-1811.298048,1569.206579,25.66107468,0.771770947,0.197749849,4.099093513,0.406132482,0.652618429,3.473833533,0.071988735,23.96599197,13,-0.163512014,0.001385122,"YES",1.05978004932404,1.25084223747253,1.11706922054291,1.36703283786774,1.16417551040649,1.24490902423859,1.10505492687225,1.28769240379334,1.31010982990265,1.29047539234161,1.280073595047,1.18366360664368,0.311303822,0.380332296065276,0.379910597536404,8.06319657163213,8.32574997961848,7.82429136942548
"IL-Yat",31.345045,35.051989,652,"ENF","Csa",285,-135.9926526,-365.3372314,229.3445787,18.43318997,5.86446692,0.372876544,9.824962402,0.199712568,0.345882878,0.591109075,0.012995059,20.85048294,15,-0.034560881,0.670937149,"NO",1.0940660238266,0.743369925022125,0.310109987854958,1.43238112926483,1.16161189079285,1.32974336147308,1.25347969532013,1.38761878013611,1.34923038482666,1.56717953681946,1.51340646743774,1.0336265206337,1.15969490876984,1.36996921470511,1.08080524032262,1.41443480078431,1.43308829976305,1.38054477321309
"SE-Deg",64.182,19.5565,270,"GRA","Dfc",523,-53.96449781,-117.1829184,63.21842064,2.574950296,9.239131039,0.779989531,7.734297508,0.234077802,0.448740659,0.864820523,0.016456028,81.22222137,20,0.065345712,0.169112517,"YES",3.23831491470337,2.99692311286926,3.67706980705261,1.69912092685699,2.48923082351685,2.44102559089661,1.66549472808838,1.92710649967194,1.48234424591064,2.34219779968262,2.04175827503204,2.09743585586548,0.866105110111526,2.02798674505785,1.72712365674187,1.35918111204271,1.59981280063273,1.79095097165111
"IT-SR2",43.732022,10.29091,13,"ENF","Csa",920,-225.850467,-1225.285127,999.4346603,15.70978459,6.185564403,0.37104273,4.935218686,0.363377049,0.775849726,2.545288236,0.039690909,76.83000183,8,-0.057930691,0.560926054,"YES",1.56373628973961,1.58782052993774,1.08598898351192,0.317124538123608,1.02802203595638,1.01721604168415,1.91382771730423,2.26913946866989,2.21108055114746,1.40989050269127,0.500640958547592,1.42774730920792,0.752759697575721,1.02452068533535,1.06331907147673,6.58058729585567,6.89176148989999,6.48004790249848
"CH-Dav",46.8153,9.8559,1639,"ENF","Dfc",1062,-83.56311443,-565.4874225,481.9243081,4.736062045,6.663715634,0.498014174,7.223789887,0.203118785,0.428652486,0.978957008,0.017675198,94.02565002,15,-0.157654208,0.008669773,"NO",2.8498899936676,2.57633709907532,1.96769244670868,0.419194197654724,0.992454195022583,1.03553117513657,2.29897441864014,2.26161170005798,2.20813188552856,1.65289375782013,1.12923078536987,2.58710622787476,0.728378876530756,1.33408951699271,1.13749618894769,4.61634786191595,5.30700352806105,4.43574821259841
