"site_ID","comments","vegetation","acclimation_strength","acclimation_significant_level_p","LAT","LONG","ELEV","IGBP","MAT","MAP","Climate_class","LATabs","NEE","NEE_day","NEE_night","MATA","SSTA","IATA","RDTA","RSTA","MATS","SSTS","IATS","RDTS","RSTS","EVI","NDVI","Fpar","Lai","Gpp","Forest.type","age","Forest.age","GSOC","AI","bdod","nitrogen","phh2o","sand","silt","soc","clay","SMC30cm","SMN30cm","CN30cm","SMC100cm","SMN100cm","soc_obs","sn_obs","ph_obs","soc_mix","ph_mix","nyear","strgth","strgth_p","r3","r3_p","r3avg","r3avg_p","r3avg05","r3avg95","dTS_gs","SWC_use","significant"
"US-Uaf","too few qualified data; not a good example","forest",-0.04288,0.4645,64.8663,-147.8555,155,"ENF",-2.9,263,"Dwc",64.8663,-43.4421083505497,-203.193879716592,159.751771366043,-3.15870132603901,15.1824726721634,0.813147273172666,11.9859813864375,62.7388447023148,-0.657825923646494,7.50420959651746,1.21483514274534,2.75825796312856,27.0473965069444,0.179164665127021,0.394520554272517,0.293064182194617,0.712008286542443,0.0124332015810277,"dominant sp/Black Spruce; dominant sp/multiple shrubs, mosses, and sedges",94,"85 by 2011",92,0.4581,0.800000011920929,10.1500000953674,5.30000019073486,11.9000000953674,43.5,158.75,44.5999999046326,121.763000488281,20.2015991210938,6.02739429473877,174.740997314453,28.9911003112793,NA,NA,NA,158.75,5.30000019073486,9,-0.0431220781946279,0.460919351940685,-0.0367078762554351,0.502920874767901,-0.035127134717747,0.510365236671774,-0.131095993911607,0.0608417244761133,2.38265593156329,"YES",FALSE
"CA-Ca3","very long growing season, modeled soil temperature","Evergreen Needleleaf Forests",-0.22432,0.03104,49.5346,-124.9004,171,"ENF",9.94,1676,"Cfb",49.5346,-401.961586092888,-911.571156937309,509.609570844421,12.1122032615971,6.64838429329081,0.790508783327343,7.02377204305193,30.977380739708,9.80928506486189,6.35580428282155,0.466025245661086,4.75500196202263,22.158376660165,0.476286338797814,0.839664296721311,0.766051187659963,3.91032913619744,0.0297522727272727,"very long growing season, modeled soil temperature",32,"planted in 1988 with Douglas-fir (75%), western red cedar (Thuja plicata Donn) (21%) and grand fir ",80.0833282470703,1.774,1.5,9.79999995231628,4.45000004768372,26.7000000476837,44,52.25,29.2999999523163,58.5355987548828,13.140700340271,4.45452642440796,70.6891021728516,15.8690996170044,93.7779,NA,5.6,93.7779,5.6,13,-0.236358726704188,0.0311026630318969,-0.240950244966064,0.0388185833219439,-0.243719510604319,0.0351923156303851,-0.426042174490048,-0.0613968467185898,1.87689529255167,"NO",TRUE
"CA-Cbo","data has lots of gaps","Mixed Deciduous, Borden Forest ",-0.07047,0.0003179,44.3167,-79.9333,120,"DBF",6.66,876.34,"Dfb",44.3167,-317.77376101825,-829.927328688369,512.15356767012,7.39930643578235,9.9685108198533,0.711017084164415,9.21555674705501,44.4355573640386,9.12843674086926,7.92498180219883,0.878195545167642,1.65308049324836,24.5373193550127,0.30690364298725,0.518906739344262,0.544387568372943,2.19533824195612,0.0278348814229249,"data has lots of gaps",85,"The average age of the CA-Gro forest in 2013 was estimated to be between 75 and 80 years old",67.8214263916016,0.956,2.10000002384186,12.7000000476837,4.14999985694885,25.4500000476837,41,56.9500007629395,33.5499999523163,87.4158020019531,7.12588977813721,12.267352104187,131.037994384766,10.6819000244141,NA,NA,NA,56.9500007629395,4.14999985694885,13,-0.070904442886893,0.000709897100566048,-0.070034510534892,0.000519305582537705,-0.0698398538843813,0.000533815967878087,-0.0958485037891375,-0.0438312039796251,6.61158188120563,"YES",TRUE
"US-Ha1","no soil moisture at this site","forest",-0.12271,0.1425,42.5378,-72.1715,340,"DBF",6.62,1071,"Dfb",42.5378,-249.878730963905,-730.12119448466,480.242463520755,8.33361894621236,9.82644298782844,0.824807467168885,8.06329521662103,41.4664215686275,8.73243443879141,6.46001996006193,0.241883497315594,2.89244807774541,19.9630080712879,0.407885428051002,0.696744260837887,0.625886654296161,2.52367462595978,0.0288314229249012,"Mixed forest, oak/maple dominated",110,"100-120 years",76,1.0976,2.55000001192093,11.25,4.25,32.3499999046326,46,138.199996948242,21.6500000953674,156.643005371094,22.6518001556396,6.91525650024414,242.57600402832,35.078498840332,NA,NA,4.425,138.199996948242,4.425,17,-0.127834267808032,0.0708308887751376,-0.133088134318332,0.0678435763548393,-0.133216892388067,0.0679335640372164,-0.251929655219606,-0.0145041295565283,1.53482865285521,"NO",TRUE
"US-Ha2","no storage flux; temperature increase in this forest is very consistent; no acclimation; temperature is low and continuous increasing; ","forest",-0.033,0.4735,42.5393,-72.1779,360,"ENF",6.56,1071,"Dfb",42.5393,-451.445661275599,-789.653729278077,338.20806800248,8.38081994189304,9.99275738475835,0.454056189483563,8.2214507385442,43.8658390997024,9.36537193556555,6.16711779114125,0.639856248061267,0.97337689225573,19.081994047619,0.407885428051002,0.696744260837887,0.633884826325411,2.58007316745887,0.0289045454545455,"Hemlock dominated stand",300,"never fully cleared since start of historical records of European settlement",76,1.1085,3.05000001192093,11.3000001907349,4.40000009536743,32.8499999046326,45.5,142.650001525879,21.6500000953674,156.643005371094,22.6518001556396,6.91525650024414,242.57600402832,35.078498840332,68.6666666666667,NA,3.85,68.6666666666667,3.85,14,-0.0330025116070151,0.473494111154347,-0.0342796635771284,0.463247208290717,-0.0351925832661288,0.450574641723168,-0.115620245788871,0.0452350792566138,3.05044422947686,"NO",FALSE
"US-Var","I have to remove not CO2 measured data","grassland",-0.01358,0.6989,38.4133,-120.9508,129,"GRA",15.8,559,"Csa",38.4133,-2.38259500551681,-272.807404591983,270.424809586467,16.0688467861895,6.68947671792993,0.635297251910202,14.5029873927079,29.110511064693,18.9238404319111,7.78378980097532,0.736675173661735,11.4977143064361,27.4652398483508,0.275641347905282,0.479888524590164,0.421946983546618,1.06499086709324,0.0207024703557312,NA,NA,NA,42,0.3346,3.64999997615814,10.8999999761581,3.55000001192093,22,41,38.25,37,77.7414016723633,12.4230003356934,6.25786018371582,100.781997680664,16.1047992706299,NA,NA,NA,38.25,3.55000001192093,19,-0.00256204974983177,0.945028685072094,-0.00299773162327139,0.936027891047457,-0.00358103253465165,0.924767080097934,-0.0685797901109487,0.0614177250416454,3.37957894631814,"YES",FALSE
"US-Ton","Top can vary with TS of growing season for both sites. [Temp not very important]","Savanna",0.0173,0.6696,38.4309,-120.966,177,"WSA",15.8,559,"Csa",38.4309,-87.78523895342,-518.067546056354,430.282307102934,16.503419897962,6.71113323427533,0.635855937074648,11.6892912789663,29.3785905989583,17.5742807005872,6.06514386859192,0.526733701964195,4.51115736402533,21.5706341145833,0.244297267759563,0.462846083788707,0.41510054844607,1.02266911279708,0.0211383399209486,"Woody Savannas (Blue oak trees with understory grasses)",NA,"300 years (Thompson et al. 2011)",36,0.3442,4.19999998807907,10.2999999523163,3.59999996423721,22.5499999523163,41,36.5,36.4500000476837,77.7414016723633,12.4230003356934,6.25786018371582,100.781997680664,16.1047992706299,NA,NA,NA,36.5,3.59999996423721,16,0.0173222806421533,0.669559143296845,0.0145619384735305,0.715457582473576,0.0144467213859212,0.716807759667203,-0.054295421905794,0.0831888646776363,3.26129795963542,"YES",FALSE
"US-Los","modeled soil temperature; no useful moisture data; gap in 2009, 2011-2013; only measurement in growing season in 2007, 2008, 2010; because no water data, the result could be problematic.","wetland",-0.001652,0.9698,46.0827,-89.9792,480,"WET",4.08,828,"Dfb",46.0827,-97.0916503184855,-364.569070969579,267.477420651094,5.13666808345838,11.5759953547035,0.866939282138142,11.272761684649,48.9348192857143,6.10578966451409,8.04582020327308,0.506726661922855,8.77424754970206,31.2205531355657,0.289120765027322,0.503046447176685,0.413135283272395,1.67084097577697,0.0270536561264822,NA,NA,NA,250,0.9325,4.55000001192093,7.25,4.15000009536743,31.5,45.5,45.5499992370605,23,197.871002197266,31.5522003173828,6.27122688293457,323.735992431641,51.6223983764648,86,8.4,NA,86,4.15000009536743,14,-0.00165237220462929,0.969847816749648,-0.00598103893870281,0.889360301764772,-0.00596352658269284,0.889861894256314,-0.0811050712652124,0.0691780180998266,3.29489929051564,"NO",FALSE
"US-Wkg","GS: July-Sept","grassland",-0.03347,0.4,31.7365,-109.9419,1531,"GRA",15.64,407,"Bsk",31.7365,-34.9499940204723,-113.565955780321,78.6159617598482,17.4669608433601,7.02418930337458,0.548858371123747,10.3123551792664,32.0196344635076,19.3937511992831,8.60770369901191,0.746737240495097,12.9762049929075,33.1613202001631,0.130761566484517,0.216930054644809,0.164351005484461,0.295155393418647,0.00674733201581028,NA,NA,NA,16,0.1682,5.19999998807907,12.6499999761581,4.19999992847443,36.1500000953674,38,14.9499998092651,25.8499999046326,54.0648002624512,7.82755994796753,6.90698003768921,70.0882034301758,10.1473999023438,5.83333333333333,NA,8.1,5.83333333333333,8.1,17,0.0360342272013664,0.532745189603036,0.0380809466426717,0.544342223869779,0.0381440858546187,0.54352076039735,-0.0694262581202034,0.145714429829441,5.97842261904761,"YES",FALSE
"US-SRM","Forest coverage is high; increase linearly with soil moisture","Savanna",-0.13784,0.005107,31.8214,-110.8661,1120,"WSA",17.92,380,"Bsk",31.8214,-2.04866338468936,-128.057718853267,126.009055468577,19.1929747030097,7.26881049887729,0.527757958630557,12.2300691688173,32.039076785371,23.2538651374669,8.33849166782251,0.535633508337034,13.4527507406708,32.9917217568563,0.156475409836066,0.26290218579235,0.231444241316271,0.387477148171846,0.00786818181818182,NA,NA,NA,15,0.1841,5.75,11.0500000119209,4.04999995231628,32.0999999046326,39.5,19.0500001907349,28.4000000953674,70.44580078125,10.9260997772217,6.44747924804688,94.0841979980469,14.592399597168,10.4783,0.98628,8.94,10.4783,8.94,17,-0.104356558663818,0.00208058134598249,-0.109988265594833,0.00117896421554691,-0.109916587606073,0.00118455669028029,-0.158216758714703,-0.0616164164974431,6.85998783222561,"YES",TRUE
"US-CMW","R2 of data fitting is very high","Semiarid riparian vegetation",-0.05892,0.026371,31.6637,-110.1777,1199,"DBF",17,288,"Bsh",31.6637,-369.041371708193,-671.465111887194,302.423740179002,17.0091675564964,7.454600938869,0.417830572193624,18.1466613109514,31.8795980392157,16.5732966077009,7.9721728930159,1.1085354976049,11.2780755106342,29.8019301532043,0.165610018214936,0.310798907103825,0.26117915904936,0.530073127056673,0.00991630434782609,"R2 of data fitting is very high",NA,NA,12,0.1415,6.19999998807907,12.6000000238419,4.29999989271164,29.4000000953674,38.5,18.6500000953674,32.0999999046326,58.8022994995117,8.62203979492188,6.8199987411499,76.2296981811523,11.1773996353149,NA,NA,NA,18.6500000953674,4.29999989271164,17,-0.0587182861621235,0.027333426102833,-0.05809681513726,0.0230980249924365,-0.0571650559254727,0.025062844245908,-0.0974338664044747,-0.0168962454464707,4.70081847558872,"YES",TRUE
"US-Ho1","not enough moisture data; Ta increases a lot; no SC, use NEE;","I do not know the differences between the two sites",-0.172,0.2465,45.2041,-68.7402,60,"ENF",5.27,1070,"Dfb",45.2041,-301.468643160986,-771.251803651561,469.783160490574,6.37870436722003,10.5055832967947,0.559052321548673,11.9295356572794,42.9673236850693,7.53826203056728,4.88070130251524,0.085049536940384,2.21725085774823,18.4779394043648,0.388709653916211,0.738639889799636,0.712586836654479,2.62879346060329,0.0280990118577075,"not enough moisture data; Ta increases a lot; no SC, use NEE;",109,"109; mean age of all trees >4 inches DBH",103,1.1181,6.55000001192093,12.5999999046326,4,23.8499999046326,43.5,138.900001525879,32.6500000953674,200.552993774414,31.7931995391846,6.30804681777954,328.123992919922,52.0167007446289,22.4,0.662,4,22.4,4,18,-0.133537277376429,0.375223443346235,-0.140361419095661,0.34019686586192,-0.134127450769612,0.35929478658162,-0.382236213813163,0.11398131227394,0.434134839306132,"NO",FALSE
"US-Ho2","no soil moisture data; only use modeled soil Temperature; no SC, use NEE;","closed conifer forest",-0.08646,0.2225,45.2091,-68.747,61,"ENF",5.13,1064,"Dfb",45.2091,-310.77301129343,-806.887636816483,496.114625523052,7.30229943220893,10.3156287433517,1.16634942111438,11.9692137367211,43.9211663973572,6.80447370281327,6.819562297357,0.239945003375148,3.27765653303934,20.38007351204,0.391009107468124,0.730902367395264,0.73018281535649,2.73418651352834,0.0277115612648221,"no soil moisture data; only use modeled soil Temperature; no SC, use NEE;",109,"109; mean age of all trees >4 inches DBH",112,1.1138,7.05000001192093,12.6999998092651,3.84999990463257,23.8499999046326,43.5,137.900001525879,32.6500000953674,200.552993774414,31.7931995391846,6.30804681777954,328.123992919922,52.0167007446289,23.4285714285714,0.662857142857143,4,23.4285714285714,4,18,-0.0864566955808518,0.22249876002441,-0.087037107659524,0.216243680214775,-0.089004390014102,0.200579681889989,-0.20540723245664,0.0273984524284357,1.04087563763691,"NO",FALSE
"US-GLE","John's site, very high elevation; 2017 may have problem, but does not affect result. ","Evergreen Needleleaf Forests",-0.06318,0.07845,41.3665,-106.2399,3197,"ENF",0.8,1200,"Dfc",41.3665,-42.1674098081793,-303.74826535394,261.580855545761,0.332191423096627,9.37434337922775,0.75892300061711,6.96551227255155,40.3132238653846,3.513255748487,5.28547962738285,0.540739156579223,3.6029877511504,16.3289969606553,0.193030601092896,0.393832604735883,0.228839122486289,0.447440587568556,0.00931353754940711,"John's site, very high elevation; 2017 may have problem, but does not affect result. ",NA,"400 but will beattle attack",34,0.4428,7.55000001192093,10.2999999523163,3.89999985694885,26.3499999046326,43.5,62.7999992370605,30.1500000953674,371.274993896484,21.1359996795654,17.5660018920898,448.360992431641,25.524299621582,NA,NA,NA,62.7999992370605,3.89999985694885,13,-0.0656972005545511,0.0690900524961638,-0.0656755243451489,0.0758566669851574,-0.064922886871636,0.0837427914832671,-0.126240945363264,-0.00360482838000787,4.17665002070127,"NO",TRUE
"US-Me2","Oregon; mediterean; Is soil moisture important? Yes; ignoring soil moisture may overestimate acclimation; we do not has enough data for soil moisture","Evergreen Needleleaf Forests",-0.17028,0.06959,44.4526,-121.5589,1253,"ENF",6.28,523,"Csb",44.4526,-352.598034904017,-794.334843163624,441.736808259608,7.98760051208734,7.88947554109487,0.60097061954183,7.80370904549094,35.4158908490758,7.81889415611509,7.62499453793847,0.427392846113064,10.0706512964172,26.5789138020833,0.303453005464481,0.599737887067395,0.596389396617916,1.73537479597806,0.0260432806324111,"Oregon; mediterean; Is soil moisture important? Yes; ignoring soil moisture may overestimate acclimation; we do not has enough data for soil moisture",71,"The stand was initiated ca. 1915, but the mean stand age is 71 years old",122,0.7376,8,8.04999995231628,4.04999995231628,28.5499999523163,45.5,63,25.9500000476837,191.565994262695,38.9334983825684,4.92033863067627,370.174011230469,75.2333984375,0.22228619983,0.00875683510773333,NA,0.22228619983,4.04999995231628,10,-0.16952601339692,0.0756501279161217,-0.154657909186464,0.0841223795706725,-0.152337721954895,0.0917401606334365,-0.300220273739096,-0.0044551701706933,2.61252373837982,"NO",TRUE
"US-NR1","Subalpline forest, soil temperature is low, one year Ts has problem. Good quality data","Evergreen Needleleaf Forests",-0.12051,0.00248,40.0329,-105.5464,3050,"ENF",1.5,800,"Dfc",40.0329,-196.563354627119,-442.478517400424,245.915162773304,2.34504382823075,8.80854579967082,0.510132141473788,7.42404355798684,39.893826754386,2.73408270164126,4.00635435995308,0.258281173364782,1.73129575222841,12.6487796052632,0.262152094717668,0.511645173041894,0.520457038391225,1.28985376243144,0.0198763833992095,"Englemann Spruce, subalpine fir, and lodgepole pine. Most roughly 120-yrs-old, although some as old as 250 years.",120,"",41,0.4307,8.55000001192093,10.5999999046326,3.50000011920929,28.6500000953674,43.5,61.1500015258789,27.8499999046326,378.917999267578,21.4377002716064,17.6753101348877,457.591003417969,25.8887004852295,NA,NA,NA,61.1500015258789,3.50000011920929,19,-0.120120122482211,0.00253843076685012,-0.121958123673292,0.00242220118383015,-0.122800969095604,0.00240179036230022,-0.182784148428587,-0.0628177897626214,1.67418013823502,"YES",TRUE
"US-WCr","long-gaps, many year's data has some problems, willowcreek","Deciduous Broadleaf Forests",-0.06301,0.2816,45.8059,-90.0799,520,"DBF",4.02,787,"Dfb",45.8059,-264.609769896265,-594.745210851073,330.135440954809,5.29087240863479,11.5647223659601,0.944811535907931,8.53884091264436,48.1788664596218,8.153864686661,6.80069377713954,0.636161143359757,1.58401691520571,20.6965883184757,0.32477700729927,0.510299998722628,0.456243144332724,2.00776968235832,0.0256971343873518,"US-WCr: Maple, ash, basswood, roughly 90 years",90,"",39,0.9236,9.10000002384186,8.09999990463257,3.60000014305115,27.4000000953674,46,47.25,26.5999999046326,197.5,31.2812004089355,6.31369638442993,323.128997802734,51.1790008544922,100.865,7.4,NA,100.865,3.60000014305115,14,-0.0676187295232129,0.242388866037568,-0.0718443243344291,0.217294403547306,-0.0719156974611401,0.216860449592484,-0.170247215837793,0.0264158209155128,2.47932772090841,"YES",FALSE
"US-UMB","I should use base data in the future; night NEE reduced a lot?","Deciduous Broadleaf Forests",-0.01946,0.3589,45.5598,-84.7138,234,"DBF",5.83,803,"Dfb",45.5598,-205.280762413287,-642.31357114613,437.032808732843,7.16123643859738,10.6152202381198,1.07206338394006,7.40314150505992,44.0809557583333,8.53878915319323,7.02648686474414,0.643331563058678,1.86684478572385,21.2095315068516,0.325870383912249,0.505593966361974,0.460493601371115,2.09945158994516,0.0371942687747036,"I should use base data in the future; night NEE reduced a lot?",97,"After heavy logging, fire swept through the area in 1923 creating an even aged forest",40,0.8176,9.55000001192093,9.09999990463257,3.94999992847443,34.0999999046326,45,59.4000015258789,20.9000000953674,156.940002441406,24.2873001098633,6.46181344985962,256.768005371094,39.736400604248,26.8,0.57,5.59,26.8,5.59,11,-0.0194637155407502,0.35893328415334,-0.0198197340478905,0.352977957480633,-0.0196741189082623,0.35817086413797,-0.0569178043314843,0.0175695665149597,1.70076471144783,"YES",FALSE
"US-MMS","no SC and no NEE; other data are good; increase NEE","Deciduous Broadleaf Forests",-0.06802,0.01933,39.3232,-86.4131,275,"DBF",10.85,1032,"Cfa",39.3232,-357.652665385227,-761.085141855148,403.432476469921,12.4621887484556,10.0974310412003,0.709031044163476,7.95234288460012,41.2890619923927,11.8963360303011,6.88317144764108,0.514236348096168,1.59072270755471,22.6868287925181,0.401095810382514,0.656686701275046,0.586361973857404,2.60429620063985,0.0344928853754941,"no SC and no NEE; other data are good; increase NEE",70,"70 unsure how this was determined",35,0.9318,10.1499999761581,15.1500000953674,3.39999997615814,6.95000004768372,38,56.3999996185303,55.0499999523163,69.6320037841797,13.382399559021,5.20325231552124,107.832000732422,20.7238998413086,NA,NA,NA,56.3999996185303,3.39999997615814,23,-0.0676223903079252,0.019551965619359,-0.0675154103277257,0.0237551347845229,-0.0669371300977876,0.0244807614078838,-0.114460623158001,-0.0194136370375746,2.75166524610963,"YES",TRUE
"US-PFa","miss lots of SWC; lack of acclimation, why?","Mixed Forests",-0.02168,0.5378,45.9459,-90.2723,470,"MF",4.33,823,"Dfb",45.9459,7.9757478127339,-304.518291840161,312.494039652896,5.43213132652113,11.700200630033,1.22074153431514,8.59521881186624,50.2540357051282,9.18085183763021,9.20171446275783,0.423565343326764,5.15604679537811,30.8645762732362,0.324410382513661,0.566614753916211,0.475950639853748,1.79808046480804,0.026448418972332,"miss lots of SWC; lack of acclimation, why?",106.3333333,"125-150; ~2005; Wetland Stands, P. Bolstad; 70-80; ~2005; Sugar Maple, P. Bolstad; From Ryan Anderson WLEF biomass spreadsheet",332,0.9052,10.5500000119209,8.25,3.79999995231628,33.0999999046326,45.5,45.1499996185303,21.4000000953674,197.5,31.2812004089355,6.31369638442993,323.128997802734,51.1790008544922,100.865,7.4,NA,100.865,3.79999995231628,13,-0.0216835380413456,0.537780370384535,-0.0191677173139915,0.577341183073943,-0.0188906039126763,0.58763127441708,-0.0796243991980255,0.041843191372673,4.14600529898393,"NO",FALSE
"US-Syv","considered SWC; although acclimation, but monotonic relationship remains worrying","Mixed Forests",-0.09215,0.09219,46.242,-89.3477,540,"MF",3.81,826,"Dfb",46.242,-150.437991446755,-563.193490640491,412.755499193735,4.55690798759603,11.5848927762783,1.03511427402186,8.03208243081641,47.3401720416667,6.95501528156414,6.74692788850216,0.43648367288175,1.70638089586493,20.5433177002687,0.269279599271403,0.511117668123862,0.446782449725777,1.79716638994516,0.0260370553359684,"considered SWC; although acclimation, but monotonic relationship remains worrying",350,"It consists of trees aged up to 350 years old",188,0.9559,11.0500000119209,7.70000004768372,3.70000004768372,27.4500000476837,45.5,52.6500015258789,27.0499999523163,197.897994995117,31.582799911499,6.26600551605225,323.778991699219,51.6724014282227,104.67,NA,NA,104.67,3.70000004768372,10,-0.0998785720887855,0.0970416170823882,-0.103944884821739,0.0870309885990984,-0.104061904933716,0.0868317245253377,-0.20323606384547,-0.00488774602196214,3.07796541666666,"YES",TRUE
"US-Whs","OSH; adapted to soil moisture too; A semiarid Chihuahuan Desert shrubland","Shrublands",-0.15242,0.0311,31.7438,-110.0522,1370,"OSH",17.6,320,"Bsk",31.7438,15.0439049241259,-31.5361151535443,46.5800200776702,17.1201932654823,7.40634181025709,0.482012043009751,15.0868487910329,32.5022303030309,20.903748015058,9.2537995301603,0.586651334645204,22.2133357064545,35.6364027777764,0.116662295081967,0.196230054644809,0.156636197440585,0.254113345521024,0.00570839920948617,NA,NA,NA,7,0.1499,11.75,9.44999998807907,4.45000010728836,35.4500000476837,40.5,14.8000001907349,24.0499999523163,58.8022994995117,8.62203979492188,6.8199987411499,76.2296981811523,11.1773996353149,NA,NA,NA,14.8000001907349,4.45000010728836,15,-0.12258087748626,0.0991989824522823,-0.136922556515734,0.109307376283012,-0.137406378571693,0.108621157385179,-0.278655811965304,0.00384305482191785,3.6237529342723,"YES",FALSE
"US-ICt","Tundra is more productive than dryland? Not enough data; no soil temperature data; R2 is too low","tundra",-0.3063,0.0201,68.6063,-149.3041,930,"OSH",-7.4,318,"ET",68.6063,-2.68332875543156,-3.14695529868094,45.7166087490395,-5.47710956863399,11.7904778869132,0.888020401247273,6.77543000870477,49.6849356060606,-1.2263647933637,4.60283624760567,0.724608351387672,1.66847045283171,17.0945452441077,0.312571204188482,0.530333507853403,0.220216154721274,0.446757683048919,0.00639367588932806,NA,NA,NA,128,0.552,11.6500000059605,17.3499999046326,9.05000019073486,22.5,39.5,223.5,38,104.61499786377,23.5655002593994,4.43932867050171,171.160003662109,38.5554008483887,NA,NA,NA,223.5,9.05000019073486,11,-0.306282243212929,0.0201315255473818,-0.331076229079552,0.020675616522549,-0.330957680721818,0.0211456688012368,-0.548614470053447,-0.113300891390189,3.83922770467836,"NO",TRUE
"US-ICh","OSH","tundra",-0.14684,0.004641,68.6068,-149.2958,940,"OSH",-7.4,318,"ET",68.6068,14.8242391630426,0.580109470756224,49.0378016105086,-6.61624533015833,12.6319462512198,1.23477061347788,7.4106678037332,54.5054797979167,-0.554791309545279,4.28696988928064,0.679179830168031,1.17045725850114,16.9415466597796,0.302821243523316,0.518109844559586,0.209249146757679,0.4220705370876,0.00621136363636364,NA,NA,NA,128,0.5534,12.1500000059605,16.9000000953674,8.59999990463257,22.5,39.5,207.149993896484,38,104.61499786377,23.5655002593994,4.43932867050171,171.160003662109,38.5554008483887,NA,NA,NA,207.149993896484,8.59999990463257,11,-0.13847725790854,0.00744324720412585,-0.157232239742621,0.00894808071044809,-0.157539707302702,0.00873249144965578,-0.244138722727765,-0.0709406918776391,2.84370519230769,"NO",TRUE
"US-ICs","WET","tundra",-0.06643,0.41,68.6058,-149.311,920,"WET",-7.4,318,"ET",68.6058,81.0279200169488,17.9558840450902,85.5281379320083,-6.54121856072623,12.7960099178417,1.11773395212912,8.30155097031482,54.8267958333333,-1.8295104457551,4.70629762361111,1.01144940164837,1.80320453135309,17.8466083333333,0.312571204188482,0.530333507853403,0.223765642775882,0.456655293060296,0.00648942687747035,NA,NA,NA,128,0.5501,12.6500000059605,17.4499998092651,9.10000014305115,23,40,229.050003051758,37,104.61499786377,23.5655002593994,4.43932867050171,171.160003662109,38.5554008483887,NA,NA,NA,229.050003051758,9.10000014305115,10,-0.0664282645393221,0.413823379800366,-0.0784723109348676,0.330940698897291,-0.077093664556203,0.338960606188792,-0.21806907618273,0.0638817470703235,3.11537792776134,"NO",FALSE
"US-SRG","super slow to predict soil temperature; good data quality except missing soil temp","grassland",-0.06636,0.1878,31.7894,-110.8277,1291,"GRA",17,420,"Bsk",31.7894,-41.9378705936974,-229.907905652872,187.970035059174,18.944082895336,7.14760688439522,0.522614019075414,11.7640173336417,32.5574596354167,17.4422689030369,8.81104601600227,0.443964465176246,9.01789023363717,33.3210360885893,0.170891803278689,0.282312021857923,0.236069469835466,0.430438757678245,0.00899575098814229,NA,NA,NA,25,0.2232,13.6999999880791,10.1000000238419,3.90000009536743,33.9500000476837,40.5,19,25.5499999523163,70.44580078125,10.9260997772217,6.44747924804688,94.0841979980469,14.592399597168,NA,NA,NA,19,3.90000009536743,16,-0.0663407417458157,0.187996925971277,-0.0722432799643698,0.163620058312743,-0.0730023607017883,0.16068559517064,-0.159805480286047,0.0138007588824701,2.90191861020254,"YES",FALSE
"US-IB2","high-quality data","grassland",-0.04383,0.01476,41.8406,-88.241,226.5,"GRA",9.04,930.25,"Dfa",41.8406,-215.190224689765,-646.961560915296,431.77133622553,9.22371381456721,10.87413982615,0.854793118557783,10.0816226495385,46.7321180555556,12.590215906889,8.48495909542699,0.719931597010181,2.76782392829621,27.0874855324074,0.31639168207024,0.492161367652495,0.417696526508227,1.2414990988117,0.0242859683794466,NA,NA,NA,124,0.8154,14.1999999880791,22.8499999046326,5.45000004768372,7.75,32.5,52.4500007629395,59.75,166.688003540039,25.891300201416,6.43799257278442,222.621002197266,34.5792007446289,48.6,4,7.46666666666667,48.6,7.46666666666667,12,-0.0438339553723834,0.0147576488346568,-0.0421205054344982,0.0131285560513643,-0.0421056386063036,0.0131739630895284,-0.0674805568851946,-0.0167307203274126,3.80080973968844,"NO",TRUE
"US-Kon","","grassland",-0.07986,0.01464,39.0824,-96.5603,417,"GRA",12.77,867,"Cfa",39.0824,-163.004513256468,-678.259553130775,515.255039874307,13.1471599890853,10.7972762734909,1.04835872611716,11.9630579914236,46.5161383990586,13.3337654787272,9.59416003423174,1.42933067684491,5.79852840010323,33.0804584132776,0.295653832116788,0.469030839416058,0.405831809872029,1.13802560904936,0.0198810276679842,NA,NA,NA,55,0.5795,14.6499999761581,18.9500000476837,4.40000009536743,6.65000009536743,33,47.7000007629395,60.3499999046326,182.744003295898,31.0142002105713,5.89226865768433,244.063995361328,41.4211006164551,NA,NA,NA,47.7000007629395,4.40000009536743,11,-0.0798552590284266,0.0146401013442703,-0.0708159762860374,0.018102484652468,-0.0709161221405207,0.0177732085108462,-0.115838422825523,-0.0259938214555181,8.90991813524336,"NO",TRUE
"US-MOz","more like hardwood, I see interannual variation, but not thermal acclimation; transition between hardwood and grassland","DBF",-0.02275,0.6649,38.7441,-92.2,219.4,"DBF",12.11,986,"Cfa",38.7441,-364.682650624449,-784.665595107283,419.982944482834,13.5330948266472,10.4398322239193,1.07303018569697,9.66455852877726,44.4831245830171,13.0928835604642,7.62778234515781,0.682663502577709,1.77554302830652,25.4584448035714,0.379153369763206,0.653207284881603,0.604076782449726,2.52733093537477,0.0331198616600791,"more like hardwood, I see interannual variation, but not thermal acclimation; transition between hardwood and grassland",77,NA,45,0.7388,15.1499999761581,15.5,3.79999989271164,10.5,37.5,52.75,52,95.465202331543,16.5552005767822,5.76647806167603,147.837005615234,25.637300491333,NA,NA,NA,52.75,3.79999989271164,14,-0.0227705040823324,0.664372204633862,-0.0321814746289146,0.556033787626355,-0.0325280605797359,0.554951599081748,-0.127986104207791,0.0629299830483193,2.3842572312754,"YES",FALSE
"US-NC2","only use FC; the whole year is growing season? Plantation","mixed forests",-0.09198,0.449,35.803,-76.6685,5,"ENF",16.6,1320,"Cfa",35.803,-531.900325200168,-1343.79946200458,811.899136804413,15.9933242327749,8.01447330267406,0.459475052410866,10.1360899262471,33.9254421950758,15.7985103556806,6.22599331119965,0.3744141599002,1.80947081808825,22.0062121212121,0.410731876138434,0.736830782149362,0.815356489853748,4.28464355868373,0.0381136363636364,"pine forest",20,"13-28",134,0.8915,15.6999999880791,13.3499999046326,3.49999988079071,24.9000000953674,40.5,64.7999992370605,34.5999999046326,92.4234008789062,9.97926044464111,9.26154804229736,132.636001586914,14.3212003707886,NA,NA,NA,64.7999992370605,3.49999988079071,11,-0.0919772729418989,0.448584180252013,-0.0854188832351195,0.465905862472195,-0.0850105489486157,0.47140866044915,-0.29230858144019,0.122287483542958,1.26889315961,"NO",FALSE
"US-Bar","seems good data; very similar to the NC2; New Hampshire","DBF",-0.2224,0.003563,44.0646,-71.2881,272,"DBF",5.61,1245.77,"Dfb",44.0646,-215.121678402617,-609.313605067267,394.191926664651,7.41133036056563,10.1744358726784,0.595564093316132,9.88268138107997,44.8813123649691,7.7702587523691,6.47506869615865,0.314749441221748,1.20511712147709,19.6097436554784,0.392827686703097,0.650909652459016,0.568418647074954,2.28254116819013,0.0280783596837945,"seems good data; very similar to the NC2; New Hampshire",99,"99; based on aging of cores extracted from trees in 12 FIA-style plots",56,1.2788,16,11.5,5.40000009536743,32.8499999046326,46,111.25,21.1500000953674,192.367004394531,28.0830993652344,6.84992074966431,297.898986816406,43.4893989562988,11.3333333333333,NA,NA,11.3333333333333,5.40000009536743,12,-0.222396203661609,0.00356307516517714,-0.224890099082512,0.00414727648044544,-0.226509783217852,0.00367338687292993,-0.335463247044788,-0.117556319390917,1.60268074109415,"YES",TRUE
"CA-Oas","good quality data; highly determined by climate; Subarctic: severe winter","DBF",-0.01804,0.5989,53.6289,-106.1978,530,"DBF",0.34,428.53,"Dfc",53.6289,-129.574124354087,-467.111055351719,337.536930997632,1.91686947040993,12.814118634815,0.936864253018566,8.17646762525889,54.6268169642857,4.52129618543158,5.77050083218809,0.512492003723069,0.897541272730789,18.7226800595238,0.262314468864469,0.453749082783883,0.390438756855576,1.68034737513711,0.02015,"good quality data; highly determined by climate; Subarctic: severe winter",85,"85",65.2142868041992,0.5551,16.5500000119209,10.25,3.74999988079071,28.1500000953674,40.5,31.8999996185303,31.3499999046326,785.476989746094,68.2158966064453,11.5145740509033,948.56298828125,82.3793029785156,34.4738333333333,1.86613166666667,7.35583333333333,34.4738333333333,7.35583333333333,14,-0.0180445668498176,0.598852204392243,-0.0188356440765744,0.586351213323409,-0.0185299122202452,0.589929316525291,-0.0781714920249699,0.0411116675844794,2.08690559294872,"YES",FALSE
"CA-TP4","This site is becoming much drier; ","ENF",-0.02949,0.3715,42.7102,-80.3574,184,"ENF",8,1036,"Dfb",42.7102,-167.488229695354,-725.601298849282,558.113069153926,9.30552856031529,10.2362802395225,0.798726290964283,7.57191973667058,42.8787380952381,9.80179474775566,7.84638541279791,0.817849107931769,2.15945090600965,25.7874598214286,0.366053467153285,0.650123721532847,0.651663619378428,2.51297992550274,0.0311314229249012,"CA-TP4 (80 year old). Both are evergreen needle leaf forests.",80,"",73.9967498779297,0.9959,17.1499999761581,9.90000009536743,4.65000009536743,38.1500000953674,44,52.7999992370605,17.8499999046326,31.5314998626709,8.14416027069092,3.87166976928711,60.9300994873047,15.7374000549316,36.7,0.67,4.75,36.7,4.75,14,-0.0294926008594468,0.371478305154596,-0.027752088856153,0.393379813850995,-0.0275802985153189,0.396519340135352,-0.0834855979731575,0.0283250009425198,2.51869761904763,"YES",FALSE
"CA-TP3","This site is also becoming much drier; the two sites can validate each other; ","ENF",-0.02297,0.4121,42.7068,-80.3483,184,"ENF",8,1036,"Dfb",42.7068,-503.708318046414,-964.27815765671,460.569839610297,9.05556398413782,10.2368578272973,0.876344187705789,7.81224834382699,43.0349583333333,9.29128229432301,7.76071094193056,0.53951345186635,2.33798463363446,25.5422895833333,0.34010200729927,0.610566058211679,0.620822668829982,2.23446072998172,0.0317663043478261,"Sites CA-TP3 (45 year old) ",45,"",81.3068237304688,0.9912,17.6499999761581,12.6500000953674,4.34999990463257,30.6500000953674,41,56.7000007629395,28.3499999046326,31.5314998626709,8.14416027069092,3.87166976928711,60.9300994873047,15.7374000549316,36.4,0.67,4.55,36.4,4.55,10,-0.0229666579032448,0.41212115553631,-0.0231654790510484,0.415971960475801,-0.0230829402929981,0.416257604420866,-0.0731557077997809,0.0269898272137846,1.57505625,"YES",FALSE
"CA-Man","no soil water content; a forest site with balanced carbon budget; respiration is by temperature","ENF",-0.05031,0.5306,55.8796,-98.4808,259,"ENF",-3.2,520,"Dfc",55.8796,0.586188649615718,-229.67531929803,230.261507947646,-1.18153177161185,14.649520350134,1.40322214028178,9.82414774070952,59.2721015756524,2.84209867212119,5.74804960473378,0.30284328867455,3.93447385465538,20.6816201813696,0.18909781420765,0.445356830601093,0.40286106023766,0.992595988391225,0.0153848814229249,"no soil water content; a forest site with balanced carbon budget; respiration is by temperature",NA,"no info",125.353897094727,0.712,17.9499999880791,27.3500000238419,4.89999997615814,11.0499999523163,25,81.5999984741211,63.9500000476837,743.47998046875,122.946998596191,6.04715824127197,897.846008300781,148.473999023438,162.123831666667,1.06192816666667,5.114411977,162.123831666667,5.114411977,12,-0.0503060276628424,0.530587924650932,-0.0555889643854883,0.489195618524416,-0.0557902679244499,0.488063074914723,-0.196248408267489,0.0846678724185892,2.15042414400051,"NO",FALSE
"CA-LP1","this site is also drier than before. beetle (MPB)-attacked almost pure lodgepole pine stand","ENF",0.00357,0.9819,55.1119,-122.8414,751,"ENF",2,570,"Dfb",55.1119,-175.877006706556,-300.735260250011,124.858253543456,2.88609315614894,10.3319541032368,0.610190000092921,9.12329865753239,50.0634085416667,5.18246464301375,6.48253466765533,0.311489367257613,3.85602335775162,22.6774291666667,0.195904570383912,0.421291407678245,0.350859232175503,0.812797081535649,0.0153986166007905,"this site is also drier than before. beetle (MPB)-attacked almost pure lodgepole pine stand",NA,"no publication",70.6500015258789,0.8811,18.4499999880791,15.7999999523163,4.54999995231628,20.3499999046326,39,45.7000007629395,40.6500000953674,180.378997802734,31.0886993408203,5.80207586288452,295.118011474609,50.8639984130859,NA,NA,NA,45.7000007629395,4.54999995231628,10,0.00357041527684999,0.981874134490413,-0.0232243447080731,0.879262443648339,-0.0180450163614433,0.905830187404184,-0.292862307245221,0.256772274522334,1.7133898188861,"YES",FALSE
"CA-Ca1","good data quality, but again no acclimation; marine west coast","ENF",-0.02005,0.626,49.8673,-125.3336,300,"ENF",9.93,1369,"Cfb",49.8673,-373.758018249995,-1083.81887737918,710.06085912919,8.06549716797383,6.16182024463075,0.450077744464459,5.35769417084949,31.1712119965278,7.7996971388295,4.1056471817538,0.464273599310336,1.42046596353681,15.58675,0.364140255009107,0.743999270491803,0.636919560786106,2.50182819588665,0.0288378458498024,"good data quality, but again no acclimation; marine west coast",66,"54; Morgernstern, et al., 2004, mean age + 4 years; CCP DIS estimate for 2002 data + 6 years",63.875,1.9668,18.9499999880791,12.2999999523163,4.55000007152557,19.7000000476837,42,53.8999996185303,38.2999999523163,58.5355987548828,13.140700340271,4.45452642440796,70.6891021728516,15.8690996170044,75,70.25,5.6,75,5.6,12,-0.0200532943730915,0.626010325053176,-0.0187974405086117,0.660186216314695,-0.0198082860069911,0.638487585096949,-0.0939133564505581,0.0542967844365759,2.07558835872161,"YES",FALSE
"CA-Gro","8 years data, no acclimation; boreal mixedwood forest in northeastern Ontario","MF",0.0653,0.6568,48.2167,-82.1556,340,"MF",1.3,831,"Dfb",48.2167,-118.187576254855,-447.841326617863,329.653750363009,3.747624005689,12.3953468977739,0.981259806294779,9.20268481494161,51.5239041521991,5.64231215862806,6.35689944402072,0.29220171409475,3.4682334208224,21.0867604166667,0.295093624772313,0.557405281967213,0.506508226691042,1.8488117261426,0.0225695652173913,"8 years data, no acclimation; boreal mixedwood forest in northeastern Ontario",88,"74; JM Chen et al. (2006, Agricultural and Forest Meteorol",104.016235351562,0.9495,19.5,12.5499999523163,4.60000002384186,26.25,42,44.0499992370605,31.75,144.533004760742,22.3442001342773,6.4684796333313,236.468994140625,36.557300567627,23.5973171428571,1.57237333333333,6.37666666666667,23.5973171428571,6.37666666666667,8,0.0652997318125857,0.656783445228505,0.0650550171227008,0.661562211190686,0.0657914570924251,0.659548955172602,-0.210214063839264,0.341796978024114,1.66354122990915,"YES",FALSE
"CA-Obs","BERMS; Subarctic","ENF",-0.09485,0.05215,53.9872,-105.1178,628.94,"ENF",0.79,405.6,"Dfc",53.9872,-54.9845056915191,-316.594925804577,261.610420113057,1.21134075321369,12.9960980632628,1.1066687493451,8.73358877654583,55.4027339015151,2.93619631598729,4.46882947841351,0.493296324208448,0.963604396350476,15.479303030303,0.209253102189781,0.479189416058394,0.454122486288848,1.17586838226691,0.0173393280632411,"BERMS; Subarctic",111,"111; Mean stand age comments",130.318176269531,0.5658,20,6.55000001192093,3.60000002384186,35.0499999523163,44,24.9499998092651,20.9500000476837,320.343994140625,23.7812995910645,13.4704160690308,386.855987548828,28.718900680542,75.6175714285714,0.513837142857143,6.13809523809524,75.6175714285714,6.13809523809524,11,-0.0948516176158505,0.052148489099696,-0.09338331631342,0.0440628025628805,-0.0931251805861468,0.0442018543505556,-0.166156173454878,-0.0200941877174156,1.50873727220453,"YES",TRUE
"CA-Ojp","BERMS;","ENF",-0.02715,0.45645,53.9163,-104.692,579,"ENF",0.12,430.5,"Dfc",53.9163,-38.1157311708607,-234.602970822693,196.487239651832,1.44317915647469,13.1301267869147,0.984442340697887,9.26512990943435,55.022571969697,3.9900878292501,7.15768843730712,0.603897520575045,1.33740348023057,24.7314299242424,0.221184153005464,0.488610746812386,0.471773308957952,1.13418648263254,0.0164841897233202,"BERMS;",91,"measured followed Fluxnet-Canada protocol",102.477272033691,0.5816,20.5500000119209,5.05000001192093,3.74999994039536,41.5999999046326,45.5,18.5500001907349,12.9000000953674,602.518005371094,41.6525001525879,14.465350151062,727.617004394531,50.3007011413574,8.6849,0.434499,6.02333333333333,8.6849,6.02333333333333,11,-0.0271525320246053,0.456452362390117,-0.0284366879870116,0.440033098457773,-0.0266052677594825,0.465321782983999,-0.0905733773888353,0.0373628418698702,2.46380563725491,"YES",FALSE
"US-Jo2","extremely low R2 values. ","Open Shrublands in drylands",-0.004972,0.938,32.5849,-106.6032,1469,"OSH",17.5,282.3,"Bwk",32.5849,-174.961697898422,-245.953919211836,70.9922213134141,17.6408681115331,8.18706844255803,0.457703508923404,12.324499652384,34.18375,20.4145514733272,10.0637337401275,0.546287662434222,27.1816660470411,38.2153652777778,0.112643533697632,0.170639890710383,0.141756633119854,0.214181152790485,0.00464169960474308,"US-Jo2: Mixed shrubland with creosote bush, honey mesquite and mariola. Ages > 50 years",NA,"50 for shrubland, not forest",9,0.1282,21.25,9.34999999403954,4.30000001192093,35.5,41.5,14.9000000953674,23,33.0680999755859,4.9153299331665,6.72754430770874,42.8685989379883,6.37209987640381,NA,NA,NA,14.9000000953674,4.30000001192093,10,-0.00497193085262073,0.937845565880939,-0.00154105075517692,0.980098524900956,-0.00643451883187962,0.917774248099159,-0.118738592770711,0.105869555106951,2.31029931470222,"YES",FALSE
"US-MtB","arizona dry land; It grows the whole year around","ENF",-0.2992,0.08088,32.416,-110.7256,2573,"ENF",9.3,790,"Csb",32.416,-495.353627160772,-738.77445687628,243.420829715509,9.89011177161437,6.73120335073554,0.420454565781042,5.56309866145476,30.8236904671717,9.59252986283282,6.83562934337095,0.540839938952675,5.40544318665818,25.0291342592593,0.286684153005464,0.538273770491803,0.573866544789762,1.44351007294333,0.0153270750988142,"Mixed evergreen conifer forest",90,"~90 years",5,0.3967,21.5500000119209,9.15000009536743,4.10000002384186,33.7000000476837,45.5,45.8999996185303,20.7999999523163,36.608699798584,5.9051399230957,6.19946336746216,47.4584999084473,7.65526008605957,NA,NA,NA,45.8999996185303,4.10000002384186,9,-0.299233855138246,0.0808823718077815,-0.336958613703593,0.0814279570408812,-0.344881732926677,0.0800106106021041,-0.66425157803306,-0.0255118878202945,1.62630650740049,"NO",TRUE
"US-LL1","","Savannas; Mesic longleaf pine site",-0.03626,0.09563,31.2792,-84.5329,165,"SAV",20,1310,"Cfa",31.2792,-203.965057788011,-874.347700658117,670.382642870105,19.4159674776561,6.81546041409114,0.636935780309807,10.0165257884084,29.8240333793284,20.0217836619851,6.85204376330983,0.980873774026804,9.71622809964118,27.3896860795455,0.371546265938069,0.697580327868852,0.584213893967093,1.8748629130713,0.0339616600790514,"Longleaf pine US-LL1 trees are ~110 years old. ",NA,"",20,0.8254,22.1499999761581,7.54999995231628,3.0500001013279,40.1500000953674,44,28.7000007629395,15.8499999046326,74.9606018066406,11.5116996765137,6.51168823242188,112.36799621582,17.2562007904053,NA,NA,NA,28.7000007629395,3.0500001013279,12,-0.0362886014260412,0.0937834042593428,-0.040084213487565,0.0722252435194346,-0.0393620956795291,0.0761043799427849,-0.0754269455334971,-0.00329724582556112,3.64287234482505,"YES",TRUE
"US-BZB","Bonanza Creek LTER database","WET",-0.04266,0.4493,64.6955,-148.3208,100,"WET",-2.4,274,"Dfd",64.6955,14.095934455597,-150.513522986092,164.609457441689,-1.5524457746159,15.0686426800766,1.54297981128497,12.9814457917914,59.980080787037,4.17535824818856,5.63885994139258,0.486956483539066,1.95741696416463,18.7497018251029,0.210736946902655,0.438115486725664,0.259753086419753,0.612551445164609,0.0128106719367589,NA,NA,NA,78,0.4623,22.2000000029802,9.69999980926514,5.25,17.3499999046326,46,86.1500015258789,36.6500000953674,121.161003112793,20.2015991210938,5.99759483337402,173.876998901367,28.9911003112793,NA,NA,NA,86.1500015258789,5.25,9,-0.0462385329217057,0.429445703762273,-0.0511813284092631,0.338487992854166,-0.0511005614606229,0.339120947362522,-0.145479451417832,0.0432783284965865,5.48216394763375,"NO",FALSE
"US-BZF","Bonanza Creek LTER database","WET",-0.03604,0.6251,64.7013,-148.3121,95,"WET",-2.4,274,"Dfd",64.7013,11.2560626274588,-190.774164350444,202.030226977903,-1.1282881183206,14.9694430262027,1.58898848719176,12.023491134167,59.3892859375,4.14535528365688,5.85831114190129,0.710921147637175,0.629857951664336,18.3587721729167,0.224255579399142,0.452690772532189,0.346423432682425,0.891778016752312,0.0147922924901186,NA,NA,NA,91,0.4655,22.7000000029802,9.75,5.29999995231628,16.8499999046326,44.5,83.7000007629395,38.6500000953674,121.161003112793,20.2015991210938,5.99759483337402,173.876998901367,28.9911003112793,NA,NA,NA,83.7000007629395,5.29999995231628,8,-0.0360420009982672,0.625071985567174,-0.03877639776828,0.579572432160341,-0.0385776490325436,0.580836834247614,-0.167058108415067,0.0899028103499794,4.52961220727848,"NO",FALSE
"US-KL2","may not be used; it is harvest; and soil temperature is abnormal. ","grassland",-0.05254,0.04769,42.4768,-85.4468,258.3,"GRA",9.9,1027,"Dfa",42.4768,-263.119668264018,-650.348138992567,387.228470728548,9.32021508753712,10.5296910903344,0.880711625172847,10.2039741303919,43.992647101234,13.3107725566172,9.80928665818577,2.33608310065565,2.96071290000479,31.0160101839525,0.273933522727273,0.477414962121212,0.374533820840951,1.08601463738574,0.024449604743083,NA,NA,NA,29,0.8302,23.6499999761581,13,4.95000004768372,29.5499999523163,41,44.3999996185303,29.4500000476837,92.1751022338867,17.1527996063232,5.3737645149231,150.807006835938,28.0636005401611,NA,NA,NA,44.3999996185303,4.95000004768372,13,-0.052538749617181,0.0476949123239897,-0.0471364190510177,0.0427276835546679,-0.0468793607118834,0.0441909637455544,-0.083942935091233,-0.00981578633253377,12.025635597206,"YES",TRUE
"US-Ro4","R2 is super high","grassland",-0.04836,0.396,44.6781,-93.0723,274,"GRA",6.4,879,"Dfa",44.6781,-281.70662419166,-556.445471067855,274.738846876196,7.47100935451198,12.1251547986263,1.05680478332144,11.4481322879336,52.0107542293984,8.2239284039576,7.99359150125059,0.675552415889754,3.1000012081723,25.1992985406365,0.28491905697446,0.449071512770138,0.345173674497258,1.08482633747715,0.0216138339920949,NA,NA,NA,87,0.7088,24.1499999761581,11.5999999046326,4.39999997615814,25.5499999523163,41,42.3500003814697,33.4500000476837,136.061004638672,22.1156997680664,6.15223598480225,181.716003417969,29.5366992950439,NA,NA,NA,42.3500003814697,4.39999997615814,10,-0.048355066639847,0.396030215538617,-0.0501379987996937,0.392396587481776,-0.0500092215792373,0.393546492396005,-0.153140202319582,0.0531217591611077,3.18894722823034,"NO",FALSE
"US-KM4","natural","grassland",-0.04871,0.2864,42.4423,-85.3301,246.3,"GRA",9.9,1027,"Dfa",42.4423,-6.01384909385642,-527.299100885535,521.285251791677,9.19888443298007,10.4426683562123,0.969532711680583,10.7043551576929,43.7134940104167,9.5577649702836,7.65208138061169,0.567304428351644,1.95668112875278,23.1929793961403,0.303425461254613,0.483937084501845,0.400676416727605,1.20740403628885,0.0247349802371542,NA,NA,NA,370,0.8168,24.6499999761581,13.6500000953674,8.34999990463257,28.9500000476837,41.5,48.4500007629395,29.5499999523163,92.1751022338867,17.1527996063232,5.3737645149231,150.807006835938,28.0636005401611,NA,NA,NA,48.4500007629395,8.34999990463257,12,-0.048708285666331,0.286449127335116,-0.0481245642009813,0.29263272633081,-0.0481081835997841,0.292149941128208,-0.126519116547502,0.0303027493479342,2.00045982022286,"YES",FALSE
"US-MBP","","WET",-0.04253,0.5392,47.5051,-93.4893,416,"WET",3.4,780,"Dfb",47.5051,-221.419036071186,-284.455023177344,63.0359871061587,4.10657648485908,12.6311141985566,1.24368023430216,11.4433229192627,53.6262987847222,7.32059427124078,6.34554235396517,0.600708087786121,0.207610674108005,17.6328233173077,0.286788686131387,0.499722445255474,0.435466179159049,1.73217553628885,0.0245412055335968,NA,NA,NA,29,0.7488,25.1000000238419,10.9500000476837,3.90000009536743,22.6500000953674,42,49.6499996185303,35.3499999046326,150.205001831055,27.7402000427246,5.41470527648926,245.75,45.3855018615723,NA,NA,NA,49.6499996185303,3.90000009536743,12,-0.0425280889067236,0.530990040264197,-0.0441814705043544,0.540087300058017,-0.0435665912771017,0.562340869044976,-0.175337635144982,0.0882044525907786,3.98441358481264,"NO",FALSE
"US-Myb","restored wetland; soil temperature may have problem; cannot be used","WET",-0.002229,0.993,38.0499,-121.765,-4,"WET",15.9,338,"Csa",38.0499,-412.356879475886,-813.005466438399,400.648586962515,15.6288017041372,5.37172437029061,0.460911934813835,10.4709670426887,24.5578645833333,16.4184634116231,4.56935564466845,0.422418995760068,0.732700570046301,15.7907475583333,0.346545173041894,0.571359198542805,0.511828153564899,1.53190129835466,0.035254347826087,NA,NA,NA,29,0.2009,25.6000000238419,20.9500000476837,6,14,32.5,67.2000007629395,53.5,131.824996948242,24.3966007232666,5.40341663360596,176.059997558594,32.5830001831055,NA,NA,NA,67.2000007629395,6,10,0.0107059149153475,0.943765755219208,0.0359599557189478,0.808728009054116,0.0400452787609544,0.78921227972555,-0.229322950697458,0.309413508219366,2.17476347038803,"NO",FALSE
"US-NC4","coastal forested wetlands","WET",-0.05438,0.667,35.7879,-75.9038,1,"WET",16.6,1311,"Cfa",35.7879,38.7225630483996,-772.896371108331,811.618934156729,17.038050136834,7.82707540171478,0.646656540485072,7.71063450602337,33.2421258233333,16.1298764747659,5.88430905558806,0.675820619624755,1.07523483320654,19.9066693465909,0.358008743169399,0.713713113479053,0.68563071297989,2.4898537869287,0.0418437747035573,"forested wetland",NA,"90-110",250,0.9588,26.1499999761581,13.25,3.60000002384186,23.75,40,68.2000007629395,36.25,83.3354034423828,9.17154026031494,9.0863037109375,161.033996582031,17.7227001190186,NA,NA,NA,68.2000007629395,3.60000002384186,10,-0.0543834578194993,0.667456021786467,-0.0768251457489655,0.533154656746969,-0.125323557743104,0.387874082089027,-0.380544686603261,0.129897571117053,1.55721277142302,"NO",FALSE
"US-Tw1","The Twitchell Wetland site; in wetland, soil temperature can be very cool; it is very productive. ","WET",-0.05124,0.3522,38.1074,-121.6469,-5,"WET",15.5,421,"Csa",38.1074,-269.496339856201,-804.5933270184,535.096987162195,14.9856339629079,5.74058899178335,0.821253785400274,13.8781894980575,25.3046473674242,12.4201595874558,3.65561601422226,0.397455987628058,0.498903349511797,12.4947176671832,0.289704007285975,0.502984881602914,0.400091407678245,0.804570389945155,0.0262661067193676,NA,NA,NA,231,0.2172,26.6000000238419,22.3499999046326,6.5,10.1500000953674,32,80.4000015258789,57.8499999046326,131.824996948242,24.3966007232666,5.40341663360596,176.059997558594,32.5830001831055,NA,NA,NA,80.4000015258789,6.5,11,-0.0512433227932971,0.356483158004524,-0.0494789793435666,0.381796605294961,-0.0491294430921902,0.38356696168929,-0.147450761241186,0.0491918750568058,2.01927833180556,"NO",FALSE
"US-Ced","no soil moisture, but in a humid region; affected by fire and prescribed fire","closed shrubland",-0.09993,0.467,39.8379,-74.3791,58,"CSH",11.04,1138,"Cfa",39.8379,-80.6306969919449,-715.332175107798,634.701478115854,12.0305502247703,9.12332754741594,0.710138448690688,9.75518683872494,39.2391087962963,12.8359607987379,7.14596547793968,0.23234411277133,3.61859253202963,23.5696997388878,0.346821675774135,0.69597650273224,0.703446069378428,2.35932361846435,0.034446837944664,NA,NA,NA,28,0.9498,27.1499999761581,6.59999990463257,3.09999990463257,34.9000000953674,46,56.5,19.0999999046326,111.209999084473,20.4454002380371,5.43936538696289,181.95100402832,33.4506988525391,NA,NA,NA,56.5,3.09999990463257,9,-0.0999281248888949,0.466708326973775,-0.0995418669223421,0.469466797951334,-0.101151941913287,0.462614209477884,-0.347799635507017,0.145495751680442,0.923566844143842,"NO",FALSE
"US-Oho","oak opening;","DBF ",-0.05816,0.1746,41.5545,-83.8438,230,"DBF",10.1,849,"Dfa",41.5545,-783.733767755985,-1155.96336240183,372.229594645846,10.5036297474442,10.2114889512564,0.838409997292995,8.98785446175681,42.886244684256,11.7847141875606,7.47347460578879,0.607074260163307,1.58565724707623,24.9755433416667,0.347966848816029,0.583467758105647,0.525840950548446,2.2666362333638,0.0334787549407115,"oak opening;",46,NA,122,0.7605,27.6499999761581,14.5999999046326,4.79999995231628,33.5499999523163,39.5,40.4000015258789,26.9500000476837,97.8936996459961,11.7700996398926,8.31715106964111,146.744995117188,17.6436996459961,28.1,NA,NA,28.1,4.79999995231628,10,-0.0581587876327797,0.174612817775393,-0.057191651073791,0.172623852140016,-0.0559975713804601,0.185652560124154,-0.127911814088098,0.0159166713271778,2.06932945927169,"NO",FALSE
"US-Slt","prescribed fire; disturbance affected; use it or not?","DBF ",-0.08518,0.509,39.9138,-74.596,30,"DBF",11.04,1138,"Dfa",39.9138,8.65402497407164,-548.196488160285,556.850513134357,12.3416236326149,9.35390473568602,0.690736036654687,10.7480585067543,39.4003729166667,12.8570975125228,7.16081234192777,0.501938320702512,2.63426533406353,24.4351229166667,0.369865391621129,0.669517303825137,0.617367458866545,2.39579528473492,0.0400117588932806,"prescribed fire; disturbance affected; use it or not?",NA,"affected by disease",43,0.9343,28.1499999761581,7.34999990463257,3.05000007152557,34.7999999523163,45.5,65.0999984741211,19.7000000476837,124.180999755859,18.2499008178711,6.8044753074646,192.304992675781,28.2616004943848,9.25,NA,5.25,9.25,5.25,10,-0.0851817473078024,0.508642047528833,-0.0971730935870913,0.515695421354621,-0.0976667425385424,0.512879907938136,-0.36291707625602,0.167583591178935,1.95992634976526,"NO",FALSE
"US-Wrc","oldest forest, it only grows a lot in the first half year; very noisy data; R2 < 0.05","ENF",-0.06414,0.2786,45.8205,-121.9519,371,"ENF",8.8,2452,"Csb",45.8205,-273.825342441629,-478.687438812961,204.862096371333,9.2519968460798,7.1995793568289,0.857009160078478,8.87796746136926,33.8684768518519,8.74025957410137,5.96565713540683,0.994811084583374,1.68716787259907,19.5338194444444,0.346910786106033,0.738012247531993,0.631453382084095,2.30941502641682,0.0310639328063241,"oldest forest, it only grows a lot in the first half year; very noisy data; R2 < 0.05",95,"(range 65-90) Bolstadt et al 2003",34,1.8572,28.5,12.6999998092651,4.20000004768372,22.75,42,119.550003051758,35.25,63.6362991333008,13.8373003005981,4.59889554977417,122.968002319336,26.7385997772217,55.25,NA,5.9,55.25,5.9,9,-0.0641411916214803,0.278642196135291,-0.0685304561704066,0.230908102826705,-0.0687122744786083,0.228598895034797,-0.167390184819789,0.0299656358625727,3.64933667462783,"NO",FALSE
"AU-Tum","do this later","EBF, wet temperate sclerophyll",-0.01022,0.9035,-35.6566,148.1517,1200,"EBF",10.72,1159.01,"Cfb",35.6566,-592.424611701652,-1615.8669228166,1023.44231111495,9.62979055100182,5.16811256475094,0.364033255814415,7.90279622021364,22.718375,9.62504547604035,4.66515525598693,0.334774900025703,2.5231811516339,16.441625,0.344685610200364,0.7436109284153,0.785941499085923,4.14259604808044,0.0537407114624506,"",100," It is a mixed-age forest ranging up to 90 years according to dendrochronological studies",123.345100402832,1.1977,29,12.5999999046326,3.95000004768372,29.5,39.5,63.9500007629395,31,123.542999267578,19.7600994110107,6.2521448135376,191.317993164062,30.6004009246826,NA,NA,NA,63.9500007629395,3.95000004768372,10,-0.0102178566023782,0.903466276185362,-0.0108332952780816,0.893732259956667,-0.0149792181967532,0.856975337985125,-0.164629837406975,0.134671401013469,1.22474289559427,"YES",FALSE
"BE-Bra","","MF",-0.08779,0.2425,51.3076,4.5198,16,"MF",9.8,750,"Cfb",51.3076,-127.305440271245,-717.941397764415,590.635957493169,11.0674488870457,5.98906936274642,0.658867855363218,6.47610913358107,29.1574196428571,11.0915536812061,3.88967518895473,0.472344011390005,0.785838842167025,14.1500104166667,0.355564298724954,0.676826958105647,0.607072278133577,2.08389755910339,0.0288053359683794,"Mixed forest dominated by Scots pine",95,"95 years",79.5803451538086,0.9485,29.5500000119209,8.54999995231628,3.45000004768372,34.0499999523163,43.5,47.8499984741211,22.4500000476837,170.832000732422,23.3055992126465,7.3300838470459,264.549011230469,36.0909996032715,NA,NA,NA,47.8499984741211,3.45000004768372,14,-0.147472873656609,0.0824455218212878,-0.156494823860614,0.0843735530287012,-0.156562178956782,0.084031400280463,-0.304680530337168,-0.008443827576395,7.8723017899061,"NO",TRUE
"BE-Vie","","MF",-0.07856,0.432,50.3049,5.9981,493,"MF",7.8,1062,"Cfb",50.3049,-473.576688327617,-1016.56035719402,542.983668866405,8.6211730252922,6.50391123460613,0.68855791741465,6.4282383070956,32.2251154513889,8.33389320307757,4.56951495884709,0.470472674212055,1.47053741729409,17.0953958333333,0.336372344322344,0.661785713919414,0.574309240164684,2.15333946651418,0.0279774703557312,"Mature mixed forest (beech and coniferous trees)",100,"85-115 years",129.024826049805,1.3845,30,15.2000000476837,4.69999980926514,11.4500000476837,38,81.9500007629395,50.5499999523163,118.453002929688,19.8876991271973,5.95609378814697,183.436004638672,30.7978992462158,NA,NA,NA,81.9500007629395,4.69999980926514,24,-0.0087068215088017,0.892956733770363,-0.00208136427582854,0.973899530660487,-0.00211534363675984,0.973613991181626,-0.110691870341854,0.106461183068335,4.80162248743724,"YES",FALSE
"CH-Lae","Moderately intensive management with two cuts per year and cattle grazing in autumn","GRA",-0.08565,0.05244,47.4783,8.3644,689,"MF",8.3,1100,"Cfb",47.4783,-281.360397096586,-763.482241465366,482.121844368778,8.43528345680959,7.3458025462057,0.646902874355507,7.7009397641112,32.542467948718,9.43193333742002,5.443412920348,0.675238551724355,2.39124389216512,20.3481778846154,0.399858135283364,0.675382082632541,0.602351326623971,2.64318394592864,0.0319053359683794,"Moderately intensive management with two cuts per year and cattle grazing in autumn",150,"picea abies: 120-170 years; fagus sylvatica: ca. 150 years",79.2319793701172,1.4474,30.5,23.4500000476837,4.70000004768372,17.0499999523163,30.5,63.2000007629395,52.4500000476837,106.370002746582,18.5555000305176,5.7325325012207,164.723999023438,28.7350006103516,NA,NA,NA,63.2000007629395,4.70000004768372,13,-0.118270711064147,0.0369161727299941,-0.112231043603192,0.0392255384066858,-0.111858057260662,0.0405164350378193,-0.198414008164962,-0.0253021063563627,5.76311439161554,"YES",TRUE
"CZ-BK1","","ENF;  spruce forests",-0.09786,0.4606,49.5021,18.5369,875,"ENF",6.7,1316,"Dfb",49.5021,-831.153621066066,-1243.68258277624,412.528961710172,6.89882853293868,7.74578949973612,0.61166549556731,7.49569373973353,35.8308069444444,6.03056044417881,4.69421192690479,0.633779117205552,0.851646285818579,15.716025,0.294044990892532,0.656406010018215,0.54410795946935,2.02744742268984,0.0231485177865613,"Norway spruce monoculture",44,"Year of plantation: 1981 (4 year-old seedlings)",235.810729980469,1.4453,30.9499999880791,12.5999999046326,4.79999995231628,20.5999999046326,41.5,68.2999992370605,37.9000000953674,108.467002868652,19.9475994110107,5.43759679794312,167.970993041992,30.8906993865967,NA,NA,NA,68.2999992370605,4.79999995231628,15,0.0506610412914078,0.333062441310539,0.0512995096080553,0.336667283783321,0.0508933397695375,0.342257553418083,-0.0405401793912166,0.142326858930292,3.49455062693268,"YES",FALSE
"CZ-wet","R2 is so high!","Wet Meadows; a sedge grass marsh",-0.0335,0.4278,49.0247,14.7704,426,"WET",7.7,604,"Dfb",49.0247,45.1622586492366,-393.671505849646,438.833764498884,8.77343895581498,8.05144502716249,0.511500952292123,7.60192259830762,36.6328125,7.5379379708975,6.38661877850536,0.388021882097608,4.55389920358389,23.8679109848485,0.378948880597015,0.583876678544776,0.470649588289113,1.41445564327539,0.0242955533596838,NA,NA,NA,76.5517730712891,0.7466,31.6000000238419,14.75,4.30000007152557,23.9500000476837,39,45.6000003814697,37.0499999523163,130.802001953125,17.1159992218018,7.64208984375,196.074996948242,25.6573009490967,NA,NA,NA,45.6000003814697,4.30000007152557,11,-0.0309407445760417,0.612198763393551,-0.0336000707104665,0.581741536241896,-0.0342232617883508,0.575614760784612,-0.142234389068598,0.0737878654918963,4.41324268018018,"NO",FALSE
"DE-Gri","R2 is so high! The two are so similar","Grasslands",-0.06083,0.5577,50.95,13.5126,385,"GRA",7.8,901,"Cfb",50.95,-82.9816958207402,-622.791514049575,539.809818228835,8.64597894562083,7.63582266648614,0.745509483142649,7.1882765103121,36.4190347222222,9.89593108919627,6.59838369134627,0.594428767210332,3.81467287598102,22.4314513888889,0.344752094717668,0.654280327322404,0.547877401646844,2.11216838124428,0.0264045454545455,NA,NA,NA,89,0.9091,32.0500000119209,13,4.09999990463257,19.2999999523163,40,50.0499992370605,40.7000000476837,120.13500213623,20.4465007781982,5.87557744979858,186.039993286133,31.6632995605469,NA,NA,NA,50.0499992370605,4.09999990463257,15,0.0464792593819713,0.474318524187047,0.0424480661771072,0.576568466549824,0.0424725814016044,0.577702941808226,-0.0892422718952831,0.174187434698492,2.38483215698666,"NO",FALSE
"DE-Hai","Should I use soil moisture?","mixed deciduous beech forest, unmanaged forest at late stage of succession",-0.04659,0.331,51.0792,10.4522,430,"DBF",8.3,720,"Cfb",51.0792,-523.220309012172,-958.249857468416,435.029548456243,8.5392590711015,7.08310304366376,0.667382708792797,7.11362473379982,33.7412650462963,7.98281717390204,5.3314586772277,0.470416569456754,1.34374201399452,18.9488541666667,0.377752844036697,0.660711008440367,0.540594693412626,2.36248860091491,0.0252835968379447,"mixed deciduous forest",130,"0-250 years, average 130 years",79,1.0923,32.5500000119209,18,3.89999985694885,12.6500000953674,34.5,76.2000007629395,52.8499999046326,105.53800201416,15.3339004516602,6.8826584815979,158.203002929688,22.9859008789062,NA,NA,NA,76.2000007629395,3.89999985694885,18,-0.115126450274807,0.00324344757566003,-0.117293043345106,0.00269587609109728,-0.117689039080468,0.00268702226347142,-0.17562749977211,-0.0597505783888251,2.04011597222222,"YES",TRUE
"DE-Tha","this site has small variations","ENF",0.004588,0.806,50.9626,13.5651,385,"ENF",8.2,843,"Cfb",50.9626,-469.550466591783,-873.981823027739,404.431356435958,9.23806472184275,7.52827643650585,0.780417682334854,7.0065250427838,36.1475286458333,8.57112119763206,5.62031581913929,0.913970640352374,2.70979326868226,21.1503359375,0.325320400728597,0.712576137704918,0.618005489387008,2.27593781948765,0.024824604743083,"Norway spruce",120,"120 years",79,0.8915,33,12,3.64999985694885,23.6500000953674,40.5,45.6499996185303,35.8499999046326,120.13500213623,20.4465007781982,5.87557744979858,186.039993286133,31.6632995605469,NA,NA,NA,45.6499996185303,3.64999985694885,24,-0.0353061019355676,0.00765540792881299,-0.0354310462289869,0.0078972390585809,-0.0350628601689896,0.00828345078504784,-0.0558159871476982,-0.0143097331902811,3.79925496031747,"YES",TRUE
"DK-Sor","should be sifnificant","DBF",-0.08792,0.11521,55.4859,11.6446,40,"DBF",8.2,660,"Cfb",55.4859,-214.941335948532,-901.39784570043,686.456509751897,8.7241313611328,6.22837189857246,0.747318182713586,5.46346010430248,28.1490436507937,8.45766273907104,4.17685822662835,0.96741976427189,0.593119817470664,14.2207678571429,0.391590842490842,0.61829999945055,0.553449222232388,2.18225072406221,0.0300602766798419,"Fagus sylvatica L. 70-100 yr",85,"",91.6742324829102,0.776,33.5500000119209,10.5499999523163,4.60000002384186,32.5499999523163,43,55.2999992370605,24.4500000476837,104.291000366211,12.1901998519897,8.5553150177002,156.333999633789,18.2733993530273,NA,NA,NA,55.2999992370605,4.60000002384186,21,-0.0396197883902069,0.0153808942318509,-0.0408071670725145,0.0110930567546663,-0.0410914218592946,0.0107699294603235,-0.0662247982608184,-0.0159580454577707,9.81973611111112,"YES",TRUE
"FI-Hyy","","ENF, Subarctic",-0.01841,0.3798,61.8474,24.2948,181,"ENF",3.8,709,"Dfc",61.8474,-231.367345662798,-531.326794143189,299.95944848039,4.55637125265635,9.10759357312471,0.699740743654324,6.34521312036509,43.5835902777778,5.58071291078476,5.53582644061007,0.547399327025546,1.51611614375357,19.0620564236111,0.249323984526112,0.509124758027079,0.484771480804388,1.5818098952468,0.0218680830039526,"Scots pine",65,"ca 65 years",44.4856986999512,1.0615,33.8000000119209,9.05000019073486,5.20000004768372,30.25,47,172.5,22.75,438.058013916016,39.2038993835449,11.1738376617432,529.010986328125,47.3437004089355,NA,NA,NA,172.5,5.20000004768372,24,0.00182140113767233,0.888299490736184,0.00123815523200697,0.922813749217465,0.00122421870572593,0.92236374056288,-0.0200999940465566,0.0225484314580084,3.48271766169154,"YES",FALSE
"FI-Sod","data quality is bad","ENF",-0.01463,0.5319,67.3624,26.6386,180,"ENF",-1,500,"Dfc",67.3624,94.6214705357953,-100.02527495892,194.646745494717,0.809693063145115,10.6758467509379,0.692900397632921,6.27598987133863,51.0159291666667,3.63201773489678,6.42576986365725,0.393782672459746,1.57703011223652,23.2206583333333,0.182884261501211,0.419415254237288,0.241818181818182,0.569659094659091,0.00902885375494071,"Scots pine",NA,"",133.773406982422,0.9595,34.3000000119209,7.5,5.25,35.9000000953674,47.5,116.900001525879,16.5999999046326,572.633972167969,40.1953010559082,14.2462911605835,691.528015136719,48.540901184082,NA,NA,NA,116.900001525879,5.25,10,0.0162428083494117,0.240213074233481,0.0160762645533549,0.245441663721397,0.0154753671290251,0.264104718043037,-0.00848590762477542,0.0394366418828255,7.40280512820512,"YES",FALSE
"FR-Pue","The Puechabon soil is very stony","EBF (Evergreen Broadleaf Forests) Mediterranean",-0.009106,0.887,43.7413,3.5957,270,"EBF",13.5,883,"Csa",43.7413,-347.79971151173,-722.214462414966,374.414750903236,14.1251148048134,6.62018549006852,0.624695979284111,8.09473955986524,28.2502628205128,14.3454598690643,6.22536590515022,0.331932226693486,4.10348604745966,22.6577370739062,0.353426047358834,0.673119672131148,0.697474839798719,2.0549863063129,0.0318692687747036,"evergreen broadleaf (oak) Mediterranean forest",69,"81 years; 59-78",62,0.4964,35.0500000119209,14.75,4.75,18.5999999046326,37,54.7000007629395,44.4000000953674,132.274002075195,22.3241004943848,5.92516613006592,216.412994384766,36.5243988037109,NA,NA,NA,54.7000007629395,4.75,13,0.0351447863118802,0.55965849706347,0.035301314118652,0.553355312928987,0.0363901375438974,0.542969161513649,-0.0677130103089537,0.140493285396748,3.29609456785694,"YES",FALSE
"IT-Lav","Very strong carbon sinks","ENF (Evergreen Needleleaf Forests",-0.26854,0.003587,45.9562,11.2813,1353,"ENF",7.8,1291,"Dfb",45.9562,-1965.123074101,-2039.38973086527,74.2666567642711,7.3003319773777,6.41951055657124,0.520229841701419,6.40150527962456,26.6610163690476,5.96862288170049,4.9570471674852,0.827598226099422,0.65667364098553,15.6707038690476,0.328251912568306,0.730599088342441,0.664574565233303,2.36102473586459,0.0287112648221344,"Very strong carbon sinks",NA,NA,87.5299987792969,0.5383,35.5,13.3499999046326,4.90000009536743,24.25,40.5,62.4500007629395,35.25,102.028999328613,20.1266002655029,5.06936073303223,166.929992675781,32.9290008544922,NA,NA,NA,62.4500007629395,4.90000009536743,14,-0.256688656698656,0.000220858898042508,-0.242962207345974,0.000321917275200884,-0.245149645900652,0.000428734968708955,-0.33605216108887,-0.154247130712434,3.13248442622951,"YES",TRUE
"IT-MBo","","Grasslands",-0.0172,0.5768,46.0147,11.0458,1550,"GRA",5.1,1214,"Dfb",46.0147,-31.0220478044801,-599.647157972404,568.625110167922,5.43358532084851,6.91240756824029,0.596982557861701,7.06930626026647,30.2955527777778,7.41201741328931,6.42352057605424,0.403683228695708,2.36134075561234,19.8154,0.328628169014085,0.470285714285714,0.384245196706313,1.15297348124428,0.0226571146245059,NA,NA,NA,78.8899993896484,0.3768,36.0500000119209,13.4000000953674,5.04999995231628,23.9000000953674,40,52,36.0999999046326,123.057998657227,22.8197994232178,5.39259767532349,201.335006713867,37.3353996276855,NA,NA,NA,52,5.04999995231628,15,-0.00704080323069348,0.822655688514839,-0.00693607976910264,0.818155841795082,-0.00705137858905605,0.814911335514769,-0.0593232591022319,0.0452205019241198,2.91629542349727,"YES",FALSE
"IT-Noe","","Closed Shrublands; Undisturbed mediterranean maquis site",0.0004162,0.995,40.6062,8.1517,25,"CSH",15.9,588,"Csa",40.6062,-192.514178975709,-613.874370514423,421.360191538712,16.4017234104622,5.59156995645026,0.294897086268318,5.55787645448323,22.7961536458333,17.683232880806,7.20237732335782,0.395302580748037,9.37389493497604,25.5553307291667,0.270374432989691,0.598900824742268,0.464647758462946,1.20000001271729,0.0389327075098814,NA,NA,NA,77.9300003051758,0.571,36.6000000238419,14.2999999523163,4.39999997615814,28.25,38,50.0499992370605,33.75,111.652000427246,19.513500213623,5.72178220748901,167.369003295898,29.2511005401611,NA,NA,NA,50.0499992370605,4.39999997615814,8,0.000416194557260124,0.995345072568356,0.00278663413469078,0.969095764186214,0.00187808467849557,0.97944102808434,-0.133981909113335,0.137738078470326,1.84116912453186,"NO",FALSE
"IT-Ren","","evergreen needleleaf forest; montane/oceanic climate,",-0.07742,0.2257,46.5869,11.4337,1730,"ENF",4.7,809.3,"Dfc",46.5869,-667.746100623305,-975.58035782982,307.834257206516,4.86417440485226,6.42655929557814,0.52707784572248,7.72754678229119,28.2949016203704,5.46621164427747,5.67490092561297,0.85622257082956,2.73299026319793,20.2471111111111,0.255343169398907,0.53888087431694,0.5267978042086,1.51445564803294,0.022896442687747,"Evergreen needleleaf (Spruce, Swiss stone pine)",100,"1-200 years, unevenaged",102.099998474121,0.7801,37,11.75,4.74999988079071,24.9000000953674,41.5,52.75,33.5999999046326,46.9454002380371,10.5241003036499,4.46075201034546,56.6925010681152,12.7091999053955,NA,NA,NA,52.75,4.74999988079071,18,-0.0897053914068855,0.127155130191003,-0.116326264045259,0.125979537719406,-0.123603207285479,0.1300879004852,-0.258829173951047,0.0116227593800899,2.99338060538117,"NO",FALSE
"IT-SRo","","ENF (Evergreen Needleleaf Forests)",-0.07269,0.665,43.7279,10.2844,6,"ENF",14.2,920,"Csa",43.7279,-383.795953448689,-1091.43838226272,707.642428814027,15.2222547453704,6.33365828412659,0.304792932721504,6.8574886394744,25.30409375,14.2962168260474,5.54721286248099,0.262329023440436,3.15631207226937,20.3320583333333,0.305731352459016,0.668520696721312,0.670658737419945,1.93211347593779,0.0360567193675889,"",NA,NA,76.8300018310547,0.7486,37.6000000238419,19.1500000953674,4.95000004768372,19.4000000953674,33.5,67.4000015258789,47.0999999046326,84.3516006469727,15.2714004516602,5.5235013961792,138.00700378418,24.9855003356934,NA,NA,NA,67.4000015258789,4.95000004768372,10,-0.0935631200815688,0.565372979550183,-0.0715300170838144,0.654662851557165,-0.0705056503046443,0.657595163610767,-0.355375925885618,0.214364625276329,2.11893722345139,"NO",FALSE
"NL-Loo","","ENF",-0.06123,0.031327,52.1666,5.7436,25,"ENF",9.8,786,"Cfb",52.1666,-473.038695741909,-921.276312091373,448.237616349464,10.1428423418662,6.32266322909504,0.570326096704764,6.42988656366126,30.9174047619048,10.6382156748742,4.23584164685865,1.25191627487459,0.708049481713279,14.7589538690476,0.32838233151184,0.706885791985428,0.618691674199451,1.97886553668802,0.0275486166007905,"Pine forest",110,"110 years",57.4398231506348,1.0801,38,4.35000002384186,2.8999999165535,44.7999999523163,47,54.2000007629395,8.20000004768372,311.755004882812,41.4775009155273,7.51624393463135,510.061004638672,67.861198425293,NA,NA,NA,54.2000007629395,2.8999999165535,14,-0.061226012817316,0.0313265899211376,-0.0628152476499585,0.0302668996207676,-0.0647522407393031,0.0246125828215636,-0.109683623068197,-0.0198208584104093,3.9541627136752,"YES",TRUE
"RU-Fyo","","ENF",-0.003854,0.901321,56.4615,32.9221,265,"ENF",3.9,711,"Dfb",56.4615,93.5815093533308,-468.342851114331,561.924360467663,5.4107057748538,9.6782999367781,0.541014703837203,7.29806224783862,45.2629199561404,5.47403133927715,4.74677672208762,0.520532666070991,0.434026657060519,14.6125372807018,0.277071111111111,0.573706666111111,0.486611721428571,1.70219782252747,0.0219529644268775,"",NA,NA,56.6130409240723,0.9485,38.3000000119209,14.5,5.70000004768372,26.5999999046326,41,101.050003051758,32.4000000953674,139.02099609375,37.6755981445312,3.68994784355164,268.639007568359,72.8025970458984,NA,NA,NA,101.050003051758,5.70000004768372,19,0.00210334585547659,0.95487966908242,-0.000781689792754168,0.983623337845284,-0.00111023029520196,0.97720625082544,-0.0677204714091231,0.0655000108187192,3.56274048913042,"YES",FALSE
"ZA-Kru","Surprisingly, NEE is small for this site; water is important! Data quality is not very good. ","Savannas",-0.21048,0.008677,-25.0197,31.4969,359,"SAV",21.9,547,"Bsh",25.0197,-44.5812825274469,-483.670616689587,439.08933416214,21.8608854451275,3.57475075960492,0.23558570225592,9.77002682726526,16.26489375,25.3506110465999,4.94315930968108,1.17366911957533,8.95153107035313,19.65229375,0.272310564663024,0.45858160291439,0.384042163153071,1.00751604885426,0.0267349802371541,NA,NA,NA,46.1278533935547,0.3674,39.1499999761581,13.6000000238419,3.84999990463257,30.3499999046326,37,16.6500000953674,32.6500000953674,70.0391006469727,12.1141004562378,5.78161811828613,90.7967987060547,15.704400062561,NA,NA,NA,16.6500000953674,3.84999990463257,10,-0.210484302041003,0.00867730966521,-0.220054433376598,0.00912042490623303,-0.220019495153807,0.00921145980584765,-0.339970789532623,-0.100068200774991,5.72005238095239,"YES",TRUE
"IT-Tor","","",-0.14893,0.0758,45.8444,7.5781,2160,"GRA",2.9,920,"Dfc",45.8444,-75.5337420553644,-420.514245863676,344.98050380831,3.31086430453801,6.31557837195265,0.53776266942446,6.50772550120805,27.4170052703373,5.25202781944632,5.57389392240638,0.411533682870462,3.999292716828,16.9330499565972,0.309815977961433,0.501211019283747,0.308938700823422,0.863677961207685,0.0144255928853755,NA,NA,NA,85.8399963378906,1.5367,39.5,13.9500000476837,6.09999990463257,23.5,39.5,84.5500030517578,37,596.822021484375,59.459400177002,10.0374708175659,639.924987792969,63.7537002563477,NA,NA,NA,84.5500030517578,6.09999990463257,12,-0.148929900071418,0.0758401035460317,-0.1470828585417,0.0836493831021762,-0.14721280168086,0.0834246690812938,-0.2859793044067,-0.00844629895502044,2.00129356060606,"YES",TRUE
"BE-Dor","no acclimation","",0.04469,0.245,50.311876,4.968113,250,"GRA",10.256,581.795,"Cfb",50.311876,-73.9349748768178,-952.126868839614,878.191893962798,10.0555505774963,6.31819765958644,0.645511252663453,7.14640069686411,31.6321723484849,9.91717163782635,5.70111232728204,0.824109414633054,4.11598606271777,22.321384469697,0.437024080882353,0.625409191176471,0.532808783165599,1.53266241912168,0.0245585968379447,NA,NA,NA,83.4498748779297,1.045,40.1499999761581,15.25,4.24999988079071,9.75,38,60.3500003814697,52.25,91.0662994384766,16.923999786377,5.3808970451355,141.024993896484,26.2084007263184,NA,NA,NA,60.3500003814697,4.24999988079071,11,0.0446872436028513,0.244757040827694,0.0380334493353382,0.292383470196674,0.0377340175049471,0.298628502775318,-0.024975049886914,0.100443084896808,2.84732994923857,"YES",FALSE
"CH-Fru","","",-0.03285,0.5669,47.115833,8.537778,982,"GRA",7.2,1651,"Dfb",47.115833,-205.836224577639,-913.110163530221,707.273938952584,7.8878320533254,6.9166524784173,0.569815724294647,7.2429749368155,30.1372451923077,8.8694230345967,6.29534019247657,0.427469639185577,2.38683803706824,20.722483974359,0.421713018867925,0.612599810566038,0.515535224153705,1.80503204464776,0.0276235177865613,NA,NA,NA,82.6319885253906,1.7602,40.4499999880791,15.4000000953674,4.85000014305115,22.7000000476837,38.5,65.5,38.7999999523163,51.9065017700195,9.11182975769043,5.69660568237305,80.3821029663086,14.1105003356934,NA,NA,NA,65.5,4.85000014305115,13,-0.0328529469169845,0.566901587960371,-0.0303597699735607,0.580824170346731,-0.0328159793292279,0.551776747153321,-0.128817566594343,0.0631856079358869,1.89606891957365,"YES",FALSE
"CZ-RAJ","","",-0.2051,0.552,49.443724,16.696513,648,"ENF",7.1,681,"Dfb",49.443724,-538.023528922164,-972.366371338532,434.342842416368,8.1525362804531,8.09215722923857,0.598391024678825,7.49260232717317,36.9795546875,7.4751358740975,5.08855214299836,0.237926960170089,1.71775330621622,16.6059456917158,0.268176684881603,0.606306192896175,0.54107044821592,1.70494055663312,0.0238348814229249,"mature spruce forest (clear-cut in the winter 2021/2022)",115,"117 (2022); now natural succession",124.493309020996,0.7472,41,13.9500000476837,3.89999997615814,20,40,48.1499996185303,40,111.252998352051,19.9451007843018,5.57796096801758,172.285003662109,30.8868999481201,NA,NA,NA,48.1499996185303,3.89999997615814,8,-0.205091021040904,0.55200065570629,-0.243892194066357,0.476446681906103,-0.248617274778209,0.473781112096094,-0.880884215688231,0.383649666131812,0.699095999675466,"NO",FALSE
"CZ-Stn","","",-0.10062,0.02294,49.035975,17.9699,564,"DBF",8.7,685,"Dfb",49.035975,-247.121162270305,-808.881417672256,561.760255401951,9.06082230087763,8.40255523846202,0.68577856420327,6.03761149825784,37.2818712121212,8.44868289451896,5.66895918734821,0.565962154876997,1.36671204579393,19.4212859848485,0.361866788321168,0.645472078832117,0.56968892936871,2.4876487105215,0.0259504940711462,"mature beech forest",117,"120 (2023)",84.7341232299805,0.9014,41.5500000119209,18.5500001907349,4.09999990463257,15.3499999046326,37,54.7000007629395,47.6500000953674,120.985000610352,20.7625999450684,5.827064037323,187.356002807617,32.1529006958008,NA,NA,NA,54.7000007629395,4.09999990463257,11,-0.100624261429137,0.0229364728384633,-0.0973696243964328,0.0290557821376646,-0.0961078222446794,0.0299436180926901,-0.164527186977265,-0.027688457512094,2.4282554466231,"YES",TRUE
"DE-Obe","","",0.0637,0.252,50.78666,13.72129,743,"ENF",5.5,996,"Dfb",50.78666,-259.489256515766,-879.936441206539,620.447184690775,6.75119899817851,7.2656239629657,0.808769022181817,6.95143072289157,34.7283416666667,6.32076021899321,5.3666848630009,0.483000172063251,1.7079427959773,18.8647625,0.273952468007313,0.674467823948812,0.565608416834401,2.02552609990851,0.0239663043478261,"",NA,"",89,1.0602,41.9499999880791,10.4500000476837,4.39999985694885,21.5999999046326,42,61.1500015258789,36.4000000953674,120.13500213623,20.4465007781982,5.87557744979858,186.039993286133,31.6632995605469,NA,NA,NA,61.1500015258789,4.39999985694885,10,0.0637003362918935,0.251662424804219,0.061987503406094,0.29184024974102,0.0616891523410985,0.301440512690274,-0.0421609595587854,0.165539264240982,2.13294614109851,"YES",FALSE
"DE-RuR","","",0.01922,0.25837,50.6219,6.3041,514.7,"GRA",7.7,1033,"Cfb",50.6219,-118.019755355714,-806.549724122311,688.529968766597,8.42847348398604,6.39821805674034,0.63600357142855,6.46743744867232,32.1655666666667,9.38558443508399,5.36316213034414,0.527476054997607,2.90390014295708,19.2913328703704,0.464185110294118,0.666992277941176,0.584620310978957,2.15571823934126,0.0272641304347826,NA,NA,NA,70,1.3819,42.5500000119209,15.4500000476837,4.95000004768372,12.7999999523163,38,72.9000015258789,49.2000000476837,107.182998657227,18.8169002532959,5.69610261917114,165.983001708984,29.1396999359131,NA,NA,NA,72.9000015258789,4.95000004768372,10,0.0192241531321009,0.258369545392073,0.0189646581299739,0.258944388676906,0.0191334583176116,0.255602883339556,-0.00992344738392855,0.0481903640191517,3.32805919503993,"YES",FALSE
"CH-Aws","","",-0.070395468,0.393595377,46.583194,9.790417,1942,"GRA",2.3,918,"Dfc",46.583194,-373.636286473057,-870.046482866889,496.410196393827,3.75588456995674,6.82693918322864,0.387274950631182,7.54987743923314,31.0387916666667,7.21000757058288,5.08646140954772,1.79262474146194,3.47344573776104,17.7975,0.219919174757282,0.462501455582524,0.280009149130833,0.905306506678866,0.0170517786561265,NA,NA,NA,98.2575454711914,1.4023,42.9499999880791,11.9499998092651,5.04999995231628,26.1500000953674,42.5,61,31.3499999046326,322.933990478516,54.8129005432129,5.89156913757324,418.644012451172,71.0579986572266,NA,NA,NA,61,5.04999995231628,8,-0.0703954682259205,0.393595376857883,-0.0742151919990326,0.361155078616631,-0.075509249400199,0.353276820230869,-0.221371633984925,0.0703531351845269,2.64878895463513,"YES",FALSE
"ES-LJu","","",-0.04549,0.659,36.926594,-2.752115,1613,"OSH",16,400,"Csb",36.926594,-3.28789760327838,-70.3974531939971,67.1095555907189,11.8622904713115,6.35464278835534,0.459238305782319,6.98259010036496,25.6403090277778,12.3907777920082,7.64609854287679,0.532667028621423,3.29370141423358,25.4140902777778,0.156800547445255,0.364750364963504,0.231747483989021,0.375114364135407,0.0121260869565217,NA,NA,NA,37.0802955627441,0.3649,43.6499999761581,10.3999999761581,4.25000005960464,24,41,40.2000007629395,35,63.6245994567871,10.7089004516602,5.94128227233887,95.3747024536133,16.0529003143311,NA,NA,NA,40.2000007629395,4.25000005960464,12,-0.045492166167427,0.658817292764395,-0.0380218032340614,0.719545381010478,-0.0365711305047382,0.734732795514871,-0.226800282410889,0.153658021401413,2.551096125731,"YES",FALSE
"FR-FBn","use or not?","",0.1997,0.41,43.24079,5.67865,433,"MF",13.6,700,"Csa",43.24079,-558.684139780745,-1020.34193182542,461.657792044672,14.018978236946,6.21771783496421,0.627680659669784,6.85316351418616,25.0993276515151,14.0222637957443,6.55643223185809,0.719627695678361,6.90550149328024,28.7001912878788,0.312534426229508,0.651733879781421,0.679871912168344,1.83467523586459,0.0363329051383399,"use or not?",NA,NA,62,0.4915,44.1000000238419,15.0499999523163,4.79999995231628,20.0499999523163,37,57.4500007629395,42.9500000476837,56.7299003601074,10.1527004241943,5.58766603469849,85.0393981933594,15.2190999984741,NA,NA,NA,57.4500007629395,4.79999995231628,11,0.0969120993707046,0.197798075794634,0.0938078072260297,0.216707222066263,0.0935047170602637,0.220260030567627,-0.0366052309766763,0.223614665097204,2.15237361653649,"NO",FALSE
"FR-Fon","a 150 year-old forest with dominant oak and hornbeam in the understory","",-0.09117,0.124,48.476358,2.780096,104,"DBF",10.2,720,"Cfb",48.476358,-603.686327907654,-1098.41269502873,494.726367121072,11.7316023060394,6.33784890707124,0.743590553520381,7.77558675564682,29.1701692708333,11.299014522275,4.42668714206594,0.302553631905712,2.94667430580498,16.6187290013836,0.407020255474453,0.657636130839416,0.597913998078683,2.47566335809698,0.0369359683794466,"temeprate oak forest",120,"120 years",45,0.6851,44.6000000238419,17.0499999523163,3.80000001192093,16.5999999046326,37,55.0499992370605,46.4000000953674,137.917999267578,21.7607002258301,6.33793926239014,206.740997314453,32.619800567627,NA,NA,NA,55.0499992370605,3.80000001192093,16,-0.0911719769770342,0.123789078410119,-0.09588118365078,0.112802364217353,-0.0951319245927761,0.115846999985979,-0.195084931491201,0.00482108230564895,4.75315798611111,"NO",FALSE
"GF-Guy","rainforest, yeah!","",-0.15983,0.001835,5.2788,-52.9249,48,"EBF",25.7,3041,"Am",5.2788,-242.091469625743,-1811.29804830098,1569.20657867524,25.6610746754005,0.77177094724227,0.197749849265353,4.09909351305813,3.70119391025641,25.4879013664121,0.387074010797395,0.322975678084568,0.729002737994946,2.06724358974359,0.406132481751825,0.652618429379562,0.617236962031107,3.47383353330284,0.0719887351778656,"rainforest, yeah!",NA,NA,23.965991973877,1.801,45,19.2000000476837,3.34999990463257,17.8499999046326,33,49.5999984741211,49.1500000953674,85.1195983886719,29.5133991241455,2.88410019874573,122.153999328613,42.3544998168945,NA,NA,NA,49.5999984741211,3.34999990463257,13,-0.159823883406854,0.00183549591331691,-0.163451850014065,0.00138352780000194,-0.163512013837201,0.00138512166432195,-0.232742507560321,-0.0942815201140819,1.00605097031963,"YES",TRUE
"IL-Yat","","",-0.05317,0.54,31.345045,35.051989,652,"ENF",18.2,285,"Csa",31.345045,-135.992652644814,-365.337231353283,229.344578708469,18.4331899722981,5.86446691996663,0.372876543920445,9.82496240189816,22.1003472222222,21.1933752058667,8.06998073637898,0.420675163603192,11.4660040153313,27.7714055555556,0.199712568306011,0.345882877959927,0.332016498625115,0.591109074702108,0.0129950592885375,"",NA,NA,20.8504829406738,0.1426,45.6999999880791,16.8500000238419,4.40000009536743,19.9500000476837,33.5,29.6999998092651,46.5499999523163,103.056999206543,11.8807001113892,8.67432022094727,154.485000610352,17.8094005584717,NA,NA,NA,29.6999998092651,4.40000009536743,15,-0.0531697520091297,0.539956690256608,-0.0347388203719094,0.668406897602916,-0.0345608810424489,0.670937149305606,-0.175372113864614,0.106250351779717,10.8777479166667,"NO",FALSE
"SE-Deg","","",0.06529,0.123,64.182,19.5565,270,"GRA",1.2,523,"Dfc",64.182,-53.9644978095872,-117.18291844758,63.2184206379931,2.57495029599271,9.23913103905967,0.779989531000063,7.73429750821468,42.3579833333333,5.33029287056011,6.09954491019974,0.428698034144478,2.66085049288062,19.7686083333333,0.234077802197802,0.448740659340659,0.339507692307692,0.864820522666667,0.0164560276679842,NA,NA,NA,81.2222213745117,1.0313,45.8000000119209,8.44999980926514,4.04999995231628,31.3499999046326,45.5,114,23.1500000953674,534.939025878906,86.9301986694336,6.15366172790527,646.007019042969,104.978996276855,NA,NA,NA,114,4.04999995231628,20,0.0652941642389776,0.123172649142514,0.0646281092908409,0.171434809484906,0.0653457117844097,0.169112517209915,-0.0137510111709186,0.144442434739738,10.7192382936508,"YES",FALSE
"IT-SR2","","",-0.05096,0.604,43.732022,10.29091,13,"ENF",14.2,920,"Csa",43.732022,-225.850467018434,-1225.28512728664,999.434660268204,15.7097845870332,6.18556440269643,0.371042730388073,4.93521868583162,24.5899661458333,15.3597379681808,5.06662689087954,0.308969488037304,1.80389938398357,18.4070546875,0.363377049180328,0.775849726411658,0.749624885635865,2.54528823559012,0.0396909090909091,"Evergreen Needleleaf Forest (Pinus pinea L.) ",100,"~100 y",76.8300018310547,0.7486,46.6000000238419,19.1500000953674,4.95000004768372,19.4000000953674,33.5,67.4000015258789,47.0999999046326,84.3516006469727,15.2714004516602,5.5235013961792,138.00700378418,24.9855003356934,NA,NA,NA,67.4000015258789,4.95000004768372,8,-0.0509581422239409,0.604053858957331,-0.0576925326475487,0.562114251876145,-0.0579306906249265,0.560926054217243,-0.240868395765749,0.125007014515896,1.29601290560473,"YES",FALSE
"CH-Dav","2021, respiration is very low","",-0.149578739,0.013687847,46.8153,9.8559,1639,"ENF",2.8,1062,"Dfc",46.8153,-83.5631144266786,-565.487422521275,481.924308094597,4.73606204462659,6.66371563391882,0.498014174005373,7.22378988682001,29.8198944444444,4.64072615539841,4.67497362289843,0.347057292086723,1.2596584305135,14.5849763888889,0.203118784530387,0.428652486187845,0.333833485727356,0.978957007776761,0.0176751976284585,"Norway spruce forest",100,"~100 y",94.0256500244141,1.253,47,11.5,5,29.5999999046326,43,78.7999992370605,27.4000000953674,322.933990478516,54.8129005432129,5.89156913757324,418.644012451172,71.0579986572266,NA,NA,NA,78.7999992370605,5,15,-0.149578738685514,0.0136878466705439,-0.154705539629122,0.0102579430384964,-0.15765420805775,0.00866977336605818,-0.248112191661309,-0.0671962244541907,2.1168063794727,"NO",TRUE
