"site_ID","LAT","LONG","ELEV","IGBP","Climate_class","MAP","NEE","NEE_day","NEE_night","MATA","SSTA","IATA","DRTA","EVI","NDVI","LAI","GPP","SOC","TAS_tot","TAS_totp","TAS","TASp","Tmin1","Tmin2","Tmin3","Tmin4","Tmin5","Tmin6","Tmin7","Tmin8","Tmin9","Tmin10","Tmin11","Tmin12","TS_TA","TSmin_c","TSmin_c_gs","NEE_night_mod_p","NEE_night_mod_f","NEE_night_mod_fa","R2"
"US-Uaf",64.8663,-147.8555,155,"ENF","Dwc",263,-82.4098785848934,-227.616982291394,145.207103706501,-2.98242513312722,15.1682248231281,0.764873017055125,11.8988759496096,0.138765740865376,0.305327436168788,0.670178301866125,0.629977960955799,92,-0.00612861809474113,0.730422297493718,0.0116729887681271,0.555937129918382,2.9714282989502,1.11318664550781,3.57765579223633,2.07347993850708,1.63875451087952,1.79531135559082,2.07875442504883,2.2603663444519,1.97010989189148,1.0082052230835,3.16937637329102,2.38688621520996,0.584971038551484,1.26955850213751,1.17146532881407,3.52851114746066,3.72500216083506,3.69835441608774,0.167504945364622
"CA-Ca3",49.5346,-124.9004,171,"ENF","Cfb",1676,-455.379272064802,-959.058466780295,503.679194715493,12.3304552756665,6.67563836786394,0.93605259403359,7.00047781096128,0.483764765512812,0.85744878269744,2.77160019655826,1.44717717497676,128.729441314436,-0.0357383165080094,0.00609423053817541,-0.0303033347243122,0.0103117883317506,1.1541392326355,2.22556777000427,1.97736258506775,2.09201474189758,1.97860794067383,1.93128204345703,1.9080587387085,2.17450580596924,1.90673990249634,1.85230779647827,2.1779486656189,1.86637370586395,0.834250356507622,1.61600613007483,1.67864355948147,3.87217231346401,3.93319814203515,3.70417653657637,0.183456041570249
"CA-Cbo",44.3167,-79.9333,120,"DBF","Dfb",876.34,-300.199848448426,-801.286378847198,501.086530398772,7.35925840562685,10.0567792588981,0.718274965343145,9.29275605685464,0.306037317543821,0.526104282298632,2.21825544270992,1.26107559415306,67.8214263916016,0.011584509534612,0.165769859699591,-0.0092075556165439,0.263398792578843,3.94783878326416,3.61860799789429,3.15824160575867,2.26725273132324,1.88600721359253,1.84974327087402,2.31919403076172,2.61692276000977,2.191428565979,2.23648357391357,2.27999997138977,3.19575080871582,0.777559161754756,2.04546471110201,1.75627575982584,6.36876550340683,6.69045366041638,6.82796908230818,0.0256335566694831
"US-Ha1",42.5378,-72.1715,340,"DBF","Dfb",1071,-255.803522299046,-728.151618969721,472.348096670675,8.2974453235681,9.80788057960202,0.876678292570585,8.10571834127547,0.403562789555175,0.704857136150235,2.48065787418768,1.30998248936802,76,0.0326894544474087,0.0261893620316853,0.0584772532079491,1.51593760772923e-05,2.85882797241211,2.58337001800537,2.52893776893616,1.92051284313202,1.7912088394165,1.80989017486572,2.04139213562012,2.31369934082031,1.79721603393555,1.4399266242981,2.12739930152893,2.38065919876099,0.685667824315953,1.46236035225297,1.36279354240563,4.54442292032156,4.84807087048335,5.06893047962168,0.0284472720821477
"US-Ha2",42.5393,-72.1779,360,"ENF","Dfb",1071,-456.612319351924,-777.356309420832,320.743990068909,8.43907282155701,9.89675258261986,0.453299541819657,8.09572215282013,0.403562789555175,0.704857136150235,2.55671206501928,1.31751084286925,110.968812901361,-0.0169421996186461,0.284922038598946,0.00911161001779456,0.598301873135971,2.85882797241211,2.58337001800537,2.52893776893616,1.92051284313202,1.7912088394165,1.80989017486572,2.04139213562012,2.31369934082031,1.79721603393555,1.4399266242981,2.12739930152893,2.38065919876099,0.597368044394125,1.27403870043977,1.11804794571483,3.3076538252491,3.80635716255532,3.73493499805007,0.267092061175775
"US-Var",38.4133,-120.9508,129,"GRA","Csa",559,1.64906657902231,-263.339095509817,264.988162088839,16.0559375266963,6.71603565406507,0.620708747030054,14.5005042461328,0.272531467822636,0.47574838228951,1.07455556791319,0.980143759988571,42,-0.113945971244626,1.36898005278688e-06,0.0202751755861164,0.171133919770151,1.11772890090942,1.5690842628479,0.887252712249756,0.606666946411133,0.828278350830078,0.856629943847656,1.25934143066406,1.60300445556641,1.65670337677002,1.893186378479,1.30761919021606,0.798974466323852,0.999440772943502,1.19803551917215,0.895466079971762,3.87363858770783,4.06623253532175,3.67180053799275,0.107816515925062
"US-Ton",38.4309,-120.966,177,"WSA","Csa",559,-84.6129620112258,-506.98591472212,422.372952710894,16.5282453976011,6.73374212043556,0.613127176763326,11.7137604111652,0.242400506411767,0.460178900708436,1.03399091637775,0.993069105378879,36,-0.0225209959260528,0.0218148219175217,0.0103299635191956,0.178597723330725,1.11575083732605,1.60798530578613,0.906520175933838,0.598901176452637,0.870256614685059,0.872527503967285,1.2677661895752,1.61472587585449,1.69369983673096,1.86439533233643,1.31941394805908,0.797948837280273,0.714756452437008,0.865444483216918,0.759415472912755,2.94920884645135,3.05291718104459,3.00114773410754,0.129628854787554
"US-Los",46.0827,-89.9792,480,"WET","Dfb",828,-117.433639043415,-385.021874940024,267.58823589661,5.36522281925666,11.3020797468289,1.0157027431399,11.1512904845288,0.286608488108726,0.508468292594242,1.77880646882053,1.22605060174205,123.228302047386,0.0225817718852772,0.051230364701126,0.0271958751564707,0.0151708587565112,2.40117206573486,4.54102554321289,3.03780212402344,2.00571429729462,2.15509166717529,1.79560413360596,2.2698902130127,2.84395618438721,2.02139186859131,2.44139194488525,1.70468864440918,2.88432235717773,0.898662655827506,2.25429909471802,2.07512926550753,4.23282785624947,4.80903996635019,5.03975549851674,0.0923389014199397
"US-Wkg",31.7365,-109.9419,1531,"GRA","Bsk",407,-35.4361337700021,-111.110564125889,75.6744303558872,17.511085831915,7.05644724256866,0.545548007366159,10.3176792355922,0.130699385324435,0.217351349119165,0.292958322588121,0.309915430274057,66.5281647470214,-0.176656302200158,0.00184770150213326,0.0136140900894824,0.651038982893558,0.41377284526825,0.705274772644043,0.0932600021362305,0.20300350189209,0.927546119689941,0.642343521118164,1.00293006896973,1.21677665710449,1.39296722412109,1.69706935882568,0.82168493270874,0.616337013244629,1.15726264456652,0.938633166095526,1.12140073271449,0.751007666926148,0.754520796536211,0.618922668055753,0.165473056232934
"US-SRM",31.8214,-110.8661,1120,"WSA","Bsk",380,2.03561792041462,-123.12621010535,125.161828025765,19.2913015739938,7.3281085994924,0.577868190401718,12.3191787308821,0.156863848719954,0.264012355237655,0.386180139526337,0.364387015876334,69.8134485028087,-0.1358079876858,9.05651559975981e-11,-0.0296088217198914,0.084269310388152,0.64747257232666,0.923150157928467,0.264981651306152,0.44945068359375,1.08256397247314,0.926374053955078,1.24747276306152,1.5495231628418,1.72065925598145,1.99428577423096,1.02615385055542,0.827765655517578,1.04679144782947,1.10435220257184,1.7215345304185,1.7873142399787,1.63598594878323,1.29491817661291,0.086624137978829
"US-CMW",31.6637,-110.1777,1199,"DBF","Bsh",288,-369.464200716224,-670.418407669486,300.954206953262,17.0168684470823,7.43436510752022,0.398825587697862,18.122716661306,0.165785472859125,0.312382748061759,0.524831264939185,0.452409511124914,12,-0.0832901379329113,9.86210710233087e-17,-0.0477621515721965,1.45785402398727e-08,0.495164799690247,0.692161130905151,0.137729072570801,0.269304275512695,0.967765808105469,0.735824584960938,0.979340362548828,1.30329704284668,1.53025550842285,1.75875473022461,0.890329551696777,0.698315000534058,0.808469166446767,0.704597173794674,1.01697990653727,3.04607010770827,3.14064857154203,2.88557715404549,0.318094616653259
"US-Ho1",45.2041,-68.7402,60,"ENF","Dfb",1070,-299.357336404256,-764.269802694207,464.912466289951,6.61769827178531,10.3894591738177,0.611917349046751,11.8398848333476,0.38629961278147,0.741637895710001,2.28759384411156,1.2763492036023,78.2454072577412,0.0207577801329238,0.15157423451309,0.0462159680450285,0.000248944988277831,2.95956058502197,3.17970733642578,3.05040302276611,2.58205132484436,2.06798534393311,2.27662982940674,2.52754611968994,2.5232967376709,1.96813163757324,1.75853476524353,2.10131864547729,2.49626379013062,0.570237484787588,1.40142653121243,1.26881515609782,4.76883712153282,5.17106392630324,5.3090676808381,0.253330572152117
"US-Ho2",45.2091,-68.747,61,"ENF","Dfb",1064,-324.212943556417,-818.803083262039,494.590139705622,7.69243464477616,10.4029092117817,1.16021966967335,12.0846137054206,0.388248776323485,0.733546110231947,2.40223919768634,1.28013658333766,78.972893426846,0.0212833811297406,0.0108725800197316,0.0221970889536066,0.00406488405945492,2.9701099395752,3.15304050445557,3.08029289245605,2.58776559829712,2.05963363647461,2.27509136199951,2.53706970214844,2.51684989929199,1.96842479705811,1.78468852043152,2.09750909805298,2.52285718917847,0.693628058181476,1.70825175652382,1.53983245719108,5.2175255929567,5.48870440397078,5.671564903461,0.285345991346384
"US-GLE",41.3665,-106.2399,3197,"ENF","Dfc",1200,-42.1674098081792,-303.74826535394,261.580855545761,0.332191423096627,9.37434337922775,0.75892300061711,6.96551227255155,0.19259468702435,0.394892674484259,0.437811560046835,0.412233439218874,34,0.0106144661254542,0.300454761411887,0.0220132509974456,0.0974290020432554,1.88014640808105,3.30681324005127,2.38879127502441,2.47978038787842,2.73765563964844,2.71194133758545,2.37684965133667,3.09780216217041,2.69289374351501,3.36131858825684,2.49120855331421,2.58527450561523,1.02751539295442,2.74950065363386,2.81775485069653,3.2090698151255,3.40612658759154,3.5095390743991,0.248808448706043
"US-Me2",44.4526,-121.5589,1253,"ENF","Csb",523,-352.598034904017,-794.334843163624,441.736808259608,7.96091504048442,7.89864891939212,0.597719394793707,7.78935665986664,0.307782037271677,0.613216335402696,1.92881377807634,1.22255615035829,62.5595933183088,-0.0326802599293371,0.0137051902077613,-0.0286608277910567,0.0275073448667399,1.33347988128662,1.9653480052948,1.66300373077393,1.31267399787903,0.944395542144775,1.31457872390747,1.74732608795166,2.19194145202637,1.91677651405334,1.65443222522736,2.1380952835083,1.68608064651489,0.983085424786863,1.62767258966484,1.60506178993285,3.8699710933042,4.35051829635719,4.12819865204033,0.621132661227992
"US-NR1",40.0329,-105.5464,3050,"ENF","Dfc",800,-196.978231574533,-441.815823357289,244.837591782756,2.38039954436845,8.79652290713141,0.529362658342584,7.41998027791418,0.260572977824396,0.513702302610155,1.28948856696981,0.916444570729847,41,-0.0364009515913365,0.00209119927643946,0.0211236845739126,0.0636340861668393,1.78849811553955,3.00615425109863,2.38388271331787,2.32417573928833,2.55384621620178,2.57582421302795,2.19465198516846,2.78673996925354,2.54915752410889,3.15868124961853,2.47501811981201,2.54197788238525,0.624693775232439,1.57936162946555,1.61597474805324,2.79639533808876,3.35652285141874,3.16477687001648,0.197106111907971
"US-WCr",45.8059,-90.0799,520,"DBF","Dfb",787,-279.449879830527,-615.761801766874,336.311921936347,5.25320701878075,11.6162168594292,0.905934512325543,8.5221571727508,0.314963571918326,0.509575196835433,1.87511823846096,1.1605769742107,133.741992787136,0.0166950571098453,0.31748120843717,0.0459116882852496,0.0020430372241504,2.35772953033447,4.25626392364502,2.99531154632568,2.00065932273865,1.98945045471191,1.64908409118652,2.19516448974609,2.73846168518066,2.06959714889526,2.38732600212097,1.80424900054932,2.91626377105713,0.64961044658855,1.5893564592572,1.42732382200017,4.1831629845559,4.58254903084586,4.69305920805561,0.0393058979238102
"US-UMB",45.5598,-84.7138,234,"DBF","Dfb",803,-222.070158376689,-652.223817873483,430.153659496794,7.14666806092529,10.5814384833498,0.94486991907631,7.38299038654482,0.324729545576914,0.516272400014923,2.12886593098486,1.68618118277874,81.3574314255783,-0.00229819874361511,0.785357411157894,0.0138383048066299,0.170458911256725,3.66600761413574,3.80600719451904,3.22732605934143,2.28102560043335,1.72608060836792,1.6865198135376,2.19531097412109,2.42630023956299,2.09706954956055,2.39985356330872,2.008717918396,3.48153853416443,0.708329350540633,1.82995457296823,1.49507352663773,5.41572202208053,5.89131541734635,5.87110773480965,0.070003062430991
"US-MMS",39.3232,-86.4131,275,"DBF","Cfa",1032,-362.721084655538,-767.544919660513,404.823835004975,12.4799725167441,9.99122154421021,0.722759136978528,7.96366122221873,0.397461544346683,0.658723739603568,2.35535341726433,1.5498247075054,35,-0.0252984110462703,0.00713886489066079,-0.0085741650335354,0.252859109377288,2.07956027984619,2.27304034233093,1.79956042766571,0.832820606231689,1.01985359191895,1.56549453735352,2.52761878967285,2.36688690185547,2.04468898773193,1.7923810005188,2.30644693374634,2.03597073554993,0.655597885225021,1.23713086327327,1.272217687018,4.44200451198278,4.61483433776932,4.46867026654404,0.0734953607660219
"US-PFa",45.9459,-90.2723,470,"MF","Dfb",823,5.43055146062493,-312.911104455532,318.341655916157,5.75627147552502,11.5264183402542,1.24042261438011,8.67869466339043,0.318687832903812,0.571651959815896,1.85520053387414,1.19569368035885,133.741992787136,-0.0201609940770122,0.180108027952201,0.0231756240294802,0.248859163603162,2.401171875,4.32520160675049,3.02395582199097,2.01509160995483,2.09098901748657,1.80549449920654,2.27245445251465,2.82556762695312,2.02783908843994,2.49641056060791,1.76666655540466,2.85487155914307,0.712477368701601,1.77559538455763,1.65387966535946,6.39307038625051,7.11479469120505,6.88147155043651,0.0406994443614682
"US-Syv",46.242,-89.3477,540,"MF","Dfb",826,-137.448386267437,-555.987407250306,418.539020982869,4.5960791753273,11.5954027312467,0.997032232795844,8.02176506287872,0.269013311491147,0.526037184085669,1.86648920751807,1.1863850450208,136.433186414095,-0.0273411625490899,0.234882648605198,0.0138912689131504,0.501303649349958,2.44549503326416,4.15032939910889,2.95531158447266,1.97245419025421,2.06820521354675,1.72146511077881,2.1610258102417,2.57443218231201,1.74791221618652,2.26681308746338,1.68783874511719,2.8671796798706,0.695723687783142,1.65921184142277,1.50126513757767,6.68692134043118,7.59486798809572,7.28943777531198,0.100346007579932
"US-Whs",31.7438,-110.0522,1370,"OSH","Bsk",320,15.9964070075305,-28.995835298706,44.9922423062365,17.1486577242603,7.39092625755831,0.442867115889557,15.0780040053702,0.116940293796712,0.197097685124003,0.253273051307468,0.264389196033975,7,-0.1771844821744,0.000963059533270775,0.00231779410072832,0.964640361604803,0.490842437744141,0.680659341812134,0.0553848266601562,0.207252502441406,0.934505844116211,0.698461532592773,1.01648368835449,1.20300369262695,1.45641059875488,1.71794910430908,0.877142906188965,0.706446886062622,1.28987689388893,1.07968536598963,1.80850611530314,0.835771180339009,0.819900949602107,0.595108844200324,0.0315099938035678
"US-ICt",68.6063,-149.3041,930,"OSH","ET",318,-2.78557041035211,-71.1991653594605,68.4135949491085,-5.46855087016162,11.9086137021756,0.850603751493354,6.80457350683604,0.100842193763491,0.173642229577809,0.738432515753046,0.546040890951644,128,-0.177660410804582,0.0610386003495171,-0.183017632221281,0.0314956023259005,4.0723087310791,1.45289344787598,3.26791229248047,1.66886520385742,1.47194137573242,1.99333329200745,2.13736276626587,2.32109880447388,2.10446887016296,1.31047630310059,3.4550910949707,2.99406623840332,0.417234746818053,0.982233819691317,0.939576870651707,1.30505039041528,1.36009450801126,1.15099706029922,0.00446636135288509
"US-ICh",68.6068,-149.2958,940,"OSH","ET",318,9.13126007274838,-51.5939878957017,60.7252479684498,-6.72227740285918,12.7357222104726,1.18693018478249,7.38724373443969,0.0995435118851559,0.172997456219807,0.690528112414545,0.538789719132594,128,0.0320050097439103,0.228827339552698,0.00928620581124932,0.69990871561483,4.0723087310791,1.45289344787598,3.26791229248047,1.66886520385742,1.47194137573242,1.99333329200745,2.13736276626587,2.32109880447388,2.10446887016296,1.31047630310059,3.4550910949707,2.99406623840332,0.446912908922102,1.05210071056556,1.00415713485554,1.27088045395645,1.40593454433772,1.45185245563806,0.0251005854738012
"US-ICs",68.6058,-149.311,920,"WET","ET",318,82.0125714683597,-27.1550171381426,109.167588606502,-6.53046964990086,12.9340777001579,1.30793692024931,8.27389388621167,0.100842193763491,0.173642229577809,0.763480373584811,0.581711018032912,128,0.0637347451153445,0.20245393050759,0.0321551509777484,0.540594722711726,4.0723087310791,1.45289344787598,3.26791229248047,1.66886520385742,1.47194137573242,1.99333329200745,2.13736276626587,2.32109880447388,2.10446887016296,1.31047630310059,3.4550910949707,2.99406623840332,0.389838943716756,0.917739947766904,0.874157222030732,1.82082427533905,2.05686323249969,2.17471214222252,0.0484487994865051
"US-SRG",31.7894,-110.8277,1291,"GRA","Bsk",420,-36.8785175429861,-226.216585812787,189.338068269801,18.9902663875562,7.18886643613711,0.535970302560669,11.7968486809869,0.171173770915011,0.283310399193134,0.428213064752866,0.416332844745107,25,-0.0886635115274311,2.08659941807135e-08,-0.00306380205177603,0.720037123768109,0.68695981502533,0.926886343955994,0.263369941711426,0.501025772094727,1.10747222900391,0.951355171203613,1.24871788024902,1.57347927093506,1.75684967041016,1.97523803710937,1.04930410385132,0.85040295124054,1.03560253367829,1.11250130223684,1.17019359986946,1.6393146004947,1.55715803611377,1.40369621956833,0.315678382073804
"US-IB2",41.8406,-88.241,226.5,"GRA","Dfa",930.25,-205.231668550004,-635.207145349067,429.975476799063,9.05986855528352,10.913591156998,0.98865834638271,10.1388701363178,0.310126466584292,0.486912829940522,1.23416281203187,1.09620459798158,96.7760966207711,-0.0274230365320822,0.00416091966479996,-0.0237982340824863,0.0192229761430631,2.37963352203369,3.42835168838501,2.56249094009399,1.53978018760681,1.41619071960449,1.53970718383789,2.32754516601562,2.42857131958008,2.00263710021973,2.04534797668457,1.76791210174561,2.35963377952576,0.768240087437416,1.65157545186946,1.49596686677516,5.9716826244937,6.22648466437705,5.9762182017677,0.151907110670941
"US-Kon",39.0824,-96.5603,417,"GRA","Cfa",867,-167.403101191744,-686.268258499818,518.865157308074,12.9724541103807,10.7884603889836,1.1133106352026,11.9674716398881,0.291339014144935,0.464675108759893,1.12033214202857,0.895653983126464,55,-0.0287697223520573,0.00418489816080935,-0.00908832759565626,0.254871937524273,1.55750913619995,2.86315031051636,1.88754575252533,1.77494525909424,1.97150211334229,1.9553840637207,2.60029335021973,3.23963279724121,2.71933994293213,3.22835149765015,2.13904767036438,2.17487187385559,0.860363715079078,2.01551483695544,2.10488214755718,8.42450056110093,8.57654087331804,8.07258534268796,0.0508623811931094
"US-MOz",38.7441,-92.2,219.4,"DBF","Cfa",986,-351.783780508019,-764.264466489245,412.480685981226,13.6013677377156,10.36737614374,1.02098978627484,9.67622945697368,0.374392750793528,0.650998563211805,2.50168066426332,1.50145676256468,45,-0.00502462001053196,0.773198961474198,0.0568748766408418,1.7202181499272e-05,1.52593412399292,2.57765564918518,1.9139927148819,1.28109893798828,1.38798561096191,1.67084274291992,2.497216796875,2.72336959838867,2.36014728546143,2.57956037521362,2.08644685745239,1.99274728298187,0.689836966054019,1.41399320483415,1.51104113030503,4.71126368323579,4.68450304085574,4.64907106205025,0.0224903053264408
"US-NC2",35.803,-76.6685,5,"ENF","Cfa",1320,-384.90875878803,-1172.5547109489,787.645952160867,16.0910711073935,7.99146930423251,0.432484858044764,10.2808308239762,0.408015094608534,0.736809984982715,4.32742858664516,1.77079085842252,134,-0.0203545784446544,0.0341405831212141,-0.000427216570601236,0.969600783228949,1.75113546848297,1.37076919078827,1.58556795120239,0.938827896118164,1.02292976379395,0.996483612060547,1.71157608032227,1.46996231079102,1.82168502807617,1.31684970855713,2.40739936828613,1.61318678855896,0.684036477401505,1.02641800599647,1.04618650389187,4.6385294274236,4.92664883434165,4.8228465391421,0.372254251642927
"US-Bar",44.0646,-71.2881,272,"DBF","Dfb",1245.77,-183.175889860034,-592.589530345926,409.413640485892,7.52986439001788,10.1449619932176,0.583123730176216,9.80362671633294,0.387836521406084,0.65511303091792,2.26231966819736,1.27286049885849,70.4181949568177,-0.0528974455427406,0.0117594845902036,-0.0373148973657172,0.144058604544838,3.09890117645264,2.94234447479248,2.84080591201782,2.21413922309875,1.75509166717529,2.01904735565186,2.23216152191162,2.38263702392578,1.77230749130249,1.65135531425476,2.36146521568298,2.69655656814575,0.612444609851126,1.42734365354333,1.26981142421287,4.45523243302481,4.74803826493743,4.43958878082108,0.0305222419984764
"CA-Oas",53.6289,-106.1978,530,"DBF","Dfc",428.53,-129.574124354087,-467.111055351719,337.536930997632,1.9188985627874,12.8136266491799,0.937533834331656,8.17684663139846,0.254007802691961,0.44585919701684,1.74565207143055,0.910214576994226,86.7849666058708,-0.0105769954775695,0.519031700393188,-0.00343843580888964,0.801763477820912,1.01663017272949,4.26351623535156,3.80139198303223,3.03406591415405,3.20542116165161,2.75164833068848,2.67948703765869,3.22769260406494,2.59311351776123,3.18395609855652,2.93677654266357,3.03062210083008,0.552265404552493,1.64410891462836,1.59659741123639,5.48196632908857,6.112685653013,6.01032620085423,0.105144530982406
"CA-TP4",42.7102,-80.3574,184,"ENF","Dfb",1036,-192.620774766243,-736.553422350244,543.932647584,9.34218745775812,10.1754412319105,0.784144302268558,7.4687748261825,0.366995349588922,0.658590351307381,2.40391076450772,1.4573320487945,88.3594858032117,-0.0176545568544906,0.0359808669655713,0.0111164511744715,0.196079399309181,3.50695962905884,3.27699632644653,2.66446890830994,2.05457873344421,1.68717937469482,1.79245433807373,2.21164817810059,2.44271068572998,2.14783878326416,1.90051279067993,2.25560436248779,2.90146522521973,0.81896741226857,1.96841665740275,1.6871527946737,5.42710980270051,5.84688102434725,5.67529432748935,0.158141542194534
"CA-TP3",42.7068,-80.3483,184,"ENF","Dfb",1036,-547.841828058759,-996.82518102302,448.983352964261,9.19332656016215,10.1200527604757,0.783601790326769,7.75400058668231,0.340775011955561,0.619047329495565,2.20527476095026,1.47551587292668,88.1473023372228,-0.074761026710303,7.51831607899254e-28,-0.0779226366481834,2.03217774880826e-23,3.54820518493652,3.25069608688354,2.70952391624451,2.01084246635437,1.68945045471191,1.75084266662598,2.24234428405762,2.46219749450684,2.13736248016357,1.86139221191406,2.28029308319092,2.88036642074585,0.828511577835599,1.99005144513262,1.68587536056442,4.4455671730594,4.85510746610819,4.28017314740944,0.217231981193945
"CA-Man",55.8796,-98.4808,259,"ENF","Dfc",520,-2.64712046777689,-227.229725756444,224.582605288668,-1.18050736032259,14.667151708872,1.29438905540596,9.76886613807042,0.189257876734803,0.453116642485438,1.00883598846677,0.723940764386019,177.069030205347,0.0339669517065023,0.087251691429285,0.0290118800983769,0.136060300539556,2.04996376037598,4.76608085632324,3.17457847595215,3.75450525283813,3.35010991096497,3.20439558029175,2.81538486480713,2.91890106201172,2.30402936935425,2.95465197563171,4.25333309173584,3.80732612609863,0.710079246600492,2.3286611203194,2.25672022845646,3.12535496433168,3.69746172007005,3.99203238001315,0.595356436294356
"CA-LP1",55.1119,-122.8414,751,"ENF","Dfb",570,-181.721007541168,-317.294472933927,135.57346539276,3.1681494512506,10.0231777303835,0.738260628995649,9.02026357500684,0.198464359316541,0.43322947710749,0.881869438090437,0.752706147985198,70.6500015258789,-0.035716323852824,0.0486228474923882,0.0129435395186439,0.585938456690889,0.919706916809082,2.5096700668335,3.2460072517395,2.44564094543457,2.58402919769287,2.28168497085571,2.23194179534912,2.6999997138977,2.59333310127258,2.58388276100159,3.01655683517456,2.86271076202393,0.810634077335084,2.02490747249651,2.13624989056582,2.39962465358761,2.88119127890149,2.66953647963514,0.155517252621665
"CA-Ca1",49.8673,-125.3336,300,"ENF","Cfb",1369,-373.758018249995,-1083.81887737918,710.06085912919,8.06550019586459,6.16181589678569,0.450077379849812,5.357712276357,0.367616226634762,0.761267813468333,2.14091943762517,1.3692235689597,115.448241627793,0.0256844199562972,0.018261252019563,0.0377257863544212,0.00186670550716863,1.17150182723999,2.29443221092224,1.96849813461304,2.12271070480347,2.01201462745667,2.06549444198608,1.96761913299561,2.28783893585205,1.87648363113403,1.94271068572998,2.17941389083862,1.86959707736969,0.615413028576705,1.21843139776939,1.26993276270965,5.85240476031746,6.64367591502171,6.86394876849918,0.414298493398891
"CA-Gro",48.2167,-82.1556,340,"MF","Dfb",831,-113.466320934151,-453.877799414088,340.411478479938,3.57907558656431,12.389301349359,1.06041532671307,9.19250708961711,0.291918607237608,0.565476151439302,1.71791804196498,1.01925964199426,79.0922435952724,0.00839405847521903,0.715927677524702,0.0384517326502065,0.0573334557198855,3.34014663696289,3.86549491882324,3.21010971069336,2.68366293907166,2.20805864334106,2.03633680343628,2.28864479064941,2.52087936401367,2.05978050231934,2.65223436355591,2.64263715744019,4.01355361938477,0.70962135036255,1.98230000754348,1.6132856934331,4.740059657897,5.31406062595627,5.38651318127593,0.0800367863980207
"CA-Obs",53.9872,-105.1178,628.94,"ENF","Dfc",405.6,-55.931001552334,-316.804268091669,260.873266539335,1.20871494650303,12.997621142655,1.09879782762797,8.73529196369973,0.210746176932607,0.489060243853913,1.03037774809184,0.802898119323937,115.885036448493,-0.0345053336283057,0.00438395222986824,-0.0379648659563603,0.00200586897595532,1.02036628723145,4.34923133850098,3.52761917114258,3.2422709941864,3.24241762161255,2.67443227767944,2.58417549133301,3.1712818145752,2.50351638793945,3.14161171913147,3.15970706939697,3.04864501953125,0.399210583632361,1.18649627707593,1.15097953368579,4.31542899508577,4.80243765941222,4.61544691032036,0.430128682808266
"CA-Ojp",53.9163,-104.692,579,"ENF","Dfc",430.5,-38.1157311708607,-234.602970822693,196.487239651832,1.42220585534305,13.139870853113,0.967887007345719,9.27141364692218,0.220409052512204,0.493162320325157,1.12661351111094,0.771493624817575,68.5450157431271,-0.0161481952173518,0.10350975575937,0.0151782963871286,0.240934199260851,1.10256423950195,4.27772903442383,3.51399230957031,3.16058611869812,3.26937732696533,2.67875442504883,2.6547981262207,3.05882797241211,2.42051277160645,3.14527468681335,3.14102516174316,3.06849784851074,0.630480209197488,1.86474714746578,1.79314153253936,2.86564478819825,3.33858774457781,3.24330180684676,0.332765475907898
"US-Jo2",32.5849,-106.6032,1469,"OSH","Bwk",282.3,-175.496940076807,-245.855922407421,70.3589823306135,17.6401279836445,8.18672718024218,0.457891119837292,12.3220902025515,0.112837485050218,0.17125427940032,0.214988909986962,0.215734894182655,9,-0.0528378593274532,0.127270382519515,-0.000674430994611308,0.978358340469092,0.740219831466675,0.940366315841675,0.311941313743591,0.578754615783691,1.26857147216797,0.980659103393555,1.26300392150879,1.27838821411133,1.56769237518311,1.74087915420532,1.06109890937805,1.03025641441345,1.41090485346479,1.50047751680547,1.60979282040328,0.537546972371862,0.55901227551912,0.513429859015979,0.026823967711518
"US-MtB",32.416,-110.7256,2573,"ENF","Csb",790,-509.163275023604,-742.922998789147,233.759723765544,9.84277184301751,6.89019332815054,0.41123526177408,5.56516578147434,0.286181942393323,0.540026465308063,1.47862841676174,0.710326834572664,5,-0.0513925133023071,0.000877389182231212,-0.0248273741219477,0.108075549707671,0.608131873607636,0.969523823261261,0.217728900909424,0.408424854278564,1.10095233917236,0.84820499420166,1.22058582305908,1.54432239532471,1.61245441436768,1.96564064025879,0.885567808151245,0.879926776885986,1.03748470763528,1.06009017173496,1.11488172543965,1.84278076445781,1.87947704071989,1.77481642387612,0.135105814400592
"US-LL1",31.2792,-84.5329,165,"SAV","Cfa",1310,-203.965057788011,-874.347700658117,670.382642870105,19.4159674776561,6.81546041409114,0.636935780309807,10.0165257884084,0.370377385040857,0.699037711536203,1.87846007715265,1.5636495033428,20,-0.0254835586651594,0.0011651741979908,-0.0133703052573916,0.0438370503861261,1.58021974563599,1.17985343933105,1.39641036987305,1.00073299407959,1.506591796875,1.25252685546875,1.70417633056641,1.44263648986816,1.77369995117187,1.51787548065186,2.46249113082886,1.50146532058716,0.938394832741546,1.43251288045333,1.20789383336944,4.34590107469512,4.49310209654633,4.35690489992581,0.172996107826044
"US-BZB",64.6955,-148.3208,100,"WET","Dfd",274,25.045077794412,-147.606624985555,172.651702779967,-1.53940827355926,14.9338205075614,1.59150600373749,13.0460404645818,0.17361072219906,0.360845193579614,0.6435434619755,0.669770630872915,78,-0.0449954435501468,0.00100338611710846,-0.0369416916150059,0.0101522891810255,3.01655616760254,1.04366302490234,3.51736259460449,1.9375825881958,1.59919428825378,1.7128942489624,2.11091556549072,2.25765581130981,1.9887179851532,0.945934009552002,3.16849880218506,2.34256362915039,0.464472209541753,0.992481845264569,0.918825697302917,3.72997787603884,3.86751540974436,3.71088101241575,0.0451917947857763
"US-BZF",64.7013,-148.3121,95,"WET","Dfd",274,41.2170994348595,-154.744515385917,195.961614820777,-1.1839852560856,14.8273452020252,1.56442539787215,12.0930751017669,0.19572275219691,0.389992773852592,0.851519517622006,0.752174906894134,91,-0.0474783786388653,0.0242554670998351,-0.0293638872778746,0.146052774113458,3.01655616760254,1.04366302490234,3.51736259460449,1.9375825881958,1.59919428825378,1.7128942489624,2.11091556549072,2.25765581130981,1.9887179851532,0.945934009552002,3.16849880218506,2.34256362915039,0.496550279646531,1.06102610164005,1.04096285708378,3.67466683556008,3.70762286860785,3.52883471138714,0.00399632669401149
"US-KL2",42.4768,-85.4468,258.3,"GRA","Dfa",1027,-263.119668264018,-650.348138992567,387.228470728548,9.32021508753712,10.5296910903344,0.880711625172847,10.2039741303919,0.260549767380642,0.46282475204122,1.09505595706223,1.10907892842325,29,-0.0350018378606535,3.15009743707198e-05,-0.0370443932297317,6.03725629940819e-07,3.05135526657104,3.16776552200317,2.56315021514893,1.63201460838318,1.36351661682129,1.59487190246582,2.22725296020508,2.42190456390381,2.01728897094727,2.04329681396484,2.09091563224792,2.5279851436615,0.921068193753587,2.04947791169576,1.8803486196614,5.56299302997422,5.94179894072909,5.56332684085046,0.0970342897194554
"US-Ro4",44.6781,-93.0723,274,"GRA","Dfa",879,-293.989857633709,-568.914636070497,274.924778436789,7.60175569080942,11.9786686992986,1.49579715660121,11.510077164664,0.258736245765583,0.412654827477739,1.05747218862343,0.957687170441826,87,-0.0158497180043157,0.324464903883758,-0.0133800002714963,0.340730074389566,2.2644681930542,4.33076915740967,3.00249099731445,1.81670322418213,1.90564079284668,1.68087959289551,2.17465209960938,2.77670288085938,2.06358947753906,2.24461536407471,1.46285717487335,2.25157527923584,0.717290012808443,1.67217900898713,1.63803910974857,5.76770063202062,6.45785721793308,6.29235311439335,0.151555736715484
"US-KM4",42.4423,-85.3301,246.3,"GRA","Dfa",1027,-6.0138490938565,-527.299100885535,521.285251791677,9.19888443298007,10.4426683562123,0.969532711680583,10.7043551576929,0.297590963175335,0.480400747127746,1.2001791673533,1.11832852635564,370,0.0047331584113367,0.768606510892807,0.0202533501544746,0.178846624972561,3.01304044723511,3.1402195930481,2.5389744758606,1.57692308425903,1.34161167144775,1.59912071228027,2.24234428405762,2.45223407745361,2.05604400634766,2.03553104400635,2.00322337150574,2.44300351142883,0.6853445178716,1.51017208131202,1.18280631381324,6.50849650803427,7.11188024161557,7.15180711983999,0.194333121019814
"US-MBP",47.5051,-93.4893,416,"WET","Dfb",780,-235.353178727978,-301.151105677917,65.7979269499401,4.24512463760388,12.5525100037199,1.24034175841012,11.3720477435296,0.284089004018777,0.501531689731978,1.87480434927756,1.13536010660674,29,-0.0590230744421441,1.37071301195141e-05,-0.0500569972830015,0.000214258782485178,2.34065856933594,4.7994873046875,3.33296718597412,2.46249084472656,2.89509139060974,2.48476181030273,2.84527492523193,3.31399250030518,2.06117219924927,2.87186808586121,1.83904757499695,2.79714260101318,0.491611521285834,1.39470004202902,1.32952410122885,1.59803098267769,1.71085952915306,1.58173649794269,0.197186590849076
"US-Myb",38.0499,-121.765,-4,"WET","Csa",338,-345.419171589945,-730.623080008503,385.20390841856,15.5282701241036,5.3411190434678,0.545486701731869,10.3262612864682,0.344865317575033,0.571750548713897,1.54598683415592,1.63238050386387,29,0.0747903702498699,0.0687809105505637,0.0696774728096302,0.106244751010249,1.15003662109375,1.52073268890381,0.943882942199707,0.819633674621582,0.94769229888916,0.9009521484375,1.28923091888428,1.55545768737793,1.76908435821533,1.86380958557129,1.38974370956421,0.826080656051636,0.513290146319537,0.64060052990145,0.697596780959408,2.58549027116294,2.89518636501129,3.0502483248055,0.0902086847641946
"US-NC4",35.7879,-75.9038,1,"WET","Cfa",1311,44.3801798026821,-771.264531392758,815.644711195433,17.038050136834,7.82707540171478,0.646656540485072,7.71063450602337,0.35534246442888,0.712813163023954,2.15037578467116,1.94544832110962,250,0.00245264283263732,0.914974983873152,-0.00012894699078848,0.995301195709616,1.6080584526062,1.39465198516846,1.59098901748657,1.04959735870361,0.79846134185791,0.775970458984375,1.53794784545898,1.22190437316895,1.57662963867188,1.20051288604736,2.23304042816162,1.66630029678345,0.637126420617917,0.884228686500543,0.772408131284585,6.77375548565428,6.85821322988881,6.87121802657219,0.206553716400922
"US-Tw1",38.1074,-121.6469,-5,"WET","Csa",421,-293.590674099642,-813.684690629763,520.09401653012,14.9789979059532,5.7490337879831,0.784274590800876,13.8315087942409,0.289151882162864,0.503075661479671,0.799678855920223,1.18403631856891,231,0.012451387236659,0.621453913481649,-0.00439491322149371,0.882553498860592,1.13479833602905,1.47809534072876,0.949816799163818,0.75684986114502,0.916337013244629,0.899560356140137,1.32307682037354,1.55538444519043,1.71838836669922,1.8465202331543,1.39670333862305,0.752600812911987,0.329489237613599,0.404396741084752,0.488611701645107,4.23105346575805,4.30303058093772,4.3292895581585,0.0479649931792065
"US-Ced",39.8379,-74.3791,58,"CSH","Cfa",1138,-81.8936443317743,-716.861689674484,634.968045342711,12.0290654366615,9.12320493831541,0.711612046367918,9.75149101438567,0.345113920852593,0.696850985081933,2.27782548785099,1.57393961799795,28,0.00785917444384255,0.715611866789713,0.0132400940931197,0.456559647446431,2.36021976470947,2.19135518074036,2.08542122840881,1.39479856491089,1.37978038787842,1.35194206237793,1.79626350402832,1.83472595214844,1.91545848846436,1.40857105255127,2.20893769264221,2.13106226921082,0.717929310009653,1.31970580305065,1.16844794048153,5.4988875267593,5.92003921080878,5.9746535239584,0.279830794245618
"US-Oho",41.5545,-83.8438,230,"DBF","Dfa",849,-783.193237168397,-1156.01637936921,372.823142200809,10.5036297474442,10.2114889512564,0.838409997292995,8.98785446175681,0.347107240790532,0.589715782151366,2.29261278358685,1.51747315394973,82.2768931115302,0.0169930897196551,0.118236174815472,0.039448726903907,0.0039959149538861,3.03604373931885,3.05714273452759,2.56402926445007,1.42117228507996,1.33186817169189,1.68212432861328,2.33772964477539,2.51655673980713,2.15985336303711,2.05685005187988,2.36109890937805,2.63882784843445,0.647526966392067,1.46574727967186,1.37554608299363,4.8285145632484,5.08247424150383,5.20267531236476,0.0824850571103217
"US-Slt",39.9138,-74.596,30,"DBF","Dfa",1138,18.4264655108193,-542.647043150486,561.073508661304,12.3415547295588,9.35440766450037,0.690651921947022,10.7663331203602,0.367755212535691,0.669821001406639,2.41341435947455,1.81101027706994,68.9446986652282,-0.00458023317079681,0.890284463075088,0.0363752856063389,0.165585815813323,2.46424903869629,2.28615388870239,2.07142853736877,1.45186805725098,1.42659339904785,1.39655723571777,1.80915718078613,1.93230743408203,1.85575122833252,1.35465202331543,2.19912104606628,2.1964102268219,0.683857779436242,1.27905620706707,1.17061252041222,5.65742923101486,6.25479213414686,6.2213456955616,0.0826812740239972
"US-Wrc",45.8205,-121.9519,371,"ENF","Csb",2452,-290.644768345297,-488.504573618531,197.859805273235,9.19377553986907,7.20471376114537,0.77860702147017,8.8048445101629,0.357653455721941,0.775579842844015,2.36263057546548,1.44120548787272,101.479496783525,0.0185150541298138,0.325963091471397,0.037619394897266,0.0257388440321526,1.23355314731598,2.01311357021332,1.66739926338196,1.3295970916748,1.0538462638855,1.44791231155396,1.83472537994385,2.16798534393311,1.92109909057617,1.50542140007019,2.14205121994019,1.78681318759918,0.679770109419432,1.13881417786694,1.11204542716936,2.08333826103551,2.28872327304026,2.3363356038568,0.0301323592699828
"AU-Tum",-35.6566,148.1517,1200,"EBF","Cfb",1159.01,-666.430363568438,-1557.7258006323,891.295437063867,9.53248648975493,6.15157098145256,0.896021748236895,6.04690851374325,0.345878013358442,0.74853132072947,4.14519945345041,2.48363707721383,123.345100402832,-0.0197662529251726,0.141513236522937,-0.00833078314537707,0.57821006991082,1.05567779541016,1.47377281188965,1.54073257446289,1.31267395019531,2.08168497085571,0.987472546100616,0.776703310012817,1.25076928138733,1.22300364971161,1.42168502807617,0.83238115310669,1.34439563751221,0.653008603238624,0.832637813045188,0.736838033099483,6.18405190494256,6.602687635414,6.50721952508368,0.148055939055029
"BE-Bra",51.3076,4.5198,16,"MF","Cfb",750,-166.288563972815,-749.266662235729,582.978098262913,10.970535411607,6.05153243791498,0.804565076446664,6.56121280803164,0.358924364983157,0.694204121008411,2.13614227479065,1.35174061209821,79.5803451538086,-0.0386829438685947,0.0592188007351156,0.00907339435039324,0.65024405666707,0.75728931427002,0.563003659248352,1.10271058082581,0.145641040802002,0.809962844848633,0.667472457885742,1.56857147216797,1.49223442077637,1.56805858612061,1.07391948699951,0.594871807098389,1.31164836883545,0.494744479308063,0.480536408995448,0.565401378277902,5.05884423188308,5.21705322079311,5.10418777748932,0.0306491669319414
"BE-Vie",50.3049,5.9981,493,"MF","Cfb",1062,-478.576669603235,-1021.33533353019,542.758663926959,8.46045320973198,6.51403276998003,0.90008641855086,6.28545170827858,0.347086027040043,0.708127389830606,2.02067244338862,1.30181758936042,129.024826049805,-0.00179819896103596,0.8412987238378,0.028317601188162,0.0047313387298153,1.16439564228058,0.822124564647675,1.28695969581604,0.0964835643768311,0.848717975616455,0.891868209838867,1.79377269744873,1.84483509063721,1.85545806884766,1.07347965240479,0.641904830932617,1.60571429729462,0.583335115051806,0.67694651230155,0.723903025169794,4.51297801872688,4.81470650628624,4.80844317594398,0.141271716882055
"CH-Lae",47.4783,8.3644,689,"MF","Cfb",1100,-230.301691672354,-775.649287943764,545.347596271408,8.91576574516798,7.76688290346982,1.37410969384722,6.14976817766961,0.402360012692593,0.691731899909905,2.70420706822664,1.47312930880653,79.2319793701172,-0.0397716541322194,0.000156700336333471,-0.0269057786418132,0.00935041194216553,2.3344322681427,2.0747985124588,1.86183152198792,0.413333320617676,0.84798526763916,0.649523735046387,1.95772857666016,2.01890087127686,1.92197799682617,1.47010984420776,1.10227100849152,2.34300365447998,0.628703904935538,0.995232863019712,0.956418994078541,5.92865570197536,6.03526509969164,5.81000490552336,0.0188083439559102
"CZ-BK1",49.5021,18.5369,875,"ENF","Dfb",1316,-706.673324418276,-1175.15668227263,468.483357854349,7.29131054704441,7.84426628312266,1.00347032380534,5.89462338678138,0.302740047289202,0.694963782446933,1.84740988014755,1.12523607334286,235.810729980469,0.0357730749659989,0.0120026321170517,0.0571285786091285,0.00053299161511897,2.72051277160645,2.35948719978333,2.38190474510193,1.10446887016296,1.55531139373779,1.30051288604736,1.78417549133301,1.73194141387939,2.26527490615845,1.63956050872803,0.66813188791275,2.63743591308594,0.603207027932245,1.11335519581432,0.995219873551654,3.7744638074678,4.08992147356944,4.23815420477574,0.171675896149952
"CZ-wet",49.0247,14.7704,426,"WET","Dfb",604,70.6151128263089,-389.116430370916,459.731543197225,8.88685522941543,7.66466204725279,0.735638212513212,10.8132253400929,0.37503378460016,0.584404436097938,1.4022786353697,1.13282754642692,76.5517730712891,0.0129825577508196,0.416113924912191,0.00629194561697346,0.750376675112495,2.40065937042236,1.93604395389557,2.0073260307312,0.450329637527466,1.25604400634766,0.967179489135742,1.74241752624512,1.89846153259277,2.29699630737305,1.76249094009399,0.690695953369141,2.18908424377441,0.721225373942697,1.17786495169403,0.922696200965539,5.46773545729123,5.87440927271288,5.94520173048286,0.221303481458841
"DE-Gri",50.95,13.5126,385,"GRA","Cfb",901,-84.3058971155482,-629.360069874929,545.054172759381,8.80515360598816,7.49373311645192,0.726677589143819,10.0027177275838,0.350130308642465,0.674273161815291,2.34571107267526,1.24622199855632,89,0.019225380473901,0.250220438532461,0.00300263782558357,0.831726700640507,2.06080594062805,1.62827837467194,2.00783882141113,0.484249114990234,1.18219766616821,1.1541389465332,1.81728916168213,1.7753116607666,1.92879085540771,1.51926746368408,0.742197799682617,1.88608064651489,0.761422760266298,1.15396452141869,0.833277407283565,5.43992017344939,5.84131031702436,5.93564213146616,0.302074230359413
"DE-Hai",51.0792,10.4522,430,"DBF","Cfb",720,-504.954047563738,-945.685434726155,440.731387162417,8.57596530324274,7.52423386471052,0.86546747451367,5.644504683672,0.37783450464704,0.684471695389911,2.14589890517889,1.1460306090693,79,-0.0331794390249004,0.00113639885385234,0.00217267899272281,0.793734002235107,1.80520148277283,1.32512817382813,1.89260075092316,0.481465291976929,1.23296709060669,1.22454204559326,1.8997802734375,1.84842472076416,2.04490871429443,1.54725284576416,0.784102535247803,1.83355309963226,0.673786317722733,1.00618347032733,1.14627812958429,3.69650543351168,3.79584286784731,3.65418695251984,0.120401961908496
"DE-Tha",50.9626,13.5651,385,"ENF","Cfb",843,-476.47260616411,-882.307324456534,405.834718292425,9.40255134094217,7.78619855684276,0.983414471537672,6.32749482863516,0.326846296310307,0.725934081726065,2.00341700710928,1.16948173188794,79,-0.0115613715907186,0.0206539152975213,0.0109524429276162,0.132590253538112,2.06498165130615,1.53860802650452,2.06256403923035,0.564395523071289,1.2150182723999,1.18673992156982,1.82402896881104,1.76542148590088,1.9308422088623,1.53663005828857,0.692893886566162,1.91736271381378,0.701470303120775,1.06971221015948,1.05058149299615,3.58320933160376,3.7914350909434,3.74566224716921,0.279573260216614
"DK-Sor",55.4859,11.6446,40,"DBF","Cfb",660,-228.277199687953,-912.389929051063,684.11272936311,8.76127826161202,6.4625596299101,0.794071682898293,5.09121651836642,0.394364843810936,0.631647917171815,2.57819245043684,1.50674990203585,91.6742324829102,-0.02851566257974,1.06283013368718e-05,-0.0191629408437724,0.00943932989871923,1.20095238685608,1.29135527610779,1.76901097297668,0.944249057769775,1.3457145690918,1.60630035400391,1.59457874298096,1.57575054168701,1.39435901641846,1.50102596282959,1.07128210067749,1.21890110969543,0.574062645600123,0.789981005763246,0.866208189430577,7.62557730520028,7.74896433286378,7.55990557105751,0.114268495941453
"FI-Hyy",61.8474,24.2948,181,"ENF","Dfc",709,-214.382949914456,-519.418977913989,305.036027999533,4.80029616803279,9.11392688787079,1.14371117721843,6.32351845361954,0.244738757101438,0.505136386115172,1.94365967324957,1.07498614547381,44.4856986999512,-0.0330940060294969,5.90756036551231e-13,-0.0121393105392994,0.0104558504646979,3.75538463592529,2.35809535980225,3.5701096534729,2.38146524429321,2.11706967353821,2.43978042602539,1.69897422790527,1.9849084854126,1.31978015899658,2.46761908531189,2.17743587493896,2.83897433280945,0.682527679453595,1.6556754831978,1.41831283641707,4.00266217801088,4.38011329587655,4.17927145018773,0.503191057317172
"FI-Sod",67.3624,26.6386,180,"ENF","Dfc",500,98.6972586207745,-99.0395788368508,197.736837457627,1.02561155510018,10.6200674703173,0.602333311290254,8.27390854326396,0.142862776079565,0.331580343998496,0.518258002613718,0.482747210399041,133.773406982422,-0.0577162549580186,5.31919434867996e-07,-0.0604238484136699,2.43569343461613e-05,3.35443229675293,3.01992740631104,3.83238105773926,1.66388263702393,2.33318691253662,2.73699636459351,1.85120887756348,1.90490818023682,1.66798520088196,2.63655676841736,2.87304039001465,2.56315021514893,0.759425774740998,1.9262617268676,1.42682353223577,3.89097585936048,4.15237950473067,3.8241286361864,0.309663969021184
"FR-Pue",43.7413,3.5957,270,"EBF","Csa",883,-265.34770347093,-732.836142569957,467.488439099028,14.147002876442,6.64625290550396,0.608136711306325,8.55516864391312,0.353271042173543,0.675778763695069,2.07175444654842,1.46986950273851,62,0.0113081091709084,0.53842837596802,0.0130132430614489,0.295202875611647,1.38139181137085,1.74446873664856,0.865567684173584,0.0470327377319336,0.864615249633789,0.753919410705566,1.85670318603516,2.39150161743164,1.90783920288086,1.05230751037598,0.80388298034668,1.64695963859558,0.87304193222264,1.11430632562803,0.900749809126628,2.69678895897031,2.80005365857179,2.82872012851484,0.352110957293276
"IT-Lav",45.9562,11.2813,1353,"ENF","Dfb",1291,-1990.65408204957,-2063.26032472603,72.6062426764643,7.39348382553841,6.89476103436451,0.765863132714562,5.99747842190016,0.327520066819744,0.735570548306077,1.97831400822215,1.33768603981023,87.5299987792969,-0.0204822574175745,0.246325245271407,-0.00812825954204146,0.670807655141245,2.72732601165771,2.20652012825012,1.44322347640991,0.251282119750977,0.922857093811035,0.801538467407227,1.9609525680542,2.23531150817871,2.33369960784912,1.46630039215088,0.511428582668304,2.23260078430176,0.66117917781917,1.05199341490542,1.09271595113686,1.69438960668355,1.88852591788215,1.84672776583871,0.0605386603080568
"IT-MBo",46.0147,11.0458,1550,"GRA","Dfb",1214,-18.350249624446,-604.92334303489,586.573093410442,5.53432594616474,6.8589988729961,0.607323328466359,7.02143658759124,0.295786993724312,0.428941811449741,1.19291086045125,1.06205608811325,78.8899993896484,-0.0255567270128948,0.0568996647275814,-0.0215616192853241,0.299750918613999,2.70564098358154,2.26424913406372,1.50930397510529,0.197948741912842,0.936923217773437,0.755750846862793,2.08234481811523,2.17692317962646,2.39750938415527,1.57831516265869,0.538901126384735,2.23018312454224,0.939152645690392,1.51626145300364,0.964754145880813,6.8211469889314,7.31839598446523,7.14016023384797,0.211731146742197
"IT-Noe",40.6062,8.1517,25,"CSH","Csa",588,-144.537083510501,-606.353192648342,461.816109137842,16.5881302557681,5.49241846551529,0.821192523588099,10.462381284221,0.277665954833359,0.625079712693846,1.20219994458626,1.78190961866561,77.9300003051758,0.0567945242147892,0.00160615976463507,0.0546749924644789,0.00363382228779689,1.28583653767904,1.44993893305461,0.873626708984375,0.311111132303874,0.786691347757975,0.94468879699707,1.45873069763184,1.97167332967122,1.90146446228027,1.08168506622314,0.683150291442871,1.29511578877767,0.694700540297426,0.813014589446079,0.666360665273521,2.46842113922197,2.6221641791335,2.72330342070387,0.228381729236816
"IT-Ren",46.5869,11.4337,1730,"ENF","Dfc",809.3,-680.608856043096,-994.568441120025,313.959585076929,4.72192737573099,7.05761298617528,0.675973909773953,7.23151181556196,0.255662626987094,0.544748506505867,1.53132670909628,1.0761966030888,102.099998474121,-0.0294584391553655,0.0192661943125807,-0.0234764617460366,0.0410283465376424,2.80117211341858,2.52036638259888,1.85238084793091,0.276630020141602,1.02989020347595,0.844908428192139,2.04820537567139,2.00102558135986,2.4110622882843,1.69582414627075,0.815750920772553,2.48732614517212,0.762129825637094,1.320043309656,1.16982119625422,2.95722172181904,3.14563992965468,3.03908425511771,0.190679411740652
"IT-SRo",43.7279,10.2844,6,"ENF","Csa",920,-383.455985351316,-1080.22293694386,696.766951592542,15.3003335834437,6.4708377449922,0.423211069530171,8.69871129915381,0.310257224240999,0.684966945162407,1.93794501644079,1.64634649671419,76.8300018310547,-0.0334179608846734,0.00169474731403356,-0.0256976272657424,0.0264943469570404,1.56373637914658,1.58782058954239,1.08598899841309,0.317124605178833,1.02802205085754,1.01721572875977,1.91382741928101,2.26913928985596,2.21108078956604,1.40989065170288,0.500640869140625,1.42774742841721,0.751847759074126,1.02327951124572,1.01066252771893,4.41048613218888,4.41438686330671,4.26778376446297,0.192994461822517
"NL-Loo",52.1666,5.7436,25,"ENF","Cfb",786,-477.549989254435,-954.848332800751,477.298343546315,10.3430016926774,6.44251898225293,0.719877729602988,7.05813553018187,0.330614881575931,0.723400637063758,1.93115606087135,1.31485589978045,57.4398231506348,-0.0315258799122435,0.0259320727278498,0.0149168519240209,0.312434838525633,0.875531136989594,0.61260073184967,1.1950183391571,0.201025676727295,0.841904640197754,0.770915222167969,1.49699611663818,1.30842456817627,1.49274730682373,1.14600763320923,0.749596977233887,1.37882785797119,0.484425815157518,0.487235331772232,0.574664809683714,4.62263527122689,4.75685446314091,4.67145136853149,0.0263441794507622
"RU-Fyo",56.4615,32.9221,265,"ENF","Dfb",711,79.8016548097907,-468.270655804134,548.072310613925,5.50118862118453,9.866869421309,0.72956795610433,6.80981694873071,0.285396237839374,0.611086080183997,1.67563701000629,1.03525759230627,56.6130409240723,-0.0334390313615083,0.0206300936835451,-0.0540024745329176,0.0111625674148308,2.88212461471558,2.26043949127197,2.95531129837036,2.71714282035828,1.68087940216064,2.60336971282959,1.85252723693848,1.63780193328857,1.57560434341431,1.66161170005798,1.27333331108093,2.7347252368927,0.471019643867646,1.01406098212819,1.07683331593172,6.2010817360369,6.80358271437315,6.56295579625378,0.486521182029673
"ZA-Kru",-25.0197,31.4969,359,"SAV","Bsh",547,24.5645279922733,-460.06791926178,484.632447254055,21.9076724935601,3.22304914015409,0.620008004463665,10.9047386980255,0.270693111951583,0.456128619026511,1.01300265944355,1.22969405612954,46.1278533935547,-0.151221491057633,1.30161765264957e-09,-0.0635762029010969,3.49305727601669e-06,1.40608139038086,1.21963386535645,1.59714279174805,1.04175720214844,1.38578758239746,0.84315013885498,1.54410257339478,1.01399230957031,1.67406616210938,1.47604522705078,1.26468849182129,1.18564109802246,0.850209385857057,1.1089627361635,1.11900174687019,4.66195559495439,4.41068022544926,3.72405009418855,0.107363958127529
"IT-Tor",45.8444,7.5781,2160,"GRA","Dfc",920,-53.3990208020822,-378.88073967873,325.481718876648,3.56659101969567,6.66248491964086,0.7840929524192,7.57881529228821,0.208387361016361,0.34270653172678,0.901416537606743,0.668415359477453,85.8399963378906,-0.0122127032539332,0.657793891300481,0.0151038211877859,0.609434713811904,2.46021962165833,2.51890110969543,1.68417592048645,0.138388276100159,0.835164856910706,0.773406541347504,1.86732606887817,2.23135557174683,1.92095246315002,1.26527471542358,0.846959817409515,2.17267413139343,0.966449142971369,1.50724179545592,1.62628216282798,3.47707559321812,3.86811804730412,3.79205009349354,0.0356036357774558
"BE-Dor",50.311876,4.968113,250,"GRA","Cfb",581.795,-97.4769541054538,-959.952631189559,862.475677084107,10.1035293689974,6.15492877853217,0.58167706777697,8.68303806917144,0.445718875509951,0.647235439687862,1.45816333652462,1.1564227526124,83.4498748779297,-0.00511208415238717,0.562783881240595,-0.00438726298650785,0.644294030041794,0.915604376792908,0.755384647846222,1.1260073184967,0.095164680480957,0.787765693664551,0.853919219970703,1.71545810699463,1.78080577850342,1.62857131958008,0.987399387359619,0.574285554885864,1.39787545204163,0.809473630451852,0.851177815546996,0.920332771022723,7.29629242847025,7.76957711909623,7.73310852468723,0.39677171390263
"CH-Fru",47.115833,8.537778,982,"GRA","Dfb",1651,-298.756141864221,-912.35786013888,613.601718274661,8.04039474345066,7.20765234115182,0.634855889343677,7.57093251731358,0.412596028600113,0.604985806752047,1.83881503688333,1.28410118381219,82.6319885253906,0.00406021241309781,0.544058304346503,0.00874191479336226,0.206624391263521,2.50571427345276,2.29919414520264,1.8980952501297,0.353479814529419,0.863370227813721,0.682271194458008,1.98007335662842,2.02571449279785,1.90520133972168,1.446226978302,1.10593404769897,2.42102565765381,0.808073943454621,1.31219765944464,1.06171749637497,7.97030727314946,8.66460434189248,8.70203632870592,0.241611529464981
"CZ-RAJ",49.443724,16.696513,648,"ENF","Dfb",681,-383.809907796587,-859.185069446136,475.37516164955,8.30023571955898,8.57815740149597,0.662898357364048,5.83909880537581,0.270829953171355,0.629061353303186,1.63129726566981,1.12315591369686,124.493309020996,0.0171496594608114,0.341776555697997,0.0309526292790992,0.10271998382887,2.53567757606506,2.0140659570694,2.23098902702332,0.779194068908691,1.46490879058838,1.18102588653564,1.84146518707275,1.83531131744385,2.17333316802979,1.59692306518555,0.718754601478577,2.34827833175659,0.578627777826063,0.999093775292584,0.956436310804738,3.70116832331504,3.86669979448932,3.93064656998678,0.346461300964749
"CZ-Stn",49.035975,17.9699,564,"DBF","Dfb",685,-278.430872105195,-821.369317578759,542.938445473565,8.98118323087432,8.37801424119843,0.696085383636686,5.97823673125527,0.361638678191261,0.655961826544872,2.35591902498838,1.20967255214406,84.7341232299805,-0.00942934481298744,0.392068954442336,0.00111305127206659,0.931053286534159,2.70161170959473,2.2856409072876,2.26131873130798,0.897948741912842,1.47575101852417,1.32300357818604,1.86227111816406,1.91772899627686,2.40197792053223,1.72791223526001,0.639633691310883,2.5470329284668,0.65570417558321,1.20441008353546,1.21364713277692,4.93393904069618,4.97334629557953,4.91675625426243,0.0738548235311603
"DE-Obe",50.78666,13.72129,743,"ENF","Dfb",996,-226.057689823698,-858.858946476769,632.801256653071,6.93168692786418,7.7274844884537,0.792809281506245,5.24218428812131,0.281580622623092,0.706213975858283,1.64479758725273,1.1115747671808,89,-0.00436513838833111,0.684292095892503,0.0233364573118719,0.0939672324397338,2.09362635612488,1.63472542762756,2.00820505619049,0.516410326957703,1.20937719345093,1.19025630950928,1.78959712982178,1.79721622467041,1.92901105880737,1.53238077163696,0.739267408847809,1.94835159778595,0.711027414265144,1.08955618180269,0.998811277653858,5.63338578370577,5.91561680294548,5.88988115654086,0.387922154472925
"DE-RuR",50.6219,6.3041,514.7,"GRA","Cfb",1033,-118.192484701705,-824.359910137154,706.16742543545,8.58524093522313,6.439987981193,0.695806873549869,7.15743946093915,0.473789227156307,0.688206330812844,2.0013628520554,1.30888883883662,70,0.00717339152325072,0.438590825042746,0.0194529086202947,0.0939257319669854,1.19648351669312,0.827472519874573,1.38717949390411,0.15238094329834,0.878461647033691,0.981538200378418,1.88095226287842,1.81369953155518,1.82139205932617,1.15355310440063,0.647325992584229,1.655091547966,0.724818875659247,0.869512705282733,0.74120354731171,6.44894638243845,6.71083402856548,6.74661017780572,0.361614753313197
"CH-Aws",46.583194,9.790417,1942,"GRA","Dfc",918,-343.08964268401,-843.345162258304,500.255519574291,4.73601530718731,6.40748652085589,1.24788751480249,7.59069397535372,0.162847466496808,0.351048982273674,0.873428716871161,0.77464745017192,98.2575454711914,-7.55371256519071e-05,0.994404102459623,0.0112547295781323,0.321782187111018,2.78703269958496,2.69304046630859,1.97604398727417,0.332087898254395,0.998754596710205,0.947985327243805,2.2615385055542,2.30117220878601,2.18461537361145,1.65479853153229,0.989670372009277,2.57245416641235,0.75689670038972,1.36867070338307,1.2929883598912,6.3026900063229,6.93216069398647,6.93148367245112,0.14428734146319
"ES-LJu",36.926594,-2.752115,1613,"OSH","Csb",400,-9.39167239368855,-74.6445736803773,65.2529012866889,11.9658351285554,6.8798850672065,0.552650550886193,6.87101916192883,0.156131753795721,0.36474200017345,0.37733975963964,0.559924322705001,37.0802955627441,-0.128418089355323,0.000137522791298699,-0.125816785744624,0.00112584750513824,1.6016850233078,1.82483520507812,0.906153869628906,0.615677642822266,0.950769233703613,1.15076923370361,1.57172203063965,1.86879119873047,2.14329681396484,1.38879127502441,1.82586069107056,1.74600727558136,0.99034018809926,1.4520334408364,1.40603014400603,0.410578309932542,0.39073399809634,0.326185850350476,0.19598346871969
"FR-FBn",43.24079,5.67865,433,"MF","Csa",700,-561.031217007427,-1048.75988079321,487.728663785781,14.1791805929612,6.51811264903114,0.719903847179937,6.83265180840665,0.312322154163546,0.653080885469436,1.85169037904262,1.66657177466373,62,0.0634977793448218,0.000150273752065688,0.081448775836031,3.892619101382e-09,1.25267395973206,1.61421246528625,0.935311412811279,0.115897369384766,0.960952568054199,0.809011077880859,1.78183135986328,2.20278396606445,1.91816883087158,1.08864459991455,0.714139175415039,1.51670322418213,0.69001094211084,0.857357571417611,0.894913505486485,2.59227597691116,2.67734559001614,2.83389154843951,0.118417404126503
"FR-Fon",48.476358,2.780096,104,"DBF","Cfb",720,-591.859569221679,-1088.31903971927,496.45947049759,11.781572907446,6.48965519930657,0.782169161278032,7.50092675605363,0.407642864048184,0.668099171568401,2.54211370996448,1.72008508645343,45,0.0227633530142761,0.0916781110121527,0.0686325968288607,3.25650148247791e-07,1.00358979701996,0.93010983467102,0.994871807098389,-0.0283515930175781,0.700952339172363,0.65164852142334,1.82073249816895,2.00871810913086,1.75545787811279,0.731282043457031,0.344102478027344,1.34065928459167,0.63773385092041,0.651220486852277,0.865171924831294,5.13473029842531,5.26253592225587,5.36720473249587,0.0495079392392867
"GF-Guy",5.2788,-52.9249,48,"EBF","Am",3041,-219.262193000648,-1774.38231014212,1555.12011714147,25.9023911785633,0.834548468903374,0.38394033288273,4.9391753635586,0.474317399649342,0.811933861778792,4.13282318922444,3.36994676739437,23.965991973877,0.0436552020920798,0.00223807102064316,0.0971621039635125,7.71316555913086e-08,1.05978012084961,1.25084228515625,1.11706924438477,1.36703224182129,1.16417579650879,1.2449089050293,1.10505485534668,1.28769226074219,1.31010971069336,1.29047584533691,1.28007354736328,1.18366317749023,0.311303822,0.380332279365637,0.379910581314853,9.04860819784687,9.03878231019806,9.18994120227855,0.0234638729274942
"IL-Yat",31.345045,35.051989,652,"ENF","Csa",285,-128.658815276159,-357.160321648669,228.50150637251,18.3761550155112,6.37791233506911,0.624908652117271,10.3076309034908,0.199036790514001,0.345148008659677,0.591916179220703,0.596915954948961,20.8504829406738,-0.0254921493443444,0.0375196015218022,-0.00135306496081223,0.891716123808963,1.09406604766846,0.743369960784912,0.310109901428223,1.43238124847412,1.16161193847656,1.3297435760498,1.2534797668457,1.38761901855469,1.3492301940918,1.56717967987061,1.51340637207031,1.03362655639648,1.03556687849549,1.22333450664716,0.965121197427404,1.69467610276614,1.77361794623197,1.73051401712293,0.175465360114431
"SE-Deg",64.182,19.5565,270,"GRA","Dfc",523,-52.3517137599614,-113.894647689586,61.5429339296244,2.57836290697873,9.39947356576815,0.902916427901531,8.82949238386407,0.209691561279432,0.403204797742327,0.92237752057649,0.793380385193915,81.2222213745117,0.0207701919667425,0.0675870757697239,0.0232028754320666,0.0238959024120292,3.23831520080566,2.99692306518555,3.67706985473633,1.69912087917328,2.48923072814941,2.44102563858032,1.66549472808838,1.92710647583008,1.48234415054321,2.34219779968262,2.04175825119019,2.09743585586548,0.847713089269048,1.98492179701582,1.6904476186229,1.26179253989629,1.41574398456351,1.46633501215842,0.120493845821732
"IT-SR2",43.732022,10.29091,13,"ENF","Csa",920,-222.00947934841,-1243.52357841861,1021.5140990702,15.8001318875228,6.13717672342948,0.396637985760731,7.80952792990142,0.36363842653508,0.779128469237006,2.53584061395502,1.8197634767923,76.8300018310547,0.00833522587650188,0.543326603120507,0.00450107526892859,0.7915006487314,1.56373637914658,1.58782058954239,1.08598899841309,0.317124605178833,1.02802205085754,1.01721572875977,1.91382741928101,2.26913928985596,2.21108078956604,1.40989065170288,0.500640869140625,1.42774742841721,0.689913619558248,0.93898593552066,0.977990177417066,7.04564899146095,7.24907538937658,7.30840968884175,0.260878518180486
"CH-Dav",46.8153,9.8559,1639,"ENF","Dfc",1062,-17.3858085598854,-558.45030742096,541.064498861074,4.40516718912633,7.09208280426661,0.716998184196954,7.90296127896744,0.202076474355777,0.436143667974725,0.889368032095204,0.796840448674924,94.0256500244141,-0.0187216499856176,0.0632112779245385,-0.0179021230134226,0.0370837202607161,2.84989013671875,2.57633695602417,1.96769256591797,0.419194221496582,0.992454183101654,1.0355311870575,2.2989743232727,2.26161165237427,2.20813179016113,1.65289375782013,1.12923069000244,2.58710622787476,0.61359240584408,1.12384806261557,0.95541520268163,5.20159137689748,5.64036540115186,5.54037341453901,0.064780079182257
"DE-Akm",53.8662,13.6834,-1,"WET","Cfb",558,-46.7188718328051,-558.982556870301,512.263685037497,10.0290060789431,6.63548075662733,0.993876891831831,7.31035720303286,0.278787593821784,0.499805376169501,1.58138630668587,1.21551104006925,244,0.023768689202101,0.384713331895621,0.0372405738750775,0.178995451612285,1.62622709274292,1.40886452198029,1.82747251987457,0.868131828308105,1.30835151672363,1.44967041015625,1.60307712554932,1.59128246307373,1.64197807312012,1.69465217590332,0.942417669296265,1.5524542093277,0.633455055187105,0.92455824924444,0.943939370292947,6.24717986632078,6.65744537289511,6.80850138389467,0.138409409439614
"DE-Hte",54.2103,12.1761,0.2,"WET","Dfb",645,-155.790161942323,-412.370821690699,256.580659748376,9.82100147680125,6.8776268656682,0.809497680341758,5.51667630057803,0.295211127831552,0.589761017794885,1.7021471673642,1.19918238692797,107,0.0864056585960578,0.0165147422439629,0.12212530672937,0.000627584288928938,1.33232599496841,1.38443228602409,1.82417586445808,0.936630249023438,1.35338807106018,1.6307692527771,1.56483507156372,1.51593446731567,1.48205137252808,1.54496371746063,0.960164725780487,1.34349811077118,0.574822974832254,0.80825710875335,0.883759511404778,3.38444238255315,3.65644556002848,3.94659562299201,0.139013481469914
"DE-Hzd",50.96381,13.48978,395,"DBF","Dfb",877,164.911175149702,-444.688007166951,609.599182316653,9.88396812386157,7.49418589343772,1.12818770487068,7.84968218115446,0.316207220909361,0.714139087693842,1.88335029344554,1.20253018527933,79,-0.0580535577268482,0.0523722568389517,-0.0482218205855348,0.125369582379037,2.03311352729797,1.5216849565506,1.99736266136169,0.52175817489624,1.17846155166626,1.18732585906982,1.79611721038818,1.78293075561523,1.91091575622559,1.53333330154419,0.733846187591553,1.87399272918701,0.639106316443269,0.962432474561723,0.936632063276032,7.67059520581321,8.35168841273514,7.90969245099067,0.0554846375716172
"DE-RuC",50.5031,6.336,610,"OSH","Cfb",1250,144.496932641797,-308.67117700713,453.168109648927,8.39426269922587,6.64272112711054,0.627656800898261,6.55914895947426,0.283421043673173,0.751242787501254,1.76358718829438,1.22761489659163,79,0.0167620301518071,0.584476516666146,0.0200135136368271,0.596111594769288,1.22945053577423,0.848864459991455,1.34153842926025,0.154725313186646,0.94256420135498,0.951281929016113,1.79846134185791,1.9696704864502,1.87597103118896,1.17311363220215,0.630256509780884,1.55289380550385,0.784300812900507,0.945657089402982,0.832322682920067,4.27344074692727,4.73510499063334,4.80162939504154,0.386728079403031
"DE-RuW",50.5049269,6.33096248,610,"ENF","Cfb",1250,-477.308612212623,-1018.19905119314,540.890438980514,8.50362619535519,6.6204959685824,1.14738518767429,6.0338114373393,0.283421043673173,0.751242787501254,1.64037215218333,1.24407185324081,79,0.0262227896919204,0.185792440348358,0.0363684082157555,0.0454843626193545,1.2375824213028,0.854285717010498,1.34234428405762,0.17150182723999,0.915751075744629,0.95545768737793,1.80666656494141,1.94256420135498,1.84146575927734,1.18652009963989,0.641831541061401,1.57487182617188,0.532093448200402,0.641653396082758,0.623959340403662,5.02576196203253,5.39124354462155,5.48018043305726,0.285531524546702
"DE-SfS",47.80629,11.32757,619,"WET","Cfb",1127,-397.656239300577,-626.658628321425,229.002389020852,9.18893603395062,7.49678246488181,0.828849865329147,11.219162818992,0.260687290506878,0.588811073833238,1.41410881279991,1.21732591392455,230,0.0205909883152516,0.376690177458049,0.00880109034797576,0.646710946284407,2.72322340011597,2.30461540222168,1.98102567195892,0.462710857391357,1.245641040802,0.811648559570312,2.01978073120117,2.00161209106445,2.38022003173828,1.90139207839966,1.10021977424622,2.53875460624695,0.415704570016455,0.743794006228342,0.670972181688941,3.85151092208131,4.09362991154121,4.15057992622533,0.111598948749369
"FR-Bil",44.493652,-0.956092,39,"ENF","Cfb",960.1,-406.905726202312,-1040.6005231096,633.694796907286,14.1002856348664,5.7886917022077,0.533666979335366,9.75670791130578,0.311191159270394,0.574524937932556,1.23471418983395,1.47604681650214,62,-0.0460426417853521,0.000556909789415723,-0.00303034212766285,0.784928045951266,1.03882780075073,1.53318686485291,0.761684799194336,0.0509157180786133,0.630329513549805,0.451794624328613,1.48776512145996,1.88974361419678,1.62241764068604,0.94791202545166,0.682564067840576,1.53223452568054,0.71266827971173,0.750046324417173,0.750435804588447,4.50354603917512,4.53283846844345,4.37889447608463,0.312826349700194
"IT-TrF",45.82376,7.56089,2100,"DNF","Dfc",885,-1066.91773568178,-1086.77539837657,19.8576626947976,4.60332079989185,6.60538987539163,0.590529482219937,5.39289417959246,0.231176477620778,0.419187283432203,0.794967358162473,0.556131842293991,87.0999984741211,0.0376253750391572,0.0546669187656578,0.0679267760422256,4.83953297924177e-06,2.46043977737427,2.5272527217865,1.63948726654053,0.108205163478851,0.837435865402222,0.778021812438965,1.83538475036621,2.24556818008423,1.96937756538391,1.27706959247589,0.834871816635132,2.16600737571716,0.784908275670833,1.22178311265894,1.18903468853111,1.61923969816802,1.75948462527182,1.83998756916308,0.0142907481109348
"SE-Nor",60.0865,17.479504,58,"ENF","Dfb",586,340.224998313058,-264.612159103283,604.837157416342,7.1854612380637,7.74042637041906,0.623036401451145,6.97147137879542,0.29297650159757,0.628251313765508,1.78837498679959,1.16730381714613,68.9576568603516,-0.0357785417736638,0.181618131314724,0.00757106794497705,0.861332063721749,2.85164837837219,2.33150186538696,2.98776545524597,1.71545782089233,1.69611730575562,2.14446868896484,1.80139141082764,1.9515022277832,1.54761867523193,2.14117226600647,1.76586079597473,1.81362633705139,0.601742479066373,1.24100015309098,1.0793229450547,4.36070418920377,4.89531611706353,4.70987916356118,0.361997939725237
"SE-Svb",64.25611,19.7745,267,"ENF","Dfc",614,-113.902940413401,-440.411672550481,326.508732137081,3.38662393113742,8.9499324079805,0.546643845819432,6.19454866180049,0.254988859975355,0.570681357801184,1.52492942748832,0.896430904575299,61.3830261230469,-0.0198605531022807,0.246081849093816,-0.0129091334915076,0.514872407595274,3.35062255859375,3.05003662109375,3.6152382850647,1.93890116214752,2.45472531318665,2.48007345199585,1.86791191101074,1.809157371521,1.54263734817505,2.33003668785095,2.09692301750183,2.12043914794922,0.537706796938294,1.28407532619294,1.15676231087773,4.79202147611099,5.28368893954336,5.16368554404009,0.45468181958175
"UK-AMo",55.792545,-3.2436917,268,"WET","Cfc",960,-16.6258462619646,-340.884898422233,324.25905216027,7.88496450577755,4.76749738001939,0.65410274106955,7.01414407939767,0.398443312567709,0.614110666322815,1.24771366839385,0.935491585059964,156.634002685547,0.00208096344344729,0.901036746486288,0.00992258213830557,0.521076755689311,0.225494486093521,0.635897445678711,0.820732522010803,0.472966957092285,0.690036392211914,0.633186531066894,1.56336994171143,1.37413921356201,0.965421390533447,1.09750928878784,0.585347986221313,0.890256416797638,0.55497264802032,0.460366394659812,0.655367798723238,3.68261008077912,3.85126532596458,3.85652125106287,0.0627208496347615
"CA-Mer",45.4094,-75.5186,70,"WET","Dfb",943,-109.542264626334,-314.366633046391,204.824368420058,6.14797238591302,11.6114811283027,0.700989077581606,12.510628323156,0.271750732499803,0.481071430762829,1.18099059523543,1.0712970080022,134.958039806659,-0.0606522871871519,5.56841516253828e-06,-0.041610586144109,0.000168755317513333,3.93252754211426,3.26197814941406,3.091721534729,2.39677653312683,1.98915748596191,2.22029285430908,2.30571422576904,2.48937759399414,2.05919437408447,1.98036637306213,2.80783877372742,3.82146530151367,0.404861974429476,1.09165669486489,0.901538539371998,2.84583272586425,2.94780235259966,2.79094306014039,0.0879202060633794
"CA-TPD",42.6353,-80.5577,260,"DBF","Dfb",1036,-222.452996593877,-691.252130323024,468.799133729146,10.0473445520782,10.1394654763105,1.08534814346837,7.24882143820131,0.352956212787362,0.585328935050786,2.29530908905951,1.82361412902457,82.5454559326172,0.0163011277037725,0.367001605185224,0.0887525010568366,1.90596769855205e-05,3.44424896240234,3.23684978485107,2.74608063697815,2.03003649711609,1.69157524108887,1.80337047576904,2.28168487548828,2.48659381866455,2.22183132171631,1.92476167678833,2.27956032752991,2.8966299533844,0.751833706415817,1.81963953535271,1.64075231590262,6.20383304874663,6.71438278146137,6.89638955938155,0.064088084849091
"US-BZS",64.6963,-148.3235,100,"ENF","Dfd",274,-15.1889527552365,-215.16029745031,199.971344695075,-0.908258402449001,14.9603104663527,1.33075216753546,11.8164210134949,0.173681441022937,0.36116741949569,1.13246395408042,0.843841528044351,78,0.100742905531548,0.0044507220521721,0.0842951788463861,0.0227986131618327,3.01655616760254,1.04366302490234,3.51736259460449,1.9375825881958,1.59919428825378,1.7128942489624,2.11091556549072,2.25765581130981,1.9887179851532,0.945934009552002,3.16849880218506,2.34256362915039,0.242812029981271,0.518839505610043,0.482180671850401,4.0118271812326,4.29180557683632,4.50543212045215,0.0572317697017266
"US-Cwt",35.0592,-83.4275,690,"DBF","Dfb",1800,-40.585859573864,-706.469121346403,665.883261772538,13.2551681713002,7.25731877173192,0.449963365949602,10.7015826568887,0.428328993271222,0.728966439139061,2.61757795845929,1.4508600961571,45,-0.00194954163238641,0.963593655385825,0.0295410952019386,0.489707908202792,1.58666670322418,1.02864466905594,1.22285716533661,0.696336841583252,1.09670333862305,1.21194133758545,1.95472526550293,1.83267402648926,1.95992679595947,1.46124534606934,2.28080582618713,1.51179485321045,0.647180000000004,0.962374035101798,0.987239957489626,5.3568682400137,6.22675966004206,6.21478675679324,0.0467652497151066
"US-Rls",43.1439,-116.7356,1608,"CSH","Bsh",333,-133.430056782572,-343.151997477632,209.72194069506,8.63219631890685,9.62679690872849,0.712063551812423,8.58970970266041,0.121030572824098,0.243083500054004,0.297088581442702,0.317165639823574,16,-0.0483529622799255,0.00445084402000999,-0.0146867867602185,0.215075932823736,2.14776549339294,2.87589740753174,2.00776562690735,1.52293038368225,1.41443219184875,1.89282064437866,1.9076192855835,2.70197811126709,2.45794858932495,1.94996335506439,2.1890109539032,2.07340655326843,1.04498974522046,2.18938750100371,1.99266885955319,1.7256614377705,1.74437372729808,1.58414392895315,0.158433620542642
"US-Rws",43.1675,-116.7132,1425,"OSH","Bsk",290,-84.9014676308544,-225.554190420559,140.652722789704,9.68634846840034,9.72011227966319,0.662441671908429,9.34006272084806,0.104330328532245,0.208196061462201,0.217384287119243,0.232880044375693,14,-0.0342494253642323,0.0177664863526486,0.000763125422847914,0.937319179551028,2.15575084686279,2.90769233703613,2.01802191734314,1.55274724960327,1.39487166404724,1.93025617599487,1.95890102386475,2.72043952941895,2.48153829574585,2.01274721622467,2.22395596504211,2.10249075889587,1.12650203296356,2.39000670667654,1.92192984231015,1.59020363617373,1.66679341983801,1.56060985894526,0.159333328507378
