site_ID,LAT,LONG,ELEV,IGBP,Climate_class,MAP,NEE,NEE_day,NEE_night,MATA,SSTA,IATA,DRTA,EVI,NDVI,LAI,GPP,SOC,TAS_tot,TAS_totp,TAS,TASp,Tmin1,Tmin2,Tmin3,Tmin4,Tmin5,Tmin6,Tmin7,Tmin8,Tmin9,Tmin10,Tmin11,Tmin12,TS_TA,TSmin_c,TSmin_c_gs,NEE_night_mod_p,NEE_night_mod_f,NEE_night_mod_fa
US-Uaf,64.8663,-147.8555,155,ENF,Dwc,263,-82.40987858,-227.6169823,145.2071037,-2.982425133,15.16822482,0.764873017,11.89887595,0.138765741,0.305327436,0.670178302,0.629977961,92,-0.016967858,0.392872266,-0.00140643,0.94613944,2.971428728,1.113186789,3.577655888,2.073479939,1.638754535,1.795311522,2.078754425,2.260366344,1.970109916,1.008205163,3.169376373,2.386886406,0.584971039,1.269558552,1.171465343,3.49761788,3.646434892,3.574669379
CA-Ca3,49.5346,-124.9004,171,ENF,Cfb,1676,-455.3792721,-959.0584668,503.6791947,12.33045528,6.675638368,0.936052594,7.000477811,0.483764766,0.857448783,2.771600197,1.447177175,128.279005,-0.031147887,0.002596595,-0.005469221,0.539722796,1.154139209,2.22556777,1.977362657,2.092014599,1.978608131,1.931282258,1.908058739,2.174505615,1.906739902,1.852307701,2.177948666,1.86637361,0.687486394,1.331713214,1.383331281,2.932678231,3.348521426,3.207305051
CA-Cbo,44.3167,-79.9333,120,DBF,Dfb,876.34,-300.1998484,-801.2863788,501.0865304,7.359258406,10.05677926,0.718274965,9.292756057,0.306037318,0.526104282,2.218255443,1.261075594,67.82142639,0.005522306,0.727778698,0.045881731,0.007731255,3.947838783,3.618608046,3.158241653,2.267252731,1.886007214,1.849743485,2.319194031,2.616923141,2.191428518,2.236483574,2.279999971,3.195750809,0.777559162,2.045464753,1.756275866,6.649682478,6.766211601,6.832154272
US-Ha1,42.5378,-72.1715,340,DBF,Dfb,1071,-255.8035223,-728.151619,472.3480967,8.297445324,9.80788058,0.876678293,8.105718341,0.40356279,0.704857136,2.480657874,1.309982489,76,0.019266097,0.086282113,0.049975822,1.42E-05,2.858827925,2.58336997,2.528937769,1.920512843,1.79120872,1.809890223,2.041392136,2.313699627,1.797216105,1.43992672,2.127399302,2.380659246,0.687683913,1.466660191,1.36680067,4.883976753,5.27338544,5.414093543
US-Ha2,42.5393,-72.1779,360,ENF,Dfb,1071,-456.6123194,-777.3563094,320.7439901,8.439072822,9.896752583,0.453299542,8.095722153,0.40356279,0.704857136,2.556712065,1.317510843,110.2676788,0.023727102,0.260715962,0.049583144,0.034292514,2.858827925,2.58336997,2.528937769,1.920512843,1.79120872,1.809890223,2.041392136,2.313699627,1.797216105,1.43992672,2.127399302,2.380659246,0.597368044,1.274038717,1.118047981,3.304916059,3.70348787,3.803048877
US-Var,38.4133,-120.9508,129,GRA,Csa,559,1.649066579,-263.3390955,264.9881621,16.05593753,6.716035654,0.620708747,14.50050425,0.272531468,0.475748382,1.074555568,0.98014376,42,-0.115258003,8.14E-06,0.007450295,0.637340819,1.117728949,1.569084144,0.8872527,0.606666827,0.828278339,0.85662986,1.259341431,1.603004193,1.656703329,1.89318676,1.30761919,0.798974407,0.999440773,1.198035495,0.895466016,4.011754854,4.180414289,3.770474025
US-Ton,38.4309,-120.966,177,WSA,Csa,559,-84.61296201,-506.9859147,422.3729527,16.5282454,6.73374212,0.613127177,11.71376041,0.242400506,0.460178901,1.033990916,0.993069105,36,-0.020462839,0.048097181,0.01290152,0.112922091,1.115750933,1.607985282,0.906520128,0.59890101,0.870256364,0.872527444,1.26776619,1.614725828,1.693699622,1.864395666,1.319413948,0.797948742,0.714756452,0.865444455,0.759415413,3.092574231,3.193231575,3.143992979
US-Los,46.0827,-89.9792,480,WET,Dfb,828,-117.433639,-385.0218749,267.5882359,5.365222819,11.30207975,1.015702743,11.15129048,0.286608488,0.508468293,1.778806469,1.226050602,122.7002151,0.02214966,0.030031675,0.02853023,0.011798405,2.401172066,4.541025352,3.037802124,2.00571425,2.155091715,1.795604181,2.269890213,2.843955946,2.021392012,2.441391897,1.704688644,2.884322309,0.898662656,2.25429907,2.075129217,4.514934361,5.159683526,5.402374898
US-Wkg,31.7365,-109.9419,1531,GRA,Bsk,407,-35.43613377,-111.1105641,75.67443036,17.51108583,7.056447243,0.545548007,10.31767924,0.130699385,0.217351349,0.292958323,0.30991543,65.19973455,-0.077611356,0.000135181,0.043096496,0.024624002,0.413772851,0.705274749,0.093260027,0.203003693,0.927545846,0.64234364,1.002930069,1.216776657,1.392966771,1.697069573,0.821684933,0.616336977,1.157262645,0.938633144,1.121400631,0.814856545,0.840153263,0.770123513
US-SRM,31.8214,-110.8661,1120,WSA,Bsk,380,2.03561792,-123.1262101,125.161828,19.29130157,7.328108599,0.57786819,12.31917873,0.156863849,0.264012355,0.38618014,0.364387016,68.53139129,-0.135876251,8.70E-11,-0.015915161,0.317360072,0.647472537,0.923150158,0.264981753,0.449450678,1.082564163,0.926373827,1.247472763,1.549523592,1.720659113,1.994285941,1.026153851,0.827765536,1.046791448,1.104352234,1.721534663,1.572688747,1.556679129,1.232000305
US-CMW,31.6637,-110.1777,1199,DBF,Bsh,288,-369.4642007,-670.4184077,300.954207,17.01686845,7.434365108,0.398825588,18.12271666,0.165785473,0.312382748,0.524831265,0.452409511,12,-0.103216354,1.63E-14,-0.030308604,0.01964661,0.495164818,0.692161179,0.137729059,0.269304025,0.967765772,0.735824239,0.979340363,1.303296804,1.530255842,1.758754754,0.890329552,0.698314977,0.808469166,0.704597141,1.016979882,3.01255019,3.313335911,2.983170183
US-Ho1,45.2041,-68.7402,60,ENF,Dfb,1070,-299.3573364,-764.2698027,464.9124663,6.617698272,10.38945917,0.611917349,11.83988483,0.386299613,0.741637896,2.287593844,1.276349204,77.08237024,0.023485027,0.080471787,0.048506166,7.74E-05,2.959560585,3.179707003,3.050403023,2.582051325,2.067985392,2.276629925,2.52754612,2.523296595,1.968131804,1.758534718,2.101318645,2.49626379,0.570237485,1.401426521,1.268815166,4.315861368,4.519859172,4.65656939
US-Ho2,45.2091,-68.747,61,ENF,Dfb,1064,-324.2129436,-818.8030833,494.5901397,7.692434645,10.40290921,1.16021967,12.08461371,0.388248776,0.73354611,2.402239198,1.280136583,77.82012514,0.004990744,0.505240061,0.006202447,0.379997689,2.97010994,3.153040648,3.080293083,2.587765598,2.059633827,2.27509141,2.537069702,2.516849756,1.968424749,1.784688544,2.097509098,2.522857094,0.691328997,1.702589699,1.534728619,4.517415789,4.976170414,5.01443142
US-GLE,41.3665,-106.2399,3197,ENF,Dfc,1200,-41.06721474,-303.7133127,262.6460979,0.332191423,9.374343379,0.758923001,6.965512273,0.192594687,0.394892674,0.43781156,0.412233439,34,0.021886839,0.337661221,0.063827586,0.017786795,1.880146337,3.306813049,2.388791418,2.47978034,2.737655687,2.711941338,2.376849651,3.097802162,2.692893744,3.361318684,2.491208553,2.585274601,0.83037461,2.22197697,2.284314851,3.559104463,4.468465248,4.697551598
US-Me2,44.4526,-121.5589,1253,ENF,Csb,523,-352.5980349,-794.3348432,441.7368083,7.96091504,7.898648919,0.597719395,7.78935666,0.307782037,0.613216335,1.928813778,1.22255615,61.17514528,-0.033378436,0.028200027,-0.027191987,0.068591665,1.333479881,1.965348005,1.663003731,1.312673974,0.944395566,1.314578772,1.747326088,2.191941452,1.916776538,1.654432201,2.138095284,1.686080623,0.983085425,1.627672592,1.605061794,4.033485126,4.565153855,4.327014295
US-NR1,40.0329,-105.5464,3050,ENF,Dfc,800,-196.9782316,-441.8158234,244.8375918,2.380399544,8.796522907,0.529362658,7.419980278,0.260572978,0.513702303,1.289488567,0.916444571,41,-0.038816992,0.000872582,0.022621628,0.05063534,1.788498259,3.006153965,2.383882856,2.324175787,2.553846264,2.575824118,2.194651985,2.786739922,2.549157476,3.158681297,2.47501812,2.54197793,0.624693775,1.579361629,1.615974732,2.372368636,2.909538992,2.732637798
US-WCr,45.8059,-90.0799,520,DBF,Dfb,787,-279.4498798,-615.7618018,336.3119219,5.253207019,11.61621686,0.905934512,8.522157173,0.314963572,0.509575197,1.875118238,1.160576974,133.3623104,0.021634443,0.18143022,0.047479377,0.001352585,2.357729387,4.256263638,2.995311546,2.000659347,1.989450574,1.649084091,2.19516449,2.738461781,2.069597149,2.387326002,1.804249001,2.916263866,0.649610447,1.589356454,1.427323843,4.327045928,4.655744864,4.801754
US-UMB,45.5598,-84.7138,234,DBF,Dfb,803,-222.0701584,-652.2238179,430.1536595,7.146668061,10.58143848,0.944869919,7.382990387,0.324729546,0.5162724,2.128865931,1.686181183,80.23832177,0.000941918,0.9132747,0.010420419,0.332428571,3.666007519,3.806007338,3.227326059,2.2810256,1.726080656,1.686519885,2.195310974,2.426300192,2.09706974,2.399853373,2.008717918,3.481538534,0.708329351,1.82995458,1.495073566,5.345880646,5.774422387,5.782559871
US-MMS,39.3232,-86.4131,275,DBF,Cfa,1032,-362.7210847,-767.5449197,404.823835,12.47997252,9.991221544,0.722759137,7.963661222,0.397461544,0.65872374,2.355353417,1.549824708,35,-0.023834558,0.014654934,-0.006880323,0.373150145,2.07956028,2.273040342,1.79956038,0.83282057,1.019853544,1.565494657,2.52761879,2.366886425,2.04468894,1.792380857,2.306446934,2.035970688,0.655597885,1.237130824,1.272217617,4.628096249,5.095798708,4.943599316
US-PFa,45.9459,-90.2723,470,MF,Dfb,823,5.430551461,-312.9111045,318.3416559,5.756271476,11.52641834,1.240422614,8.678694663,0.318687833,0.57165196,1.855200534,1.19569368,133.3623104,-0.01784508,0.100386709,0.010689299,0.461151831,2.401172018,4.325201416,3.023955917,2.015091634,2.09098897,1.805494547,2.272454453,2.825567579,2.027839136,2.496410322,1.766666555,2.854871464,1.016172623,2.532447322,2.358849994,5.552104016,6.445833208,6.180134538
US-Syv,46.242,-89.3477,540,MF,Dfb,826,-137.4483863,-555.9874073,418.539021,4.596079175,11.59540273,0.997032233,8.021765063,0.269013311,0.526037184,1.866489208,1.186385045,136.0914913,-0.010409787,0.628686168,0.013895257,0.504141942,2.445495129,4.150329399,2.955311584,1.972454166,2.068205166,1.721465182,2.16102581,2.574432135,1.747912288,2.266813231,1.687838745,2.867179489,0.695723688,1.659211846,1.501265142,6.154894065,7.129287627,7.018738257
US-Whs,31.7438,-110.0522,1370,OSH,Bsk,320,15.99640701,-28.9958353,44.99224231,17.14865772,7.390926258,0.442867116,15.07800401,0.116940294,0.197097685,0.253273051,0.264389196,7,-0.118241543,0.029356191,0.071829492,0.093870488,0.490842497,0.680659306,0.055384748,0.207252781,0.93450563,0.698461223,1.016483688,1.203003955,1.456410384,1.717948937,0.877142906,0.706446886,1.289876894,1.079685321,1.808506094,0.778609616,0.781433883,0.630989987
US-ICt,68.6063,-149.3041,930,OSH,ET,318,-2.78557041,-71.19916536,68.41359495,-5.46855087,11.9086137,0.850603751,6.804573507,0.100842194,0.17364223,0.738432516,0.546040891,128,-0.035719599,0.589651211,0.013668574,0.747864339,4.072307873,1.452893662,3.267912197,1.668864799,1.471941328,1.993333364,2.137362766,2.3210989,2.104468918,1.310476232,3.455091095,2.994066143,0.417234747,0.98223378,0.939576895,1.186074409,1.26128786,1.21965984
US-ICh,68.6068,-149.2958,940,OSH,ET,318,9.131260073,-51.5939879,60.72524797,-6.722277403,12.73572221,1.186930185,7.387243734,0.099543512,0.172997456,0.690528112,0.538789719,128,-0.005995123,0.663906755,-0.007572447,0.585465746,4.072307873,1.452893662,3.267912197,1.668864799,1.471941328,1.993333364,2.137362766,2.3210989,2.104468918,1.310476232,3.455091095,2.994066143,0.446912909,1.052100668,1.00415716,1.831032145,1.924420111,1.912869815
US-ICs,68.6058,-149.311,920,WET,ET,318,82.01257147,-27.15501714,109.1675886,-6.53046965,12.9340777,1.30793692,8.273893886,0.100842194,0.17364223,0.763480374,0.581711018,128,0.027822632,0.26334863,0.012540096,0.64852915,4.072307873,1.452893662,3.267912197,1.668864799,1.471941328,1.993333364,2.137362766,2.3210989,2.104468918,1.310476232,3.455091095,2.994066143,0.389838944,0.917739911,0.874157243,1.947983717,2.180980995,2.234675726
US-SRG,31.7894,-110.8277,1291,GRA,Bsk,420,-36.87851754,-226.2165858,189.3380683,18.99026639,7.188866436,0.535970303,11.79684868,0.171173771,0.283310399,0.428213065,0.416332845,25,-0.089751609,1.13E-08,-0.001592451,0.850223269,0.686959743,0.926886439,0.263370046,0.501025695,1.107472396,0.951354992,1.24871788,1.573479486,1.756849694,1.975238132,1.049304104,0.850402951,1.035602534,1.112501334,1.170193633,1.093029923,1.047158658,0.942757389
US-IB2,41.8406,-88.241,226.5,GRA,Dfa,930.25,-205.2316686,-635.2071453,429.9754768,9.059868555,10.91359116,0.988658346,10.13887014,0.310126467,0.48691283,1.234162812,1.096204598,95.87462709,0.012634345,0.305364414,0.02794566,0.056412969,2.379633474,3.428351688,2.56249094,1.539780211,1.416190577,1.539707184,2.327545166,2.428571177,2.002637172,2.045348001,1.767912102,2.35963378,0.768240087,1.651575438,1.495966811,5.507549949,5.975083744,6.089090177
US-Kon,39.0824,-96.5603,417,GRA,Cfa,867,-167.4031012,-686.2682585,518.8651573,12.97245411,10.78846039,1.113310635,11.96747164,0.291339014,0.464675109,1.120332142,0.895653983,55,-0.07757754,6.99E-05,-0.018197767,0.190194189,1.55750916,2.863150311,1.887545776,1.774945116,1.971502018,1.955384231,2.60029335,3.239632893,2.71934042,3.228351641,2.13904767,2.174871874,0.860363715,2.015514887,2.104882193,7.794012104,9.32531234,7.920393416
US-MOz,38.7441,-92.2,219.4,DBF,Cfa,986,-351.7837805,-764.2644665,412.480686,13.60136774,10.36737614,1.020989786,9.676229457,0.374392751,0.650998563,2.501680664,1.501456763,45,-0.006456855,0.710911996,0.060536896,5.41E-06,1.525934076,2.577655697,1.913992691,1.281098986,1.387985468,1.670842099,2.497216797,2.723370218,2.360146666,2.579560423,2.086446857,1.992747235,0.689836966,1.413993161,1.511041031,3.904596804,4.108926849,4.069032733
US-NC2,35.803,-76.6685,5,ENF,Cfa,1320,-384.9087588,-1172.554711,787.6459522,16.09107111,7.991469304,0.432484858,10.28083082,0.408015095,0.736809985,4.327428587,1.770790858,134,0.003771727,0.715654462,0.024552945,0.060038886,1.75113554,1.370769191,1.585567951,0.938827562,1.02293005,0.996483469,1.71157608,1.469962978,1.821684647,1.316849613,2.407399368,1.613186812,0.684036477,1.026418011,1.046186507,4.414299304,4.713261056,4.731895995
US-Bar,44.0646,-71.2881,272,DBF,Dfb,1245.77,-183.1758899,-592.5895303,409.4136405,7.52986439,10.14496199,0.58312373,9.803626716,0.387836521,0.655113031,2.262319668,1.272860499,69.14467397,-0.000525004,0.978114821,0.010912704,0.604351329,3.098900986,2.942344379,2.84080596,2.214139271,1.755091596,2.019047379,2.232161522,2.382637262,1.772307634,1.65135529,2.361465216,2.696556568,0.61244461,1.42734366,1.269811479,5.230364244,5.979688146,5.975703082
CA-Oas,53.6289,-106.1978,530,DBF,Dfc,428.53,-129.5741244,-467.1110554,337.536931,1.918898563,12.81362665,0.937533834,8.176846631,0.254007803,0.445859197,1.745652071,0.910214577,85.7424686,-0.013167949,0.402117199,-0.009832304,0.474194476,1.016630089,4.263516903,3.801391983,3.034065914,3.205421162,2.751648426,2.679487038,3.227692461,2.593113422,3.183956099,2.936776543,3.030622435,0.552265405,1.64410895,1.596597392,5.56625811,6.32223205,6.19070148
CA-TP4,42.7102,-80.3574,184,ENF,Dfb,1036,-192.6207748,-736.5534224,543.9326476,9.342187458,10.17544123,0.784144302,7.468774826,0.36699535,0.658590351,2.403910765,1.457332049,87.33921272,0.019448786,0.066746029,0.050434639,9.10E-06,3.506959534,3.276996374,2.664468908,2.054578733,1.687179565,1.7924541,2.211648178,2.442710543,2.147838926,1.900512838,2.255604362,2.90146513,0.818967412,1.968416648,1.687152796,5.056847591,5.893747378,6.090347227
CA-TP3,42.7068,-80.3483,184,ENF,Dfb,1036,-547.8418281,-996.825181,448.983353,9.19332656,10.12005276,0.78360179,7.754000587,0.340775012,0.619047329,2.205274761,1.475515873,87.1240342,0.011139761,0.246220685,0.036826398,0.00019436,3.548205137,3.250696039,2.709523869,2.010842443,1.689450526,1.750842524,2.242344284,2.462197542,2.137362432,1.861391997,2.280293083,2.880366373,0.828511578,1.990051411,1.685875319,4.336542091,5.183909606,5.28218464
CA-Man,55.8796,-98.4808,259,ENF,Dfc,520,-2.647120468,-227.2297258,224.5826053,-1.18050736,14.66715171,1.294389055,9.768866138,0.189257877,0.453116642,1.008835988,0.723940764,177.3009249,0.042621692,0.005411276,0.035642802,0.008842225,2.049964046,4.766081333,3.174578285,3.754505301,3.350109911,3.204395723,2.815384865,2.918901205,2.304029369,2.954651976,4.253333092,3.807325602,0.710079247,2.328661143,2.256720264,2.260959044,2.797866622,3.08034758
CA-LP1,55.1119,-122.8414,751,ENF,Dfb,570,-181.7210075,-317.2944729,135.5734654,3.168149451,10.02317773,0.738260629,9.020263575,0.198464359,0.433229477,0.881869438,0.752706148,70.65000153,-0.044716287,0.003389928,0.016572773,0.382628527,0.919706845,2.509670305,3.246007395,2.445640945,2.584029245,2.281684828,2.231941795,2.700000143,2.593333292,2.583882761,3.016556835,2.862710714,0.810634077,2.024907526,2.13624998,2.578564286,3.09702544,2.814872447
CA-Ca1,49.8673,-125.3336,300,ENF,Cfb,1369,-373.7580182,-1083.818877,710.0608591,8.065500196,6.161815897,0.45007738,5.357712276,0.367616227,0.761267813,2.140919438,1.369223569,114.8103363,0.022781907,0.042790578,0.034687119,0.004924546,1.171501827,2.294432211,1.968498158,2.122710609,2.012014699,2.065494442,1.967619133,2.287838793,1.87648344,1.942710686,2.179413891,1.869597077,0.615413029,1.218431381,1.26993274,5.629970308,6.491489721,6.682041367
CA-Gro,48.2167,-82.1556,340,MF,Dfb,831,-113.4663209,-453.8777994,340.4114785,3.579075587,12.38930135,1.060415327,9.19250709,0.291918607,0.565476151,1.717918042,1.019259642,77.94115998,0.003542518,0.862023164,0.039106395,0.040366595,3.340146923,3.865494823,3.21010952,2.683662939,2.2080585,2.036336875,2.288644791,2.520879412,2.059780264,2.652234364,2.642637157,4.013553524,0.70962135,1.982299986,1.613285695,4.631244154,5.243322889,5.273374761
CA-Obs,53.9872,-105.1178,628.94,ENF,Dfc,405.6,-55.93100155,-316.8042681,260.8732665,1.208714947,12.99762114,1.098797828,8.735291964,0.210746177,0.489060244,1.030377748,0.802898119,115.2532966,-0.027495508,0.127317079,-0.055997955,0.000624058,1.020366442,4.349231052,3.527618933,3.242270994,3.242417574,2.674432468,2.584175491,3.171281958,2.503516436,3.141611767,3.159707069,3.048644829,0.399210584,1.186496271,1.150979558,4.521389233,5.016806554,4.86052676
CA-Ojp,53.9163,-104.692,579,ENF,Dfc,430.5,-38.11573117,-234.6029708,196.4872397,1.422205855,13.13987085,0.967887007,9.271413647,0.220409053,0.49316232,1.126613511,0.771493625,67.24505414,-0.015764886,0.120078529,0.013265071,0.324643489,1.102564669,4.277729511,3.513992405,3.160586119,3.269377279,2.678754568,2.654798126,3.058827829,2.420512819,3.145274687,3.141025162,3.068497896,0.630480209,1.864747203,1.793141529,2.80389426,3.390829806,3.296317711
US-Jo2,32.5849,-106.6032,1469,OSH,Bwk,282.3,-175.5459749,-245.8669089,70.32093403,17.62175015,8.214978581,0.441738431,12.31112416,0.112837485,0.171254279,0.21498891,0.215734894,9,-0.066013073,0.024644833,0.011984012,0.551163444,0.740219796,0.940366316,0.311941361,0.57875464,1.268571496,0.980659091,1.263003922,1.278388166,1.567692327,1.740879059,1.061098909,1.030256402,1.408307292,1.497715029,1.606829073,0.525341253,0.537743293,0.483624883
US-MtB,32.416,-110.7256,2573,ENF,Csb,790,-509.163275,-742.9229988,233.7597238,9.842771843,6.890193328,0.411235262,5.565165781,0.286181942,0.540026465,1.478628417,0.710326835,5,-0.048456609,0.001780181,-0.020339996,0.179747743,0.608131874,0.969523811,0.217728925,0.40842489,1.100952363,0.848205149,1.220585823,1.54432261,1.612454295,1.965640855,0.885567808,0.879926741,1.037484708,1.060090215,1.114881778,1.836103678,1.903031437,1.80295091
US-LL1,31.2792,-84.5329,165,SAV,Cfa,1310,-203.9650578,-874.3477007,670.3826429,19.41596748,6.815460414,0.63693578,10.01652579,0.370377385,0.699037712,1.878460077,1.563649503,20,-0.007598817,0.412622985,0.011089883,0.171960337,1.580219841,1.179853392,1.396410179,1.00073278,1.50659256,1.252527571,1.704176331,1.442636991,1.773699355,1.517875457,2.462491131,1.501465297,0.938394833,1.432512957,1.20789407,4.243484504,4.629913361,4.587611827
US-BZB,64.6955,-148.3208,100,WET,Dfd,274,25.04507779,-147.606625,172.6517028,-1.539408274,14.93382051,1.591506004,13.04604046,0.173610722,0.360845194,0.643543462,0.669770631,78,0.027884529,0.467345113,0.078088762,0.092900781,3.016556787,1.043663239,3.517362595,1.937582541,1.599194193,1.712894034,2.110915565,2.257655716,1.988717961,0.945933998,3.168498802,2.342564011,0.46447221,0.992481873,0.918825656,3.00466172,3.145321523,3.226949096
US-BZF,64.7013,-148.3121,95,WET,Dfd,274,41.21709943,-154.7445154,195.9616148,-1.183985256,14.8273452,1.564425398,12.0930751,0.195722752,0.389992774,0.851519518,0.752174907,91,-0.061641373,0.381807413,-0.021639277,0.762474663,3.016556787,1.043663239,3.517362595,1.937582541,1.599194193,1.712894034,2.110915565,2.257655716,1.988717961,0.945933998,3.168498802,2.342564011,0.49655028,1.061026132,1.040962817,4.513392546,4.868021564,4.565468913
US-KL2,42.4768,-85.4468,258.3,GRA,Dfa,1027,-263.1196683,-650.348139,387.2284707,9.320215088,10.52969109,0.880711625,10.20397413,0.260549767,0.462824752,1.095055957,1.109078928,29,0.006427181,0.724742999,0.02256929,0.262129685,3.051355219,3.167765474,2.563150167,1.632014608,1.363516474,1.594871783,2.22725296,2.421904612,2.017289066,2.043296862,2.090915632,2.527985144,0.921068194,2.049477895,1.880348612,4.368223641,4.893778068,4.953279869
US-Ro4,44.6781,-93.0723,274,GRA,Dfa,879,-293.9898576,-568.9146361,274.9247784,7.601755691,11.9786687,1.495797157,11.51007716,0.258736246,0.412654827,1.057472189,0.95768717,87,0.004042602,0.783589975,-0.01553485,0.263931896,2.264468575,4.330769348,3.002490997,1.816703224,1.905640697,1.680879378,2.1746521,2.776703072,2.063589573,2.244615364,1.462857175,2.251575184,0.717290013,1.672179036,1.638039134,5.207538554,6.026200333,6.066237893
US-KM4,42.4423,-85.3301,246.3,GRA,Dfa,1027,-6.013849094,-527.2991009,521.2852518,9.198884433,10.44266836,0.969532712,10.70435516,0.297590963,0.480400747,1.200179167,1.118328526,370,0.004353031,0.78835615,0.019475444,0.195971637,3.0130404,3.140219545,2.53897438,1.576923108,1.341611505,1.599120831,2.242344284,2.452234459,2.056043863,2.035530972,2.003223372,2.443003511,0.685344518,1.510172079,1.182806309,6.333858363,7.001829976,7.037973918
US-MBP,47.5051,-93.4893,416,WET,Dfb,780,-235.3531787,-301.1511057,65.79792695,4.245124638,12.55251,1.240341758,11.37204774,0.284089004,0.50153169,1.874804349,1.135360107,29,0.037676375,0.139036298,0.041604435,0.169900304,2.340659094,4.7994874,3.332967234,2.462490845,2.895091581,2.484762144,2.845274925,3.3139925,2.061172295,2.871868134,1.839047575,2.797142649,0.491611521,1.394700099,1.329524153,1.620187533,1.892159152,1.989354542
US-Myb,38.0499,-121.765,-4,WET,Csa,338,-345.4191716,-730.62308,385.2039084,15.52827012,5.341119043,0.545486702,10.32626129,0.344865318,0.571750549,1.545986834,1.632380504,29,-0.001893797,0.964693124,0.021561922,0.655222733,1.150036621,1.520732594,0.943882895,0.819633734,0.947692251,0.900952268,1.289230919,1.555457568,1.769084311,1.863809657,1.38974371,0.826080644,0.513290146,0.640600525,0.697596772,3.048887322,3.212467714,3.208226503
US-NC4,35.7879,-75.9038,1,WET,Cfa,1311,44.3801798,-771.2645314,815.6447112,17.03805014,7.827075402,0.64665654,7.710634506,0.355342464,0.712813163,2.150375785,1.945448321,250,0.08620775,0.000294441,0.083438152,0.000706575,1.608058548,1.394652057,1.590989089,1.049597263,0.798461449,0.775970066,1.537947845,1.22190485,1.576629639,1.200512624,2.233040428,1.666300344,0.637126421,0.884228693,0.772408132,6.748082663,6.902441159,7.377705682
US-Tw1,38.1074,-121.6469,-5,WET,Csa,421,-293.5906741,-813.6846906,520.0940165,14.97899791,5.749033788,0.784274591,13.83150879,0.289151882,0.503075661,0.799678856,1.184036319,231,0.019643913,0.721601625,0.036703121,0.583581196,1.134798408,1.478095269,0.949816895,0.756849861,0.916336703,0.899560285,1.32307682,1.555384326,1.718388295,1.846520138,1.396703339,0.752600753,0.329489238,0.404396724,0.488611678,3.299798744,3.346464844,3.378739677
US-Ced,39.8379,-74.3791,58,CSH,Cfa,1138,-81.89364433,-716.8616897,634.9680453,12.02906544,9.123204938,0.711612046,9.751491014,0.345113921,0.696850985,2.277825488,1.573939618,28,-0.003817375,0.836526817,0.004844867,0.761512459,2.360219765,2.191355228,2.085421276,1.394798517,1.379780245,1.351941371,1.796263504,1.834725809,1.915458059,1.408571124,2.208937693,2.131062222,0.71792931,1.319705723,1.168447765,4.98369546,5.324283653,5.300588087
US-Oho,41.5545,-83.8438,230,DBF,Dfa,849,-783.1932372,-1156.016379,372.8231422,10.50362975,10.21148895,0.838409997,8.987854462,0.347107241,0.589715782,2.292612784,1.517473154,81.170762,0.01498291,0.186891488,0.032049732,0.020546772,3.03604393,3.057142782,2.564029264,1.42117219,1.331867957,1.682124853,2.337729645,2.516556787,2.159853363,2.056850052,2.361098909,2.638827848,0.647526966,1.465747307,1.375546146,4.755781284,5.041351392,5.146330122
US-Slt,39.9138,-74.596,30,DBF,Dfa,1138,18.42646551,-542.6470432,561.0735087,12.34155473,9.354407665,0.690651922,10.76633312,0.367755213,0.669821001,2.413414359,1.811010277,67.65037873,-0.019725297,0.585625111,0.026044533,0.360803875,2.464249039,2.286153889,2.071428585,1.451868105,1.426593566,1.396556711,1.809157181,1.932307696,1.85575099,1.354652143,2.199121046,2.196410227,0.683857779,1.2790562,1.170612466,5.896260284,6.250598438,6.10792147
US-Wrc,45.8205,-121.9519,371,ENF,Csb,2452,-290.6447683,-488.5045736,197.8598053,9.19377554,7.204713761,0.778607021,8.80484451,0.357653456,0.775579843,2.362630575,1.441205488,100.6444175,0.036632621,0.05537045,0.054413582,0.001967418,1.233553123,2.01311357,1.667399263,1.329597068,1.053846264,1.447912169,1.83472538,2.167985439,1.921098971,1.505421281,2.14205122,1.786813188,0.679770109,1.138814159,1.112045408,2.205838284,2.489022689,2.592511967
AU-Tum,-35.6566,148.1517,1200,EBF,Cfb,1159.01,-666.4303636,-1557.725801,891.2954371,9.53248649,6.151570981,0.896021748,6.046908514,0.345878013,0.748531321,4.145199453,2.483637077,123.3451004,-0.018628521,0.18403117,-0.010902946,0.42128329,1.055677629,1.473772979,1.540732551,1.312673926,2.081684971,0.987472522,0.77670331,1.250769234,1.223003626,1.421685004,0.832381153,1.344395638,0.653008603,0.832637804,0.736838016,5.84019684,6.221585652,6.136770337
BE-Bra,51.3076,4.5198,16,MF,Cfb,750,-166.288564,-749.2666622,582.9780983,10.97053541,6.051532438,0.804565076,6.561212808,0.358924365,0.694204121,2.136142275,1.351740612,79.58034515,-0.000331183,0.983850421,0.064763731,0.000159963,0.757289386,0.563003629,1.102710652,0.145641105,0.809963107,0.667472589,1.568571472,1.49223423,1.568058729,1.073919559,0.594871807,1.311648321,0.494744479,0.480536432,0.565401406,4.692990017,4.945973569,4.945047516
BE-Vie,50.3049,5.9981,493,MF,Cfb,1062,-478.5766696,-1021.335334,542.7586639,8.46045321,6.51403277,0.900086419,6.285451708,0.347086027,0.70812739,2.020672443,1.301817589,129.024826,-0.004324357,0.533276174,0.013078668,0.098347711,1.164395642,0.822124565,1.286959696,0.096483612,0.848717916,0.891868174,1.793772697,1.844835281,1.855457711,1.073479819,0.641904831,1.605714273,0.583335115,0.676946509,0.723903001,4.222389067,4.46983675,4.455866185
CH-Lae,47.4783,8.3644,689,MF,Cfb,1100,-230.3016917,-775.6492879,545.3475963,8.915765745,7.766882903,1.374109694,6.149768178,0.402360013,0.6917319,2.704207068,1.473129309,79.23197937,0.033429914,0.000664089,0.045881057,2.77E-06,2.334432268,2.074798512,1.861831498,0.413333285,0.847985327,0.649523711,1.957728577,2.01890111,1.921977901,1.470109844,1.102271008,2.343003654,0.628703905,0.995232869,0.956419015,5.423604397,5.484509216,5.662698911
CZ-BK1,49.5021,18.5369,875,ENF,Dfb,1316,-706.6733244,-1175.156682,468.4833579,7.291310547,7.844266283,1.003470324,5.894623387,0.302740047,0.694963782,1.84740988,1.125236073,235.81073,-0.007087586,0.567230863,0.008987446,0.54190668,2.720512772,2.3594872,2.381904793,1.104468894,1.555311322,1.300512862,1.784175491,1.731941271,2.265274763,1.639560366,0.668131888,2.637435913,0.603207028,1.113355173,0.995219826,3.046942605,3.267791778,3.24482284
CZ-wet,49.0247,14.7704,426,WET,Dfb,604,70.61511283,-389.1164304,459.7315432,8.886855229,7.664662047,0.735638213,10.81322534,0.375033785,0.584404436,1.402278635,1.132827546,76.55177307,0.015107582,0.327547703,0.017216539,0.326426207,2.400659323,1.936043954,2.007326031,0.450329661,1.256043887,0.967179406,1.742417526,1.898461533,2.296996355,1.76249094,0.690695953,2.189084196,0.721225374,1.177864938,0.92269615,6.109105682,6.604731425,6.697444147
DE-Gri,50.95,13.5126,385,GRA,Cfb,901,-84.30589712,-629.3600699,545.0541728,8.805153606,7.493733116,0.726677589,10.00271773,0.350130309,0.674273162,2.345711073,1.246221999,89,0.025961202,0.116263683,0.005038461,0.737382089,2.060805893,1.628278375,2.007838821,0.484249043,1.182197809,1.154139185,1.817289162,1.775311446,1.928791046,1.519267368,0.7421978,1.886080599,0.76142276,1.153964527,0.833277466,5.802066832,6.330002202,6.468430313
DE-Hai,51.0792,10.4522,430,DBF,Cfb,720,-504.9540476,-945.6854347,440.7313872,8.575965303,7.524233865,0.865467475,5.644504684,0.377834505,0.684471695,2.145898905,1.146030609,79,-0.02801461,0.009151934,0.006516251,0.44009906,1.805201483,1.325128174,1.892600751,0.481465226,1.232967067,1.224541926,1.899780273,1.848424864,2.044908524,1.547252798,0.784102535,1.833553123,0.673786318,1.006183455,1.146278101,3.656459819,3.857919303,3.735999788
DE-Tha,50.9626,13.5651,385,ENF,Cfb,843,-476.4726062,-882.3073245,405.8347183,9.402551341,7.786198557,0.983414472,6.327494829,0.326846296,0.725934082,2.003417007,1.169481732,79,-0.009399965,0.072730806,0.009789663,0.151593419,2.064981651,1.538608027,2.062564087,0.564395452,1.21501832,1.186739922,1.824028969,1.765421367,1.930842471,1.536630058,0.692893887,1.917362642,0.701470303,1.069712216,1.050581512,3.634571495,3.893873799,3.855609373
DK-Sor,55.4859,11.6446,40,DBF,Cfb,660,-228.2771997,-912.3899291,684.1127294,8.761278262,6.46255963,0.794071683,5.091216518,0.394364844,0.631647917,2.57819245,1.506749902,91.67423248,-0.025950136,0.000318798,-0.01436512,0.090300361,1.200952387,1.291355371,1.769010973,0.944249082,1.345714355,1.606300545,1.594578743,1.575750947,1.394358873,1.501025772,1.071282101,1.21890111,0.574062646,0.789981014,0.86620823,7.425479345,7.87209551,7.697118757
FI-Hyy,61.8474,24.2948,181,ENF,Dfc,709,-214.3829499,-519.4189779,305.036028,4.800296168,9.113926888,1.143711177,6.323518454,0.244738757,0.505136386,1.943659673,1.074986145,44.4856987,-0.033541678,1.92E-12,-0.013531359,0.009421368,3.755384636,2.35809536,3.570109653,2.381465244,2.11706953,2.439780426,1.698974228,1.984908223,1.319780231,2.467619085,2.177435875,2.838974333,0.682527679,1.655675464,1.418312762,4.173728972,4.749006303,4.528373421
FI-Sod,67.3624,26.6386,180,ENF,Dfc,500,98.69725862,-99.03957884,197.7368375,1.025611555,10.62006747,0.602333311,8.273908543,0.142862776,0.331580344,0.518258003,0.48274721,133.773407,0.012587499,0.363644587,0.006678701,0.732997465,3.354432011,3.019927359,3.832380915,1.663882709,2.333186865,2.736996508,1.851208878,1.904908323,1.667985368,2.636556768,2.87304039,2.563150311,0.759425775,1.926261733,1.426823613,3.1668328,3.865421516,3.935472208
FR-Pue,43.7413,3.5957,270,EBF,Csa,883,-265.3477035,-732.8361426,467.4884391,14.14700288,6.646252906,0.608136711,8.555168644,0.353271042,0.675778764,2.071754447,1.469869503,62,0.009572155,0.608894656,0.015831449,0.205327533,1.381391931,1.744468832,0.865567648,0.047032855,0.864615405,0.75391978,1.856703186,2.391501522,1.907838845,1.052307534,0.80388298,1.646959782,0.873041932,1.114306364,0.900749908,2.966915001,3.09418178,3.120975522
IT-MBo,46.0147,11.0458,1550,GRA,Dfb,1214,-18.35024962,-604.923343,586.5730934,5.534325946,6.858998873,0.607323328,7.021436588,0.295786994,0.428941811,1.19291086,1.062056088,78.88999939,-0.014165928,0.135495519,-0.017523884,0.297006682,2.705641031,2.264249086,1.509303999,0.197948796,0.936923099,0.755750847,2.082344818,2.176923275,2.397509289,1.578315163,0.538901126,2.230183077,0.939152646,1.516261446,0.964754104,6.153397555,6.673972752,6.583382431
IT-Noe,40.6062,8.1517,25,CSH,Csa,588,-144.5370835,-606.3531926,461.8161091,16.58813026,5.492418466,0.821192524,10.46238128,0.277665955,0.625079713,1.202199945,1.781909619,77.93000031,0.018973228,0.129594017,0.026004314,0.075542121,1.285836577,1.449938893,0.87362655,0.311111331,0.786691129,0.944688797,1.458730698,1.971673091,1.901465019,1.081685026,0.683150291,1.295115948,0.69470054,0.813014604,0.666360642,3.00774004,3.111907604,3.151501256
IT-Ren,46.5869,11.4337,1730,ENF,Dfc,809.3,-680.608856,-994.5684411,313.9595851,4.721927376,7.057612986,0.67597391,7.231511816,0.255662627,0.544748507,1.531326709,1.076196603,102.0999985,-0.01211164,0.376053058,-0.017590322,0.176682632,2.801172161,2.520366335,1.8523808,0.276630041,1.029890144,0.844908488,2.048205376,2.001025796,2.411062241,1.695824122,0.815750921,2.48732605,0.762129826,1.320043311,1.169821208,2.446621812,2.741826035,2.703252508
IT-SRo,43.7279,10.2844,6,ENF,Csa,920,-383.4559854,-1080.222937,696.7669516,15.30033358,6.470837745,0.42321107,8.698711299,0.310257224,0.684966945,1.937945016,1.646346497,76.83000183,-0.017627665,0.12004979,0.00094982,0.9384016,1.56373629,1.58782053,1.085988984,0.317124538,1.028022036,1.017216042,1.913827419,2.269139469,2.211080551,1.409890503,0.500640869,1.427747309,0.751847759,1.023279495,1.010662548,4.098829748,4.167204211,4.0936203
NL-Loo,52.1666,5.7436,25,ENF,Cfb,786,-477.5499893,-954.8483328,477.2983435,10.34300169,6.442518982,0.71987773,7.05813553,0.330614882,0.723400637,1.931156061,1.3148559,57.43982315,-0.043395898,9.95E-05,0.032212383,0.012190906,0.875531125,0.61260072,1.195018387,0.201025575,0.841904843,0.77091552,1.496996117,1.308424664,1.492747259,1.146007419,0.749596977,1.378827763,0.484425815,0.487235338,0.574664858,4.246537054,4.319221856,4.212840665
RU-Fyo,56.4615,32.9221,265,ENF,Dfb,711,79.80165481,-468.2706558,548.0723106,5.501188621,9.866869421,0.729567956,6.809816949,0.285396238,0.61108608,1.67563701,1.035257592,56.61304092,-0.01948837,0.212596368,-0.013810128,0.440065801,2.882124662,2.260439444,2.955311298,2.71714282,1.680879164,2.603369761,1.852527237,1.637802291,1.575604415,1.661611652,1.273333311,2.734725237,0.471019644,1.01406099,1.076833285,6.458496656,7.201226535,7.051678247
ZA-Kru,-25.0197,31.4969,359,SAV,Bsh,547,24.56452799,-460.0679193,484.6324473,21.90767249,3.22304914,0.620008004,10.9047387,0.270693112,0.456128619,1.013002659,1.229694056,46.12785339,-0.145409363,0.016266714,-0.020467534,0.474390811,1.4060812,1.219633913,1.597142625,1.041757607,1.385787773,0.84315021,1.544102573,1.013992453,1.674065948,1.476044989,1.264688492,1.185641265,0.850209386,1.108962751,1.119001733,3.62774526,3.553826599,3.020165434
IT-Tor,45.8444,7.5781,2160,GRA,Dfc,920,-53.3990208,-378.8807397,325.4817189,3.56659102,6.66248492,0.784092952,7.578815292,0.208387361,0.342706532,0.901416538,0.668415359,85.83999634,-0.020539471,0.43393745,0.002909326,0.921360474,2.460219765,2.518901062,1.684175754,0.138388263,0.835164821,0.773406589,1.867326069,2.231355381,1.920952368,1.265274715,0.846959817,2.172674084,0.966449143,1.507241763,1.626282104,2.687411042,2.98901172,2.890818935
BE-Dor,50.311876,4.968113,250,GRA,Cfb,581.795,-97.47695411,-959.9526312,862.4756771,10.10352937,6.154928779,0.581677068,8.683038069,0.445718876,0.64723544,1.458163337,1.156422753,83.44987488,0.010755745,0.10337007,0.012219708,0.076608526,0.915604365,0.755384612,1.126007318,0.095164683,0.787765551,0.853919208,1.715458107,1.780806041,1.628571129,0.987399435,0.574285555,1.397875452,0.80947363,0.85117781,0.920332763,6.690399856,7.200114266,7.271741152
CH-Fru,47.115833,8.537778,982,GRA,Dfb,1651,-298.7561419,-912.3578601,613.6017183,8.040394743,7.207652341,0.634855889,7.570932517,0.412596029,0.604985807,1.838815037,1.284101184,82.63198853,0.001653629,0.806990452,0.007237367,0.312044445,2.505714273,2.299194193,1.898095226,0.353479809,0.863370049,0.682270992,1.980073357,2.025714254,1.905201411,1.446227026,1.105934048,2.421025705,0.808073943,1.31219763,1.061717426,7.64967476,8.276588218,8.291132081
CZ-RAJ,49.443724,16.696513,648,ENF,Dfb,681,-383.8099078,-859.1850694,475.3751616,8.30023572,8.578157401,0.662898357,5.839098805,0.270829953,0.629061353,1.631297266,1.123155914,124.493309,0.01633655,0.34669667,0.028660251,0.108049415,2.535677624,2.014065981,2.230989075,0.779194117,1.464908433,1.18102572,1.841465187,1.835311317,2.173333216,1.596923041,0.718754601,2.348278332,0.578627778,0.999093759,0.956436284,3.56842968,3.781331942,3.840878754
CZ-Stn,49.035975,17.9699,564,DBF,Dfb,685,-278.4308721,-821.3693176,542.9384455,8.981183231,8.378014241,0.696085384,5.978236731,0.361638678,0.655961827,2.355919025,1.209672552,84.73412323,-0.004787753,0.655335355,0.002209054,0.873824775,2.70161171,2.285640907,2.261318731,0.897948718,1.475750947,1.323003674,1.862271118,1.917729044,2.401977921,1.727912235,0.639633691,2.547032976,0.655704176,1.204410089,1.213647142,4.236313435,4.300225822,4.275311203
DE-Obe,50.78666,13.72129,743,ENF,Dfb,996,-226.0576898,-858.8589465,632.8012567,6.931686928,7.727484488,0.792809282,5.242184288,0.281580623,0.706213976,1.644797587,1.111574767,89,-0.007318467,0.508684979,-0.014678849,0.211117766,2.093626308,1.634725451,2.00820508,0.516410315,1.209377122,1.1902565,1.78959713,1.797216105,1.929010868,1.532380843,0.739267409,1.948351598,0.711027414,1.089556174,0.998811261,5.296557785,5.71081042,5.669217925
DE-RuR,50.6219,6.3041,514.7,GRA,Cfb,1033,-118.1924847,-824.3599101,706.1674254,8.585240935,6.439987981,0.695806874,7.157439461,0.473789227,0.688206331,2.001362852,1.308888839,70,0.002522026,0.791816641,0.019711692,0.103109351,1.196483564,0.82747252,1.387179494,0.152380943,0.878461492,0.98153826,1.880952263,1.813699579,1.821391845,1.153553176,0.647325993,1.655091548,0.724818876,0.869512697,0.741203533,6.405653139,6.703161152,6.715703321
CH-Aws,46.583194,9.790417,1942,GRA,Dfc,918,-343.0896427,-843.3451623,500.2555196,4.736015307,6.407486521,1.247887515,7.590693975,0.162847466,0.351048982,0.873428717,0.77464745,98.25754547,-0.000638179,0.952596894,0.018532014,0.098951024,2.787032604,2.693040371,1.976043868,0.332087919,0.998754597,0.947985339,2.261538506,2.301172209,2.184615374,1.654798508,0.989670372,2.572454023,0.7568967,1.368670675,1.292988362,6.568815618,7.263716156,7.257724912
ES-LJu,36.926594,-2.752115,1613,OSH,Csb,400,-9.391672394,-74.64457368,65.25290129,11.96583513,6.879885067,0.552650551,6.871019162,0.156131754,0.364742,0.37733976,0.559924323,37.08029556,-0.071849709,3.99E-05,-0.044783798,0.01085112,1.601684976,1.824835181,0.906153882,0.615677679,0.95076915,1.150769234,1.571722031,1.868791294,2.143296528,1.388791227,1.825860691,1.746007323,0.990340188,1.452033416,1.406030103,0.422584592,0.413238578,0.373531464
FR-FBn,43.24079,5.67865,433,MF,Csa,700,-561.031217,-1048.759881,487.7286638,14.17918059,6.518112649,0.719903847,6.832651808,0.312322154,0.653080885,1.851690379,1.666571775,62,0.052546526,0.001109924,0.064459614,2.35E-07,1.252674103,1.614212489,0.935311377,0.115897574,0.960952437,0.809010899,1.78183136,2.202783918,1.918168736,1.08864454,0.714139175,1.516703176,0.690010942,0.857357558,0.894913492,2.78349935,2.844778966,2.981748781
FR-Fon,48.476358,2.780096,104,DBF,Cfb,720,-591.8595692,-1088.31904,496.4594705,11.78157291,6.489655199,0.782169161,7.500926756,0.407642864,0.668099172,2.54211371,1.720085086,45,0.005468661,0.671802661,0.056894143,9.36E-06,1.003589761,0.93010987,0.994871759,-0.028351681,0.700952458,0.651648462,1.820732498,2.008718014,1.755457878,0.73128221,0.344102478,1.340659332,0.636696119,0.650160812,0.86376411,5.205467795,5.364609749,5.390010142
GF-Guy,5.2788,-52.9249,48,EBF,Am,3041,-219.262193,-1774.38231,1555.120117,25.90239118,0.834548469,0.383940333,4.939175364,0.4743174,0.811933862,4.132823189,3.369946767,23.96599197,-0.008099776,0.832523681,0.19510604,2.16E-05,1.059780049,1.250842237,1.117069221,1.367032838,1.16417551,1.244909024,1.105054855,1.287692404,1.31010983,1.290475392,1.280073547,1.183663607,0.311303822,0.380332293,0.379910594,8.581113135,8.505939205,8.479805038
IL-Yat,31.345045,35.051989,652,ENF,Csa,285,-128.6588153,-357.1603216,228.5015064,18.37615502,6.377912335,0.624908652,10.3076309,0.199036791,0.345148009,0.591916179,0.596915955,20.85048294,-0.02583618,0.039299798,-0.002576179,0.793177708,1.094066024,0.743369925,0.310109988,1.432381129,1.161611891,1.329743361,1.253479767,1.38761878,1.349230385,1.567179537,1.513406372,1.033626521,1.035566878,1.223334456,0.965121172,1.975597983,2.082489287,2.031204378
SE-Deg,64.182,19.5565,270,GRA,Dfc,523,-52.35171376,-113.8946477,61.54293393,2.578362907,9.399473566,0.902916428,8.829492384,0.209691561,0.403204798,0.922377521,0.793380385,81.22222137,0.008535029,0.423639288,0.022113866,0.040669635,3.238314915,2.996923113,3.677069807,1.699120927,2.489230824,2.441025591,1.665494728,1.9271065,1.482344246,2.3421978,2.041758251,2.097435856,0.847713089,1.984921792,1.69044763,1.179494859,1.409916379,1.430406137
IT-SR2,43.732022,10.29091,13,ENF,Csa,920,-222.0094793,-1243.523578,1021.514099,15.80013189,6.137176723,0.396637986,7.80952793,0.363638427,0.779128469,2.535840614,1.819763477,76.83000183,0.007166377,0.606680362,0.01049224,0.546469352,1.56373629,1.58782053,1.085988984,0.317124538,1.028022036,1.017216042,1.913827419,2.269139469,2.211080551,1.409890503,0.500640869,1.427747309,0.68991362,0.938985921,0.977990183,6.239411642,6.372626765,6.417447134
CH-Dav,46.8153,9.8559,1639,ENF,Dfc,1062,-17.38580856,-558.4503074,541.0644989,4.405167189,7.092082804,0.716998184,7.902961279,0.202076474,0.436143668,0.889368032,0.796840449,94.02565002,-0.000108502,0.989884306,-0.008294101,0.296526822,2.849889994,2.576337099,1.967692447,0.419194198,0.992454195,1.035531175,2.298974323,2.2616117,2.208131886,1.652893758,1.12923069,2.587106228,0.615032334,1.126485416,0.957657306,3.329427534,3.75610956,3.75571929
DE-Akm,53.8662,13.6834,-1,WET,Cfb,558,-46.71887183,-558.9825569,512.263685,10.02900608,6.635480757,0.993876892,7.310357203,0.278787594,0.499805376,1.581386307,1.21551104,244,0.028498536,0.281397647,0.03342724,0.23295075,1.626227093,1.408864522,1.827472472,0.868131936,1.308351731,1.449670243,1.603077126,1.591282344,1.641978145,1.694652128,0.942417669,1.552454209,0.633455055,0.92455825,0.943939356,5.139455166,5.642187643,5.796027447
DE-Hte,54.2103,12.1761,0.2,WET,Dfb,645,-155.7901619,-412.3708217,256.5806597,9.821001477,6.877626866,0.80949768,5.516676301,0.295211128,0.589761018,1.702147167,1.199182387,107,0.087862566,0.015195804,0.126988536,0.000344825,1.332325995,1.384432226,1.824175835,0.93663013,1.353388101,1.630769193,1.564835072,1.51593402,1.482051522,1.54496339,0.960164726,1.34349817,0.574822975,0.80825707,0.883759434,2.960040084,3.102283937,3.352773674
DE-Hzd,50.96381,13.48978,395,DBF,Dfb,877,164.9111751,-444.6880072,609.5991823,9.883968124,7.494185893,1.128187705,7.849682181,0.316207221,0.714139088,1.883350293,1.202530185,79,-0.04179939,0.16353267,-0.002545122,0.926003675,2.033113527,1.521684957,1.997362638,0.521758115,1.178461456,1.18732605,1.79611721,1.782930493,1.910915709,1.533333302,0.733846188,1.873992682,0.639106316,0.962432456,0.936632112,6.909621175,7.640000363,7.346668904
DE-RuC,50.5031,6.336,610,OSH,Cfb,1250,144.4969326,-308.671177,453.1681096,8.394262699,6.642721127,0.627656801,6.559148959,0.283421044,0.751242788,1.763587188,1.227614897,79,0.018326651,0.381999049,0.015659605,0.378215889,1.229450536,0.84886446,1.341538453,0.154725248,0.942564201,0.951282036,1.798461342,1.969670582,1.875970674,1.173113728,0.63025651,1.552893782,0.784300813,0.945657081,0.832322724,4.822055157,5.264754505,5.345677044
DE-RuW,50.5049269,6.33096248,610,ENF,Cfb,1250,-477.3086122,-1018.199051,540.890439,8.503626195,6.620495969,1.147385188,6.033811437,0.283421044,0.751242788,1.640372152,1.244071853,79,0.023131048,0.236047873,0.039602713,0.039514412,1.237582421,0.854285717,1.342344308,0.171501826,0.915751016,0.955457914,1.806666565,1.942564249,1.841465354,1.186520195,0.641831541,1.574871826,0.532093448,0.641653393,0.62395933,4.753801534,5.187202505,5.262611407
DE-SfS,47.80629,11.32757,619,WET,Cfb,1127,-397.6562393,-626.6586283,229.002389,9.188936034,7.496782465,0.828849865,11.21916282,0.260687291,0.588811074,1.414108813,1.217325914,230,0.030761908,0.155859043,0.027699156,0.120970717,2.7232234,2.304615355,1.981025624,0.462710702,1.245641041,0.811648428,2.019780731,2.001611733,2.380219984,1.901391959,1.100219774,2.538754606,0.41570457,0.743793975,0.670972138,3.456359988,3.656752172,3.733013261
FR-Bil,44.493652,-0.956092,39,ENF,Cfb,960.1,-406.9057262,-1040.600523,633.6947969,14.10028563,5.788691702,0.533666979,9.756707911,0.311191159,0.574524938,1.23471419,1.476046817,62,-0.05851827,1.49E-05,-0.009552824,0.393806974,1.038827801,1.533186865,0.761684871,0.050915793,0.630329335,0.451794779,1.487765121,1.88974359,1.62241776,0.947911882,0.682564068,1.532234502,0.706203762,0.743242759,0.743628723,3.903427821,4.024361953,3.852994011
SE-Nor,60.0865,17.479504,58,ENF,Dfb,586,340.2249983,-264.6121591,604.8371574,7.185461238,7.74042637,0.623036401,6.971471379,0.292976502,0.628251314,1.788374987,1.167303817,68.95765686,-0.040614417,0.0319096,-0.005935628,0.860637877,2.851648378,2.331501865,2.987765503,1.715457869,1.696117234,2.144468498,1.801391411,1.951501822,1.547619104,2.141172123,1.765860796,1.813626313,0.601742479,1.241000138,1.079322915,4.589836732,5.219166849,4.995321184
SE-Svb,64.25611,19.7745,267,ENF,Dfc,614,-113.9029404,-440.4116726,326.5087321,3.386623931,8.949932408,0.546643846,6.194548662,0.25498886,0.570681358,1.524929427,0.896430905,61.38302612,-0.00698572,0.681490178,0.005010908,0.820722932,3.350622797,3.050036764,3.615238285,1.938901162,2.454725313,2.480073309,1.867911911,1.809157515,1.542637324,2.330036592,2.096923018,2.120439243,0.537706797,1.284075342,1.156762307,5.097873899,5.871694625,5.824437729
UK-AMo,55.792545,-3.2436917,268,WET,Cfc,960,-16.62584626,-340.8848984,324.2590522,7.884964506,4.76749738,0.654102741,7.014144079,0.398443313,0.614110666,1.247713668,0.935491585,156.6340027,-0.005517688,0.756119777,0.020667795,0.238650475,0.225494489,0.635897434,0.82073257,0.472966999,0.690036535,0.633186674,1.563369942,1.374139094,0.965421283,1.097509193,0.585347986,0.890256381,0.554972648,0.460366395,0.655367799,3.42671125,3.695873232,3.682532664
CA-Mer,45.4094,-75.5186,70,WET,Dfb,943,-109.5422646,-314.366633,204.8243684,6.147972386,11.61148113,0.700989078,12.51062832,0.271750732,0.481071431,1.180990595,1.071297008,134.5955224,0.039603672,0.027085986,0.098430681,5.54E-07,3.932527447,3.26197834,3.091721487,2.396776581,1.98915751,2.220292997,2.305714226,2.489377308,2.059194279,1.980366302,2.807838774,3.821465206,0.404861974,1.091656685,0.901538519,2.209227036,2.343750269,2.428943918
CA-TPD,42.6353,-80.5577,260,DBF,Dfb,1036,-222.4529966,-691.2521303,468.7991337,10.04734455,10.13946548,1.085348143,7.248821438,0.352956213,0.585328935,2.295309089,1.823614129,82.54545593,0.017185276,0.340035843,0.089979651,1.26E-05,3.444249058,3.236849737,2.746080685,2.030036497,1.691575193,1.803370357,2.281684875,2.486593533,2.221831369,1.924761868,2.279560328,2.896630001,0.751833706,1.819639531,1.640752252,5.316094539,5.651205829,5.812819424
US-BZS,64.6963,-148.3235,100,ENF,Dfd,274,-9.976966292,-214.5929265,204.6159602,-0.938035049,14.93062128,1.393349031,11.79123582,0.173681441,0.361167419,1.132463954,0.843841528,78,0.017819048,0.828597953,0.024411719,0.712306257,3.016556787,1.043663239,3.517362595,1.937582541,1.599194193,1.712894034,2.110915565,2.257655716,1.988717961,0.945933998,3.168498802,2.342564011,0.24719024,0.528194858,0.490874985,3.801699947,3.952686903,3.987412408
US-Cwt,35.0592,-83.4275,690,DBF,Dfb,1800,-40.58585957,-706.4691213,665.8832618,13.25516817,7.257318772,0.449963366,10.70158266,0.428328993,0.728966439,2.617577958,1.450860096,45,0.004310733,0.920089925,0.025807141,0.524654077,1.586666679,1.028644693,1.222857141,0.696336985,1.096703291,1.211941409,1.954725266,1.832674074,1.959926724,1.461245465,2.280805826,1.511794853,0.64718,0.962374048,0.98723997,6.093041366,6.564866708,6.592864531
US-Rls,43.1439,-116.7356,1608,CSH,Bsh,333,-133.4300568,-343.1519975,209.7219407,8.632196319,9.626796909,0.712063552,8.589709703,0.121030573,0.2430835,0.297088581,0.31716564,16,-0.044297985,0.006557093,-0.016511983,0.177331155,2.147765541,2.875897408,2.007765675,1.522930384,1.41443224,1.892820597,1.907619286,2.701978159,2.457948589,1.949963307,2.189010954,2.073406625,1.044989745,2.189387516,1.992668871,1.706940992,1.783224401,1.632564304
US-Rws,43.1675,-116.7132,1425,OSH,Bsk,290,-84.90146763,-225.5541904,140.6527228,9.686348468,9.72011228,0.662441672,9.340062721,0.104330329,0.208196061,0.217384287,0.232880044,14,-0.026721037,0.054345014,-0.001513106,0.880770803,2.155750847,2.907692337,2.018021941,1.55274725,1.394871736,1.930256367,1.958901024,2.720439434,2.481538296,2.012747216,2.223955965,2.102490807,1.126502033,2.390006729,1.921929915,1.668867461,1.783251292,1.69398257
BR-Ma2,-2.6091,-60.2093,130,EBF,Af,2252,-601.7608594,-1902.266888,1300.506029,25.74492134,1.592071109,0.338008698,7.129099562,0.521716502,0.839047799,5.193108112,2.625819234,84.68534438,0.062409593,0.041795787,0.090790361,0.007711333,0.920073104,1.137802124,1.111208773,1.043223524,0.845714366,0.684981418,0.739121628,0.970696235,1.316044283,1.214065909,1.08805809,1.068498278,1,1.011623978,1.009778586,7.449145392,7.221683151,7.691439212
BR-Sa1,-2.8567,-54.9589,88,EBF,Am,2074.79,336.7161841,-1220.876676,1557.592861,26.75353537,1.254503601,0.321042668,6.582838064,0.54180111,0.855908843,4.268514066,2.821230184,44.28781891,-0.067834234,0.101297251,-0.132538708,0.003043527,1.367911816,1.7005126,1.762417793,1.62498157,1.302637434,1.357069564,1.48146553,1.428718138,1.849157429,2.019706941,1.932966995,1.270329809,1,1.591489635,1.587376332,9.941450989,10.12939907,9.095352213
CA-ARB,52.695,-83.9452,90,WET,Dfb,700,-55.52200986,-162.5100064,106.9879965,-0.762634808,14.49576278,1.226118671,10.59113878,0.157160734,0.313886214,0.679066951,0.556716156,139.6428528,0.002737948,0.736828574,-0.002220828,0.844151503,4.512381172,5.181977367,3.270989132,3.559560633,2.392307758,2.512161207,2.5123806,2.577655554,2.188205051,2.738241816,3.571501827,4.588497448,0.962799995,3.177710115,2.381026821,1.57402062,1.748735943,1.760173417
CA-ARF,52.7008,-83.955,88,WET,Dfb,700,-16.42494719,-167.501037,151.0760898,-0.690426117,14.48876279,1.290171851,11.00674021,0.164594427,0.352800422,0.584151687,0.505320292,144.357132,0.043310687,0.005698869,0.033423703,0.032235936,4.512381172,5.181977367,3.270989132,3.559560633,2.392307758,2.512161207,2.5123806,2.577655554,2.188205051,2.738241816,3.571501827,4.588497448,0.886251261,2.925061916,2.191720019,2.595322702,2.817663872,3.098236341
CA-KLP,51.5902,-81.7684,71,WET,Dfb,680,-42.03119163,-141.879388,99.84819634,-0.330708557,14.28258317,0.770217753,10.29796695,0.151797749,0.317350807,0.63396539,0.587880214,137.8571472,-0.012770497,0.348554896,-0.01751971,0.220478566,4.61347971,4.969450378,3.586667204,3.348791027,1.98498168,2.238827991,2.528791237,2.587765694,2.319487333,2.643809462,3.103150082,4.578462315,0.700198646,2.246684458,1.690405416,1.664342446,1.872059292,1.832079634
US-BZo,64.6936,-148.33,100,WET,Dfd,274,17.901374,-146.8811389,164.7825129,-1.830791177,14.93511401,2.072962736,13.04436734,0.188312537,0.387405537,1.30455988,0.894296494,91,0.064324902,0.213259622,0.132922217,0.044562122,3.016556787,1.043663239,3.517362595,1.937582541,1.599194193,1.712894034,2.110915565,2.257655716,1.988717961,0.945933998,3.168498802,2.342564011,0.646248419,1.38090036,1.312490482,2.230896684,2.551051885,2.775779475
US-ChR,35.9311,-84.3324,286,DBF,Cfa,1358.85,-699.3543185,-913.6535997,214.2992812,14.98920595,8.667698925,0.747271058,8.151133771,0.400350845,0.669375438,2.635536963,1.579256606,20,0.032858766,0.187992835,0.111141283,8.19E-05,1.706446862,1.187619066,1.374065948,0.596996474,1.046667004,1.324176216,2.145714188,1.911281729,2.098754501,1.548424983,2.402564001,1.592380953,0.684993752,1.080868305,1.141915005,2.596220317,2.344065252,2.433690007
US-Rms,43.0645,-116.7486,2111,CSH,Bsh,800,-76.30786874,-395.2200359,318.9121671,5.170540131,9.358918572,0.723474069,7.398899493,0.159211134,0.272314716,0.418376036,0.455675165,69,0.017202715,0.215488081,0.035199383,0.039348769,2.135164928,2.772747135,1.900586152,1.426593471,1.314725256,1.783076954,1.836923218,2.547179604,2.378095245,1.978901052,2.162637281,2.003223586,0.797703366,1.611351086,1.653658241,3.751940523,3.947553374,4.061463593
US-SRS,31.8173,-110.8508,1169,WSA,Bsk,388,-178.1344955,-353.4671598,175.3326643,19.53720044,6.98786328,0.392800045,13.66253247,0.154526763,0.262933649,0.403837816,0.379187095,37,-0.022385329,0.578583634,0.014067629,0.657438706,0.647472537,0.923150158,0.264981753,0.449450678,1.082564163,0.926373827,1.247472763,1.549523592,1.720659113,1.994285941,1.026153851,0.827765536,1.271280536,1.341185489,1.955636904,2.188323124,2.141942971,2.050196766