"site_ID","LAT","LONG","ELEV","IGBP","Climate_class","MAP","NEE","NEE_day","NEE_night","MATA","SSTA","IATA","DRTA","EVI","NDVI","LAI","GPP","SOC","TAS_tot","TAS_totp","TAS","TASp","Tmin1","Tmin2","Tmin3","Tmin4","Tmin5","Tmin6","Tmin7","Tmin8","Tmin9","Tmin10","Tmin11","Tmin12","TS_TA","TSmin_c","TSmin_c_gs","NEE_night_mod_p","NEE_night_mod_f","NEE_night_mod_fa"
"US-Uaf",64.8663,-147.8555,155,"ENF","Dwc",263,-82.40987858,-227.6169823,145.2071037,-2.982425133,15.16822482,0.764873017,11.89887595,0.138765741,0.305327436,0.670178302,0.629977961,92,-0.000450947,0.981224987,0.014684737,0.490151881,2.9714282989502,1.11318664550781,3.57765579223633,2.07347993850708,1.63875451087952,1.79531135559082,2.07875442504883,2.2603663444519,1.97010989189148,1.0082052230835,3.16937637329102,2.38688621520996,0,0,0,0,0,0
"CA-Ca3",49.5346,-124.9004,171,"ENF","Cfb",1676,-455.3792721,-959.0584668,503.6791947,12.33045528,6.675638368,0.936052594,7.000477811,0.483764766,0.857448783,2.771600197,1.447177175,128.279005,-0.033329204,0.041003694,-0.011864473,0.43969609,1.1541392326355,2.22556777000427,1.97736258506775,2.09201474189758,1.97860794067383,1.93128204345703,1.9080587387085,2.17450580596924,1.90673990249634,1.85230779647827,2.1779486656189,1.86637370586395,1.00000000000002,1.93707574407264,2.0121580367178,3.87656176894496,4.0502536765034,3.78753681016823
"CA-Cbo",44.3167,-79.9333,120,"DBF","Dfb",876.34,-300.1998484,-801.2863788,501.0865304,7.359258406,10.05677926,0.718274965,9.292756057,0.306037318,0.526104282,2.218255443,1.261075594,67.82142639,0.011325078,0.530018735,0.046217673,0.028442494,3.94783878326416,3.61860799789429,3.15824160575867,2.26725273132324,1.88600721359253,1.84974327087402,2.31919403076172,2.61692276000977,2.191428565979,2.23648357391357,2.27999997138977,3.19575080871582,1.0000000000002,2.6306226094569,2.25870370540386,4.58858278431416,4.35162327134945,4.46437370548542
"US-Ha1",42.5378,-72.1715,340,"DBF","Dfb",1071,-255.8035223,-728.151619,472.3480967,8.297445324,9.80788058,0.876678293,8.105718341,0.40356279,0.704857136,2.480657874,1.309982489,76,0.026698476,0.033941516,0.047932914,3.01e-05,2.85882797241211,2.58337001800537,2.52893776893616,1.92051284313202,1.7912088394165,1.80989017486572,2.04139213562012,2.31369934082031,1.79721603393555,1.4399266242981,2.12739930152893,2.38065919876099,0.999999999999868,2.13275335431071,1.98754191764069,4.90094312605406,5.29637756051996,5.58501684102603
"US-Ha2",42.5393,-72.1779,360,"ENF","Dfb",1071,-456.6123194,-777.3563094,320.7439901,8.439072822,9.896752583,0.453299542,8.095722153,0.40356279,0.704857136,2.556712065,1.317510843,110.2676788,0.020891321,0.340799599,0.048540277,0.041781369,2.85882797241211,2.58337001800537,2.52893776893616,1.92051284313202,1.7912088394165,1.80989017486572,2.04139213562012,2.31369934082031,1.79721603393555,1.4399266242981,2.12739930152893,2.38065919876099,0.999999999999641,2.13275335431023,1.87162329188264,3.23217242840936,3.88056608902432,4.03530434524278
"US-Var",38.4133,-120.9508,129,"GRA","Csa",559,1.649066579,-263.3390955,264.9881621,16.05593753,6.716035654,0.620708747,14.50050425,0.272531468,0.475748382,1.074555568,0.98014376,42,-0.114055046,1.4e-06,0.019718544,0.180610818,1.11772890090942,1.5690842628479,0.887252712249756,0.606666946411133,0.828278350830078,0.856629943847656,1.25934143066406,1.60300445556641,1.65670337677002,1.893186378479,1.30761919021606,0.798974466323852,0,0,0,0,0,0
"US-Ton",38.4309,-120.966,177,"WSA","Csa",559,-84.61296201,-506.9859147,422.3729527,16.5282454,6.73374212,0.613127177,11.71376041,0.242400506,0.460178901,1.033990916,0.993069105,36,-0.024298394,0.015636379,0.010739876,0.165628952,1.11575083732605,1.60798530578613,0.906520175933838,0.598901176452637,0.870256614685059,0.872527503967285,1.2677661895752,1.61472587585449,1.69369983673096,1.86439533233643,1.31941394805908,0.797948837280273,0,0,0,0,0,0
"US-Los",46.0827,-89.9792,480,"WET","Dfb",828,-117.433639,-385.0218749,267.5882359,5.365222819,11.30207975,1.015702743,11.15129048,0.286608488,0.508468293,1.778806469,1.226050602,122.7002151,0.019450322,0.110001713,0.024822056,0.034348182,2.40117206573486,4.54102554321289,3.03780212402344,2.00571429729462,2.15509166717529,1.79560413360596,2.2698902130127,2.84395618438721,2.02139186859131,2.44139194488525,1.70468864440918,2.88432235717773,0.999999999999996,2.50850425362586,2.30913040844754,4.41519538214948,5.12342609322968,5.35878196585704
"US-Wkg",31.7365,-109.9419,1531,"GRA","Bsk",407,-35.43613377,-111.1105641,75.67443036,17.51108583,7.056447243,0.545548007,10.31767924,0.130699385,0.217351349,0.292958323,0.30991543,65.19973455,-0.175887343,0.00285165,-0.004592797,0.894778388,0.41377284526825,0.705274772644043,0.0932600021362305,0.20300350189209,0.927546119689941,0.642343521118164,1.00293006896973,1.21677665710449,1.39296722412109,1.69706935882568,0.82168493270874,0.616337013244629,0,0,0,0,0,0
"US-SRM",31.8214,-110.8661,1120,"WSA","Bsk",380,2.03561792,-123.1262101,125.161828,19.29130157,7.328108599,0.57786819,12.31917873,0.156863849,0.264012355,0.38618014,0.364387016,68.53139129,-0.135618118,9.74e-11,-0.029322234,0.086318725,0.64747257232666,0.923150157928467,0.264981651306152,0.44945068359375,1.08256397247314,0.926374053955078,1.24747276306152,1.5495231628418,1.72065925598145,1.99428577423096,1.02615385055542,0.827765655517578,0,0,0,0,0,0
"US-CMW",31.6637,-110.1777,1199,"DBF","Bsh",288,-369.4642007,-670.4184077,300.954207,17.01686845,7.434365108,0.398825588,18.12271666,0.165785473,0.312382748,0.524831265,0.452409511,12,-0.096794742,1.45e-12,-0.033911284,0.00879374,0.495164799690247,0.692161130905151,0.137729072570801,0.269304275512695,0.967765808105469,0.735824584960938,0.979340362548828,1.30329704284668,1.53025550842285,1.75875473022461,0.890329551696777,0.698315000534058,1.00000000000005,0.871520155668306,1.2579080919152,2.82712272782481,2.97611227141053,2.63493615645638
"US-Ho1",45.2041,-68.7402,60,"ENF","Dfb",1070,-299.3573364,-764.2698027,464.9124663,6.617698272,10.38945917,0.611917349,11.83988483,0.386299613,0.741637896,2.287593844,1.276349204,77.08237024,0.021286091,0.144340384,0.046787686,0.000224002,2.95956058502197,3.17970733642578,3.05040302276611,2.58205132484436,2.06798534393311,2.27662982940674,2.52754611968994,2.5232967376709,1.96813163757324,1.75853476524353,2.10131864547729,2.49626379013062,0.999999999999987,2.4576190948486,2.22506445112151,4.39975694531331,4.69947423482488,4.92741032953275
"US-Ho2",45.2091,-68.747,61,"ENF","Dfb",1064,-324.2129436,-818.8030833,494.5901397,7.692434645,10.40290921,1.16021967,12.08461371,0.388248776,0.73354611,2.402239198,1.280136583,77.82012514,-0.003793199,0.597825886,-0.003330775,0.622295744,2.9701099395752,3.15304050445557,3.08029289245605,2.58776559829712,2.05963363647461,2.27509136199951,2.53706970214844,2.51684989929199,1.96842479705811,1.78468852043152,2.09750909805298,2.52285718917847,1.00000000000002,2.46277776161834,2.2199685249587,4.55045825108608,5.03042824983891,4.98824596142013
"US-GLE",41.3665,-106.2399,3197,"ENF","Dfc",1200,-41.06721474,-303.7133127,262.6460979,0.332191423,9.374343379,0.758923001,6.965512273,0.192594687,0.394892674,0.43781156,0.412233439,34,0.020993322,0.367878021,0.075158937,0.00869923,1.88014640808105,3.30681324005127,2.38879127502441,2.47978038787842,2.73765563964844,2.71194133758545,2.37684965133667,3.09780216217041,2.69289374351501,3.36131858825684,2.49120855331421,2.58527450561523,1,2.67587295770645,2.75094495929038,3.40970848124199,3.71081990975839,3.93143431706687
"US-Me2",44.4526,-121.5589,1253,"ENF","Csb",523,-352.5980349,-794.3348432,441.7368083,7.96091504,7.898648919,0.597719395,7.78935666,0.307782037,0.613216335,1.928813778,1.22255615,61.17514528,-0.03199108,0.016860025,-0.0277359,0.034345696,1.33347988128662,1.9653480052948,1.66300373077393,1.31267399787903,0.944395542144775,1.31457872390747,1.74732608795166,2.19194145202637,1.91677651405334,1.65443222522736,2.1380952835083,1.68608064651489,1.00000000000001,0,0,0,0,0
"US-NR1",40.0329,-105.5464,3050,"ENF","Dfc",800,-196.9782316,-441.8158234,244.8375918,2.380399544,8.796522907,0.529362658,7.419980278,0.260572978,0.513702303,1.289488567,0.916444571,41,-0.037073445,0.001904037,0.02139389,0.063173326,1.78849811553955,3.00615425109863,2.38388271331787,2.32417573928833,2.55384621620178,2.57582421302795,2.19465198516846,2.78673996925354,2.54915752410889,3.15868124961853,2.47501811981201,2.54197788238525,0,0,0,0,0,0
"US-WCr",45.8059,-90.0799,520,"DBF","Dfb",787,-279.4498798,-615.7618018,336.3119219,5.253207019,11.61621686,0.905934512,8.522157173,0.314963572,0.509575197,1.875118238,1.160576974,133.3623104,0.01767571,0.296160219,0.045628831,0.002099594,2.35772953033447,4.25626392364502,2.99531154632568,2.00065932273865,1.98945045471191,1.64908409118652,2.19516448974609,2.73846168518066,2.06959714889526,2.38732600212097,1.80424900054932,2.91626377105713,0,0,0,0,0,0
"US-UMB",45.5598,-84.7138,234,"DBF","Dfb",803,-222.0701584,-652.2238179,430.1536595,7.146668061,10.58143848,0.944869919,7.382990387,0.324729546,0.5162724,2.128865931,1.686181183,80.23832177,-0.004301181,0.62682909,0.019392515,0.063310638,3.66600761413574,3.80600719451904,3.22732605934143,2.28102560043335,1.72608060836792,1.6865198135376,2.19531097412109,2.42630023956299,2.09706954956055,2.39985356330872,2.008717918396,3.48153853416443,0,0,0,0,0,0
"US-MMS",39.3232,-86.4131,275,"DBF","Cfa",1032,-362.7210847,-767.5449197,404.823835,12.47997252,9.991221544,0.722759137,7.963661222,0.397461544,0.65872374,2.355353417,1.549824708,35,-0.025485204,0.010779013,-0.010564903,0.179311536,2.07956027984619,2.27304034233093,1.79956042766571,0.832820606231689,1.01985359191895,1.56549453735352,2.52761878967285,2.36688690185547,2.04468898773193,1.7923810005188,2.30644693374634,2.03597073554993,0,0,0,0,0,0
"US-PFa",45.9459,-90.2723,470,"MF","Dfb",823,5.430551461,-312.9111045,318.3416559,5.756271476,11.52641834,1.240422614,8.678694663,0.318687833,0.57165196,1.855200534,1.19569368,133.3623104,-0.018847387,0.086184236,0.009433945,0.510224797,2.401171875,4.32520160675049,3.02395582199097,2.01509160995483,2.09098901748657,1.80549449920654,2.27245445251465,2.82556762695312,2.02783908843994,2.49641056060791,1.76666655540466,2.85487155914307,0,0,0,0,0,0
"US-Syv",46.242,-89.3477,540,"MF","Dfb",826,-137.4483863,-555.9874073,418.539021,4.596079175,11.59540273,0.997032233,8.021765063,0.269013311,0.526037184,1.866489208,1.186385045,136.0914913,-0.026726588,0.260852703,0.011994328,0.574275846,2.44549503326416,4.15032939910889,2.95531158447266,1.97245419025421,2.06820521354675,1.72146511077881,2.1610258102417,2.57443218231201,1.74791221618652,2.26681308746338,1.68783874511719,2.8671796798706,0,0,0,0,0,0
"US-Whs",31.7438,-110.0522,1370,"OSH","Bsk",320,15.99640701,-28.9958353,44.99224231,17.14865772,7.390926258,0.442867116,15.07800401,0.116940294,0.197097685,0.253273051,0.264389196,7,-0.174206711,0.001068287,0.000804865,0.987828714,0.490842437744141,0.680659341812134,0.0553848266601562,0.207252502441406,0.934505844116211,0.698461532592773,1.01648368835449,1.20300369262695,1.45641059875488,1.71794910430908,0.877142906188965,0.706446886062622,0,0,0,0,0,0
"US-ICt",68.6063,-149.3041,930,"OSH","ET",318,-2.78557041,-71.19916536,68.41359495,-5.46855087,11.9086137,0.850603751,6.804573507,0.100842194,0.17364223,0.738432516,0.546040891,128,-0.090758224,0.498988023,0.007141655,0.926332618,4.0723087310791,1.45289344787598,3.26791229248047,1.66886520385742,1.47194137573242,1.99333329200745,2.13736276626587,2.32109880447388,2.10446887016296,1.31047630310059,3.4550910949707,2.99406623840332,0.999999999999945,2.35415153503405,2.25191424687691,1.25718321667842,1.29016637746026,1.05168269404212
"US-ICh",68.6068,-149.2958,940,"OSH","ET",318,9.131260073,-51.5939879,60.72524797,-6.722277403,12.73572221,1.186930185,7.387243734,0.099543512,0.172997456,0.690528112,0.538789719,128,-0.003913243,0.832695895,-0.009992579,0.592516474,4.0723087310791,1.45289344787598,3.26791229248047,1.66886520385742,1.47194137573242,1.99333329200745,2.13736276626587,2.32109880447388,2.10446887016296,1.31047630310059,3.4550910949707,2.99406623840332,0.999999999999982,2.35415153503414,2.24687431221762,1.43578518005013,1.57057810964516,1.55682923178344
"US-ICs",68.6058,-149.311,920,"WET","ET",318,82.01257147,-27.15501714,109.1675886,-6.53046965,12.9340777,1.30793692,8.273893886,0.100842194,0.17364223,0.763480374,0.581711018,128,-0.010007538,0.744162605,0.00857843,0.794641139,4.0723087310791,1.45289344787598,3.26791229248047,1.66886520385742,1.47194137573242,1.99333329200745,2.13736276626587,2.32109880447388,2.10446887016296,1.31047630310059,3.4550910949707,2.99406623840332,1.00000000000001,2.3541515350342,2.24235478809904,1.52869180857284,1.71414672597751,1.67610889010864
"US-SRG",31.7894,-110.8277,1291,"GRA","Bsk",420,-36.87851754,-226.2165858,189.3380683,18.99026639,7.188866436,0.535970303,11.79684868,0.171173771,0.283310399,0.428213065,0.416332845,25,-0.091833351,1.57e-08,-0.002891043,0.734446619,0.68695981502533,0.926886343955994,0.263369941711426,0.501025772094727,1.10747222900391,0.951355171203613,1.24871788024902,1.57347927093506,1.75684967041016,1.97523803710937,1.04930410385132,0.85040295124054,0,0,0,0,0,0
"US-IB2",41.8406,-88.241,226.5,"GRA","Dfa",930.25,-205.2316686,-635.2071453,429.9754768,9.059868555,10.91359116,0.988658346,10.13887014,0.310126467,0.48691283,1.234162812,1.096204598,95.87462709,0.008178018,0.565175891,0.026735797,0.074606524,2.37963352203369,3.42835168838501,2.56249094009399,1.53978018760681,1.41619071960449,1.53970718383789,2.32754516601562,2.42857131958008,2.00263710021973,2.04534797668457,1.76791210174561,2.35963377952576,0.999999999999741,2.14981680711055,1.94726478250413,5.69486131380567,5.9213334793786,6.01638415323938
"US-Kon",39.0824,-96.5603,417,"GRA","Cfa",867,-167.4031012,-686.2682585,518.8651573,12.97245411,10.78846039,1.113310635,11.96747164,0.291339014,0.464675109,1.120332142,0.895653983,55,-0.077028501,0.000323305,-0.02006161,0.173966822,1.55750913619995,2.86315031051636,1.88754575252533,1.77494525909424,1.97150211334229,1.9553840637207,2.60029335021973,3.23963279724121,2.71933994293213,3.22835149765015,2.13904767036438,2.17487187385559,1.00000000000001,2.34263114730519,2.44650269492563,6.61482738538617,7.09135392079493,5.87335399118052
"US-MOz",38.7441,-92.2,219.4,"DBF","Cfa",986,-351.7837805,-764.2644665,412.480686,13.60136774,10.36737614,1.020989786,9.676229457,0.374392751,0.650998563,2.501680664,1.501456763,45,-0.006025073,0.737359071,0.055228511,4.72e-05,1.52593412399292,2.57765564918518,1.9139927148819,1.28109893798828,1.38798561096191,1.67084274291992,2.497216796875,2.72336959838867,2.36014728546143,2.57956037521362,2.08644685745239,1.99274728298187,0,0,0,0,0,0
"US-NC2",35.803,-76.6685,5,"ENF","Cfa",1320,-384.9087588,-1172.554711,787.6459522,16.09107111,7.991469304,0.432484858,10.28083082,0.408015095,0.736809985,4.327428587,1.770790858,134,-0.017785064,0.064677959,0.000944416,0.933248448,1.75113546848297,1.37076919078827,1.58556795120239,0.938827896118164,1.02292976379395,0.996483612060547,1.71157608032227,1.46996231079102,1.82168502807617,1.31684970855713,2.40739936828613,1.61318678855896,0,0,0,0,0,0
"US-Bar",44.0646,-71.2881,272,"DBF","Dfb",1245.77,-183.1758899,-592.5895303,409.4136405,7.52986439,10.14496199,0.58312373,9.803626716,0.387836521,0.655113031,2.262319668,1.272860499,69.14467397,0.022187658,0.366754356,0.048980918,0.105671984,3.09890117645264,2.94234447479248,2.84080591201782,2.21413922309875,1.75509166717529,2.01904735565186,2.23216152191162,2.38263702392578,1.77230749130249,1.65135531425476,2.36146521568298,2.69655656814575,1.00000000000002,2.33056774536773,2.07334900787447,3.52254994509045,3.77513479066178,3.95285794195476
"CA-Oas",53.6289,-106.1978,530,"DBF","Dfc",428.53,-129.5741244,-467.1110554,337.536931,1.918898563,12.81362665,0.937533834,8.176846631,0.254007803,0.445859197,1.745652071,0.910214577,85.7424686,-0.007662039,0.646383756,0.002510056,0.850662813,1.01663017272949,4.26351623535156,3.80139198303223,3.03406591415405,3.20542116165161,2.75164833068848,2.67948703765869,3.22769260406494,2.59311351776123,3.18395609855652,2.93677654266357,3.03062210083008,1.00000000000002,2.97702680826192,2.89099660792651,4.91238463386955,5.20509454727413,5.09106446735934
"CA-TP4",42.7102,-80.3574,184,"ENF","Dfb",1036,-192.6207748,-736.5534224,543.9326476,9.342187458,10.17544123,0.784144302,7.468774826,0.36699535,0.658590351,2.403910765,1.457332049,87.33921272,0.020965454,0.050517987,0.047952525,2.29e-05,3.50695962905884,3.27699632644653,2.66446890830994,2.05457873344421,1.68717937469482,1.79245433807373,2.21164817810059,2.44271068572998,2.14783878326416,1.90051279067993,2.25560436248779,2.90146522521973,1.00000000000001,2.40353477795921,2.06009759289473,5.53714879444739,5.56104475035403,5.80649359523783
"CA-TP3",42.7068,-80.3483,184,"ENF","Dfb",1036,-547.8418281,-996.825181,448.983353,9.19332656,10.12005276,0.78360179,7.754000587,0.340775012,0.619047329,2.205274761,1.475515873,87.1240342,0.009433826,0.332382265,0.029395276,0.007779306,3.54820518493652,3.25069608688354,2.70952391624451,2.01084246635437,1.68945045471191,1.75084266662598,2.24234428405762,2.46219749450684,2.13736248016357,1.86139221191406,2.28029308319092,2.88036642074585,1.00000000000006,2.40195972919479,2.03482414207017,3.80415486263671,4.28669009567517,4.3697730432572
"CA-Man",55.8796,-98.4808,259,"ENF","Dfc",520,-2.647120468,-227.2297258,224.5826053,-1.18050736,14.66715171,1.294389055,9.768866138,0.189257877,0.453116642,1.008835988,0.723940764,177.3009249,0.033922385,0.08774886,0.028895586,0.137617153,2.04996376037598,4.76608085632324,3.17457847595215,3.75450525283813,3.35010991096497,3.20439558029175,2.81538486480713,2.91890106201172,2.30402936935425,2.95465197563171,4.25333309173584,3.80732612609863,0.999999999999914,3.27943836053184,3.17812446886784,3.18060516136463,3.91318496998183,4.35864476163109
"CA-LP1",55.1119,-122.8414,751,"ENF","Dfb",570,-181.7210075,-317.2944729,135.5734654,3.168149451,10.02317773,0.738260629,9.020263575,0.198464359,0.433229477,0.881869438,0.752706148,70.65000153,-0.035464633,0.050060767,0.013498111,0.569942917,0.919706916809082,2.5096700668335,3.2460072517395,2.44564094543457,2.58402919769287,2.28168497085571,2.23194179534912,2.6999997138977,2.59333310127258,2.58388276100159,3.01655683517456,2.86271076202393,0.999999999999951,2.49793035984027,2.63528261430672,1.81913055017813,2.03917077160614,1.85722587614078
"CA-Ca1",49.8673,-125.3336,300,"ENF","Cfb",1369,-373.7580182,-1083.818877,710.0608591,8.065500196,6.161815897,0.45007738,5.357712276,0.367616227,0.761267813,2.140919438,1.369223569,114.8103363,0.02939538,0.008107449,0.038403709,0.001805515,1.17150182723999,2.29443221092224,1.96849813461304,2.12271070480347,2.01201462745667,2.06549444198608,1.96761913299561,2.28783893585205,1.87648363113403,1.94271068572998,2.17941389083862,1.86959707736969,1.00000000000008,1.97985960841195,2.06354546254373,5.44964503563398,6.07103913986832,6.4506989299391
"CA-Gro",48.2167,-82.1556,340,"MF","Dfb",831,-113.4663209,-453.8777994,340.4114785,3.579075587,12.38930135,1.060415327,9.19250709,0.291918607,0.565476151,1.717918042,1.019259642,77.94115998,-0.021830743,0.504046009,0.016339819,0.594312035,3.34014663696289,3.86549491882324,3.21010971069336,2.68366293907166,2.20805864334106,2.03633680343628,2.28864479064941,2.52087936401367,2.05978050231934,2.65223436355591,2.64263715744019,4.01355361938477,1.00000000000001,2.79346162080767,2.27344582094222,4.86652587478009,5.17568238559956,4.92507833936996
"CA-Obs",53.9872,-105.1178,628.94,"ENF","Dfc",405.6,-55.93100155,-316.8042681,260.8732665,1.208714947,12.99762114,1.098797828,8.735291964,0.210746177,0.489060244,1.030377748,0.802898119,115.2532966,-0.019168251,0.324152944,-0.034573633,0.058230624,1.02036628723145,4.34923133850098,3.52761917114258,3.2422709941864,3.24241762161255,2.67443227767944,2.58417549133301,3.1712818145752,2.50351638793945,3.14161171913147,3.15970706939697,3.04864501953125,1.00000000000001,2.97210626602175,2.88313882666436,3.87456147012249,4.42673933873523,4.18873401308662
"CA-Ojp",53.9163,-104.692,579,"ENF","Dfc",430.5,-38.11573117,-234.6029708,196.4872397,1.422205855,13.13987085,0.967887007,9.271413647,0.220409053,0.49316232,1.126613511,0.771493625,67.24505414,-0.014168931,0.163131576,0.012126706,0.368625664,1.10256423950195,4.27772903442383,3.51399230957031,3.16058611869812,3.26937732696533,2.67875442504883,2.6547981262207,3.05882797241211,2.42051277160645,3.14527468681335,3.14102516174316,3.06849784851074,0.999999999999998,2.95766166845957,2.84408853185379,2.67858373625172,3.03441753189796,2.91456853941642
"US-Jo2",32.5849,-106.6032,1469,"OSH","Bwk",282.3,-175.5459749,-245.8669089,70.32093403,17.62175015,8.214978581,0.441738431,12.31112416,0.112837485,0.171254279,0.21498891,0.215734894,9,-0.104599935,0.001997538,-0.005705449,0.805755212,0.740219831466675,0.940366315841675,0.311941313743591,0.578754615783691,1.26857147216797,0.980659103393555,1.26300392150879,1.27838821411133,1.56769237518311,1.74087915420532,1.06109890937805,1.03025641441345,1.00000000000008,1.06348597009985,1.14096483292279,0.561396307331676,0.560949072478496,0.497843252839562
"US-MtB",32.416,-110.7256,2573,"ENF","Csb",790,-509.163275,-742.9229988,233.7597238,9.842771843,6.890193328,0.411235262,5.565165781,0.286181942,0.540026465,1.478628417,0.710326835,5,-0.050094879,0.001298671,-0.024424344,0.118026061,0.608131873607636,0.969523823261261,0.217728900909424,0.408424854278564,1.10095233917236,0.84820499420166,1.22058582305908,1.54432239532471,1.61245441436768,1.96564064025879,0.885567808151245,0.879926776885986,0,0,0,0,0,0
"US-LL1",31.2792,-84.5329,165,"SAV","Cfa",1310,-203.9650578,-874.3477007,670.3826429,19.41596748,6.815460414,0.63693578,10.01652579,0.370377385,0.699037712,1.878460077,1.563649503,20,-0.006491554,0.490264653,0.01210904,0.143552061,1.58021974563599,1.17985343933105,1.39641036987305,1.00073299407959,1.506591796875,1.25252685546875,1.70417633056641,1.44263648986816,1.77369995117187,1.51787548065186,2.46249113082886,1.50146532058716,0.999999999999989,1.5265566587448,1.2871914797746,4.21143423362462,4.48080618032567,4.44352112448265
"US-BZB",64.6955,-148.3208,100,"WET","Dfd",274,25.04507779,-147.606625,172.6517028,-1.539408274,14.93382051,1.591506004,13.04604046,0.173610722,0.360845194,0.643543462,0.669770631,78,0.04631792,0.32007341,0.075349321,0.172798031,3.01655616760254,1.04366302490234,3.51736259460449,1.9375825881958,1.59919428825378,1.7128942489624,2.11091556549072,2.25765581130981,1.9887179851532,0.945934009552002,3.16849880218506,2.34256362915039,1,2.13679489294688,1.97821458082375,2.97329909028161,3.10568048159825,3.40368828301613
"US-BZF",64.7013,-148.3121,95,"WET","Dfd",274,41.21709943,-154.7445154,195.9616148,-1.183985256,14.8273452,1.564425398,12.0930751,0.195722752,0.389992774,0.851519518,0.752174907,91,-0.035940755,0.600383131,-0.016410093,0.81083682,3.01655616760254,1.04366302490234,3.51736259460449,1.9375825881958,1.59919428825378,1.7128942489624,2.11091556549072,2.25765581130981,1.9887179851532,0.945934009552002,3.16849880218506,2.34256362915039,0.99999999999998,2.13679489294684,2.09638963011916,3.15906731066338,3.0354522129141,2.81514729887669
"US-KL2",42.4768,-85.4468,258.3,"GRA","Dfa",1027,-263.1196683,-650.348139,387.2284707,9.320215088,10.52969109,0.880711625,10.20397413,0.260549767,0.462824752,1.095055957,1.109078928,29,-0.002164303,0.931360705,0.016782262,0.485606276,3.05135526657104,3.16776552200317,2.56315021514893,1.63201460838318,1.36351661682129,1.59487190246582,2.22725296020508,2.42190456390381,2.01728897094727,2.04329681396484,2.09091563224792,2.5279851436615,0.999999999999975,2.22510985136026,2.04148686537362,5.15465019183912,5.7753106576174,5.74984933777949
"US-Ro4",44.6781,-93.0723,274,"GRA","Dfa",879,-293.9898576,-568.9146361,274.9247784,7.601755691,11.9786687,1.495797157,11.51007716,0.258736246,0.412654827,1.057472189,0.95768717,87,-0.01696897,0.301213374,-0.013287498,0.351527854,2.2644681930542,4.33076915740967,3.00249099731445,1.81670322418213,1.90564079284668,1.68087959289551,2.17465209960938,2.77670288085938,2.06358947753906,2.24461536407471,1.46285717487335,2.25157527923584,0,0,0,0,0,0
"US-KM4",42.4423,-85.3301,246.3,"GRA","Dfa",1027,-6.013849094,-527.2991009,521.2852518,9.198884433,10.44266836,0.969532712,10.70435516,0.297590963,0.480400747,1.200179167,1.118328526,370,0.010998726,0.501927269,0.023966963,0.117426704,3.01304044723511,3.1402195930481,2.5389744758606,1.57692308425903,1.34161167144775,1.59912071228027,2.24234428405762,2.45223407745361,2.05604400634766,2.03553104400635,2.00322337150574,2.44300351142883,0.999999999999992,2.2035225232442,1.72585653342139,6.11745110682319,6.52632276423065,6.651390152285
"US-MBP",47.5051,-93.4893,416,"WET","Dfb",780,-235.3531787,-301.1511057,65.79792695,4.245124638,12.55251,1.240341758,11.37204774,0.284089004,0.50153169,1.874804349,1.135360107,29,0.006689029,0.850745549,0.028622591,0.403768378,2.34065856933594,4.7994873046875,3.33296718597412,2.46249084472656,2.89509139060974,2.48476181030273,2.84527492523193,3.31399250030518,2.06117219924927,2.87186808586121,1.83904757499695,2.79714260101318,0.999999999999957,2.83699624935774,2.70442014408319,1.25386347633356,1.55670253626409,1.58511945447238
"US-Myb",38.0499,-121.765,-4,"WET","Csa",338,-345.4191716,-730.62308,385.2039084,15.52827012,5.341119043,0.545486702,10.32626129,0.344865318,0.571750549,1.545986834,1.632380504,29,-0.010970499,0.821069723,0.022012528,0.657049503,1.15003662109375,1.52073268890381,0.943882942199707,0.819633674621582,0.94769229888916,0.9009521484375,1.28923091888428,1.55545768737793,1.76908435821533,1.86380958557129,1.38974370956421,0.826080656051636,0,0,0,0,0,0
"US-NC4",35.7879,-75.9038,1,"WET","Cfa",1311,44.3801798,-771.2645314,815.6447112,17.03805014,7.827075402,0.64665654,7.710634506,0.355342464,0.712813163,2.150375785,1.945448321,250,0.095875041,0.000124236,0.089410852,0.00058645,1.6080584526062,1.39465198516846,1.59098901748657,1.04959735870361,0.79846134185791,0.775970458984375,1.53794784545898,1.22190437316895,1.57662963867188,1.20051288604736,2.23304042816162,1.66630029678345,0,0,0,0,0,0
"US-Tw1",38.1074,-121.6469,-5,"WET","Csa",421,-293.5906741,-813.6846906,520.0940165,14.97899791,5.749033788,0.784274591,13.83150879,0.289151882,0.503075661,0.799678856,1.184036319,231,0.00512139,0.924075945,0.013277193,0.843750627,1.13479833602905,1.47809534072876,0.949816799163818,0.75684986114502,0.916337013244629,0.899560356140137,1.32307682037354,1.55538444519043,1.71838836669922,1.8465202331543,1.39670333862305,0.752600812911987,0,0,0,0,0,0
"US-Ced",39.8379,-74.3791,58,"CSH","Cfa",1138,-81.89364433,-716.8616897,634.9680453,12.02906544,9.123204938,0.711612046,9.751491014,0.345113921,0.696850985,2.277825488,1.573939618,28,0.007720458,0.722508105,0.013647505,0.445498961,2.36021976470947,2.19135518074036,2.08542122840881,1.39479856491089,1.37978038787842,1.35194206237793,1.79626350402832,1.83472595214844,1.91545848846436,1.40857105255127,2.20893769264221,2.13106226921082,1.00000000000003,1.83821134567266,1.62752505600565,4.94919153501195,5.33923352162025,5.40674553003076
"US-Oho",41.5545,-83.8438,230,"DBF","Dfa",849,-783.1932372,-1156.016379,372.8231422,10.50362975,10.21148895,0.838409997,8.987854462,0.347107241,0.589715782,2.292612784,1.517473154,81.170762,0.016943481,0.121958428,0.039100506,0.004723733,3.03604373931885,3.05714273452759,2.56402926445007,1.42117228507996,1.33186817169189,1.68212432861328,2.33772964477539,2.51655673980713,2.15985336303711,2.05685005187988,2.36109890937805,2.63882784843445,0,0,0,0,0,0
"US-Slt",39.9138,-74.596,30,"DBF","Dfa",1138,18.42646551,-542.6470432,561.0735087,12.34155473,9.354407665,0.690651922,10.76633312,0.367755213,0.669821001,2.413414359,1.811010277,67.65037873,-0.007620106,0.813461763,0.035782847,0.167697667,2.46424903869629,2.28615388870239,2.07142853736877,1.45186805725098,1.42659339904785,1.39655723571777,1.80915718078613,1.93230743408203,1.85575122833252,1.35465202331543,2.19912104606628,2.1964102268219,0,0,0,0,0,0
"US-Wrc",45.8205,-121.9519,371,"ENF","Csb",2452,-290.6447683,-488.5045736,197.8598053,9.19377554,7.204713761,0.778607021,8.80484451,0.357653456,0.775579843,2.362630575,1.441205488,100.6444175,0.018239162,0.331618364,0.037325379,0.026078508,1.23355314731598,2.01311357021332,1.66739926338196,1.3295970916748,1.0538462638855,1.44791231155396,1.83472537994385,2.16798534393311,1.92109909057617,1.50542140007019,2.14205121994019,1.78681318759918,0,0,0,0,0,0
"AU-Tum",-35.6566,148.1517,1200,"EBF","Cfb",1159.01,-666.4303636,-1557.725801,891.2954371,9.53248649,6.151570981,0.896021748,6.046908514,0.345878013,0.748531321,4.145199453,2.483637077,123.3451004,-0.02207937,0.129664257,-0.008283975,0.610976414,1.05567779541016,1.47377281188965,1.54073257446289,1.31267395019531,2.08168497085571,0.987472546100616,0.776703310012817,1.25076928138733,1.22300364971161,1.42168502807617,0.83238115310669,1.34439563751221,1.00000000000003,1.27507939239347,1.128374158388,5.99338584815037,6.4443481199355,6.2857784681348
"BE-Bra",51.3076,4.5198,16,"MF","Cfb",750,-166.288564,-749.2666622,582.9780983,10.97053541,6.051532438,0.804565076,6.561212808,0.358924365,0.694204121,2.136142275,1.351740612,79.58034515,0.01723598,0.301472259,0.063891151,0.000154877,0.75728931427002,0.563003659248352,1.10271058082581,0.145641040802002,0.809962844848633,0.667472457885742,1.56857147216797,1.49223442077637,1.56805858612061,1.07391948699951,0.594871807098389,1.31164836883545,1.00000000000007,0.971282003323304,1.142814931596,5.25365905662042,5.6380277424633,5.75018396727345
"BE-Vie",50.3049,5.9981,493,"MF","Cfb",1062,-478.5766696,-1021.335334,542.7586639,8.46045321,6.51403277,0.900086419,6.285451708,0.347086027,0.70812739,2.020672443,1.301817589,129.024826,0.001483281,0.874257725,0.030131689,0.004216308,1.16439564228058,0.822124564647675,1.28695969581604,0.0964835643768311,0.848717975616455,0.891868209838867,1.79377269744873,1.84483509063721,1.85545806884766,1.07347965240479,0.641904830932617,1.60571429729462,1.00000000000032,1.16047619084555,1.24097282418141,3.84628159002964,4.00679684046962,4.01417898925633
"CH-Lae",47.4783,8.3644,689,"MF","Cfb",1100,-230.3016917,-775.6492879,545.3475963,8.915765745,7.766882903,1.374109694,6.149768178,0.402360013,0.6917319,2.704207068,1.473129309,79.23197937,0.056037398,7.02e-08,0.058002674,2.13e-08,2.3344322681427,2.0747985124588,1.86183152198792,0.413333320617676,0.84798526763916,0.649523735046387,1.95772857666016,2.01890087127686,1.92197799682617,1.47010984420776,1.10227100849152,2.34300365447998,1.00000000000001,1.58299138148627,1.52125505594977,5.18495609831683,5.32594963284223,5.79988567140605
"CZ-BK1",49.5021,18.5369,875,"ENF","Dfb",1316,-706.6733244,-1175.156682,468.4833579,7.291310547,7.844266283,1.003470324,5.894623387,0.302740047,0.694963782,1.84740988,1.125236073,235.81073,0.032928944,0.025902233,0.05342783,0.001702631,2.72051277160645,2.35948719978333,2.38190474510193,1.10446887016296,1.55531139373779,1.30051288604736,1.78417549133301,1.73194141387939,2.26527490615845,1.63956050872803,0.66813188791275,2.63743591308594,0.99999999999993,1.84572649896132,1.64988109797582,2.77996058512481,2.89754239428875,3.05931724873354
"CZ-wet",49.0247,14.7704,426,"WET","Dfb",604,70.61511283,-389.1164304,459.7315432,8.886855229,7.664662047,0.735638213,10.81322534,0.375033785,0.584404436,1.402278635,1.132827546,76.55177307,0.013212247,0.432543276,0.006737828,0.74529744,2.40065937042236,1.93604395389557,2.0073260307312,0.450329637527466,1.25604400634766,0.967179489135742,1.74241752624512,1.89846153259277,2.29699630737305,1.76249094009399,0.690695953369141,2.18908424377441,1.00000000000012,1.6331440826259,1.27934517323147,5.92320237562912,6.38785866508486,6.49675050421343
"DE-Gri",50.95,13.5126,385,"GRA","Cfb",901,-84.30589712,-629.3600699,545.0541728,8.805153606,7.493733116,0.726677589,10.00271773,0.350130309,0.674273162,2.345711073,1.246221999,89,0.021825979,0.210237781,0.015328397,0.253318183,2.06080594062805,1.62827837467194,2.00783882141113,0.484249114990234,1.18219766616821,1.1541389465332,1.81728916168213,1.7753116607666,1.92879085540771,1.51926746368408,0.742197799682617,1.88608064651489,1.0000000000002,1.51553720434537,1.09436892455422,5.34058710130502,5.75125626025786,5.89028264722471
"DE-Hai",51.0792,10.4522,430,"DBF","Cfb",720,-504.9540476,-945.6854347,440.7313872,8.575965303,7.524233865,0.865467475,5.644504684,0.377834505,0.684471695,2.145898905,1.146030609,79,-0.033032953,0.00151061,0.001598966,0.84888331,1.80520148277283,1.32512817382813,1.89260075092316,0.481465291976929,1.23296709060669,1.22454204559326,1.8997802734375,1.84842472076416,2.04490871429443,1.54725284576416,0.784102535247803,1.83355309963226,0.999999999999965,1.49332725207006,1.70124874820618,3.97346312335334,4.04249871250392,3.82158678089671
"DE-Tha",50.9626,13.5651,385,"ENF","Cfb",843,-476.4726062,-882.3073245,405.8347183,9.402551341,7.786198557,0.983414472,6.327494829,0.326846296,0.725934082,2.003417007,1.169481732,79,-0.010826534,0.031370785,0.010533414,0.151750263,2.06498165130615,1.53860802650452,2.06256403923035,0.564395523071289,1.2150182723999,1.18673992156982,1.82402896881104,1.76542148590088,1.9308422088623,1.53663005828857,0.692893886566162,1.91736271381378,1.00000000000012,1.52495722969391,1.49768491741181,3.75260686100671,3.95939905130878,3.89571613442064
"DK-Sor",55.4859,11.6446,40,"DBF","Cfb",660,-228.2771997,-912.3899291,684.1127294,8.761278262,6.46255963,0.794071683,5.091216518,0.394364844,0.631647917,2.57819245,1.506749902,91.67423248,-0.028739344,1.08e-05,-0.019736597,0.007768897,1.20095238685608,1.29135527610779,1.76901097297668,0.944249057769775,1.3457145690918,1.60630035400391,1.59457874298096,1.57575054168701,1.39435901641846,1.50102596282959,1.07128210067749,1.21890110969543,0.999999999999957,1.37612334092452,1.50890882043894,7.56290622768943,7.75071723246303,7.42179050152266
"FI-Hyy",61.8474,24.2948,181,"ENF","Dfc",709,-214.3829499,-519.4189779,305.036028,4.800296168,9.113926888,1.143711177,6.323518454,0.244738757,0.505136386,1.943659673,1.074986145,44.4856987,-0.033550306,2.67e-12,-0.012176135,0.013820695,3.75538463592529,2.35809535980225,3.5701096534729,2.38146524429321,2.11706967353821,2.43978042602539,1.69897422790527,1.9849084854126,1.31978015899658,2.46761908531189,2.17743587493896,2.83897433280945,0.999999999999918,2.42579976320247,2.07802976950678,4.16310254872997,4.67781416348818,4.36279281893855
"FI-Sod",67.3624,26.6386,180,"ENF","Dfc",500,98.69725862,-99.03957884,197.7368375,1.025611555,10.62006747,0.602333311,8.273908543,0.142862776,0.331580344,0.518258003,0.48274721,133.773407,0.005294499,0.691000041,0.005998622,0.740643486,3.35443229675293,3.01992740631104,3.83238105773926,1.66388263702393,2.33318691253662,2.73699636459351,1.85120887756348,1.90490818023682,1.66798520088196,2.63655676841736,2.87304039001465,2.56315021514893,0.999999999999947,2.53647135893491,1.87881894411908,3.20720395574049,3.75154491301516,3.78904927600615
"FR-Pue",43.7413,3.5957,270,"EBF","Csa",883,-265.3477035,-732.8361426,467.4884391,14.14700288,6.646252906,0.608136711,8.555168644,0.353271042,0.675778764,2.071754447,1.469869503,62,0.016065247,0.383390732,0.015097144,0.239611239,1.38139181137085,1.74446873664856,0.865567684173584,0.0470327377319336,0.864615249633789,0.753919410705566,1.85670318603516,2.39150161743164,1.90783920288086,1.05230751037598,0.80388298034668,1.64695963859558,0.999999999999974,1.27634914716081,1.03173716620166,2.9362485304902,3.08211897064698,3.13363116996415
"IT-MBo",46.0147,11.0458,1550,"GRA","Dfb",1214,-18.35024962,-604.923343,586.5730934,5.534325946,6.858998873,0.607323328,7.021436588,0.295786994,0.428941811,1.19291086,1.062056088,78.88999939,-0.027209574,0.047717713,-0.025425383,0.230322032,2.70564098358154,2.26424913406372,1.50930397510529,0.197948741912842,0.936923217773437,0.755750846862793,2.08234481811523,2.17692317962646,2.39750938415527,1.57831516265869,0.538901126384735,2.23018312454224,0.999999999999936,1.61449947456508,1.02726021196644,7.11702901261784,7.48735449060587,7.28097088656795
"IT-Noe",40.6062,8.1517,25,"CSH","Csa",588,-144.5370835,-606.3531926,461.8161091,16.58813026,5.492418466,0.821192524,10.46238128,0.277665955,0.625079713,1.202199945,1.781909619,77.93000031,0.054981589,0.002384243,0.056355514,0.003058118,1.28583653767904,1.44993893305461,0.873626708984375,0.311111132303874,0.786691347757975,0.94468879699707,1.45873069763184,1.97167332967122,1.90146446228027,1.08168506622314,0.683150291442871,1.29511578877767,1.00000000000006,1.1703094244004,0.959205624035169,1.91761350173027,2.01840084579381,2.12770553772093
"IT-Ren",46.5869,11.4337,1730,"ENF","Dfc",809.3,-680.608856,-994.5684411,313.9595851,4.721927376,7.057612986,0.67597391,7.231511816,0.255662627,0.544748507,1.531326709,1.076196603,102.0999985,0.008815194,0.5718139,-0.005636738,0.678470105,2.80117211341858,2.52036638259888,1.85238084793091,0.276630020141602,1.02989020347595,0.844908428192139,2.04820537567139,2.00102558135986,2.4110622882843,1.69582414627075,0.815750920772553,2.48732614517212,1.00000000000014,1.732045204441,1.53493690563348,2.76246373426567,3.08714375949698,3.12919905976887
"IT-SRo",43.7279,10.2844,6,"ENF","Csa",920,-383.4559854,-1080.222937,696.7669516,15.30033358,6.470837745,0.42321107,8.698711299,0.310257224,0.684966945,1.937945016,1.646346497,76.83000183,-0.03530853,0.001070875,-0.027381544,0.019318121,1.56373637914658,1.58782058954239,1.08598899841309,0.317124605178833,1.02802205085754,1.01721572875977,1.91382741928101,2.26913928985596,2.21108078956604,1.40989065170288,0.500640869140625,1.42774742841721,1.00000000000002,1.36101956665519,1.34423826568766,4.08789985715045,4.14913976524755,3.95680922868209
"NL-Loo",52.1666,5.7436,25,"ENF","Cfb",786,-477.5499893,-954.8483328,477.2983435,10.34300169,6.442518982,0.71987773,7.05813553,0.330614882,0.723400637,1.931156061,1.3148559,57.43982315,-0.025331325,0.034442837,0.034592701,0.006609785,0.875531136989594,0.61260073184967,1.1950183391571,0.201025676727295,0.841904640197754,0.770915222167969,1.49699611663818,1.30842456817627,1.49274730682373,1.14600763320923,0.749596977233887,1.37882785797119,1.0000000000002,1.00579968392869,1.18628031723901,4.55748480239557,4.79616127430552,4.65418032876779
"RU-Fyo",56.4615,32.9221,265,"ENF","Dfb",711,79.80165481,-468.2706558,548.0723106,5.501188621,9.866869421,0.729567956,6.809816949,0.285396238,0.61108608,1.67563701,1.035257592,56.61304092,-0.035660795,0.018911565,-0.04413347,0.042581162,2.88212461471558,2.26043949127197,2.95531129837036,2.71714282035828,1.68087940216064,2.60336971282959,1.85252723693848,1.63780193328857,1.57560434341431,1.66161170005798,1.27333331108093,2.7347252368927,1.00000000000003,2.15290592511501,2.28617496096263,5.36994880599049,6.23675101715349,5.74846325932022
"ZA-Kru",-25.0197,31.4969,359,"SAV","Bsh",547,24.56452799,-460.0679193,484.6324473,21.90767249,3.22304914,0.620008004,10.9047387,0.270693112,0.456128619,1.013002659,1.229694056,46.12785339,-0.172341341,0.000817539,-0.029389301,0.267234478,1.40608139038086,1.21963386535645,1.59714279174805,1.04175720214844,1.38578758239746,0.84315013885498,1.54410257339478,1.01399230957031,1.67406616210938,1.47604522705078,1.26468849182129,1.18564109802246,0,0,0,0,0,0
"IT-Tor",45.8444,7.5781,2160,"GRA","Dfc",920,-53.3990208,-378.8807397,325.4817189,3.56659102,6.66248492,0.784092952,7.578815292,0.208387361,0.342706532,0.901416538,0.668415359,85.83999634,-0.060704246,0.022516361,-0.028715165,0.295010506,2.46021962165833,2.51890110969543,1.68417592048645,0.138388276100159,0.835164856910706,0.773406541347504,1.86732606887817,2.23135557174683,1.92095246315002,1.26527471542358,0.846959817409515,2.17267413139343,1.00000000000002,1.55956659118338,1.68273951573693,3.26827014360847,3.55642185462562,3.21107415496892
"BE-Dor",50.311876,4.968113,250,"GRA","Cfb",581.795,-97.47695411,-959.9526312,862.4756771,10.10352937,6.154928779,0.581677068,8.683038069,0.445718876,0.64723544,1.458163337,1.156422753,83.44987488,0.013769491,0.069613671,0.015402553,0.039579234,0.915604376792908,0.755384647846222,1.1260073184967,0.095164680480957,0.787765693664551,0.853919219970703,1.71545810699463,1.78080577850342,1.62857131958008,0.987399387359619,0.574285554885864,1.39787545204163,0.999999999999848,1.05152012805128,1.13695213333737,6.38169963181613,6.92913119480876,7.03846205913537
"CH-Fru",47.115833,8.537778,982,"GRA","Dfb",1651,-298.7561419,-912.3578601,613.6017183,8.040394743,7.207652341,0.634855889,7.570932517,0.412596029,0.604985807,1.838815037,1.284101184,82.63198853,0.004339822,0.533523552,0.009804798,0.173823903,2.50571427345276,2.29919414520264,1.8980952501297,0.353479814529419,0.863370227813721,0.682271194458008,1.98007335662842,2.02571449279785,1.90520133972168,1.446226978302,1.10593404769897,2.42102565765381,1.00000000000004,1.62385839819915,1.31388656319747,8.60516786933179,9.26116131602298,9.3141196125014
"CZ-RAJ",49.443724,16.696513,648,"ENF","Dfb",681,-383.8099078,-859.1850694,475.3751616,8.30023572,8.578157401,0.662898357,5.839098805,0.270829953,0.629061353,1.631297266,1.123155914,124.493309,0.015903718,0.384261866,0.029587294,0.124254546,2.53567757606506,2.0140659570694,2.23098902702332,0.779194068908691,1.46490879058838,1.18102588653564,1.84146518707275,1.83531131744385,2.17333316802979,1.59692306518555,0.718754601478577,2.34827833175659,1,1.7266605814298,1.65293881050461,2.89594967079953,3.08189196046708,3.16398261097006
"CZ-Stn",49.035975,17.9699,564,"DBF","Dfb",685,-278.4308721,-821.3693176,542.9384455,8.981183231,8.378014241,0.696085384,5.978236731,0.361638678,0.655961827,2.355919025,1.209672552,84.73412323,-0.011739842,0.300939477,0.001496075,0.910773807,2.70161170959473,2.2856409072876,2.26131873130798,0.897948741912842,1.47575101852417,1.32300357818604,1.86227111816406,1.91772899627686,2.40197792053223,1.72791223526001,0.639633691310883,2.5470329284668,0.999999999999968,1.83681929806862,1.85090651847292,4.17871625418794,4.08770444305501,3.99983936489991
"DE-Obe",50.78666,13.72129,743,"ENF","Dfb",996,-226.0576898,-858.8589465,632.8012567,6.931686928,7.727484488,0.792809282,5.242184288,0.281580623,0.706213976,1.644797587,1.111574767,89,-0.003526921,0.745950904,0.024396427,0.087094408,2.09362635612488,1.63472542762756,2.00820505619049,0.516410326957703,1.20937719345093,1.19025630950928,1.78959712982178,1.79721622467041,1.92901105880737,1.53238077163696,0.739267408847809,1.94835159778595,1.00000000000004,1.53236873845265,1.40474369569305,5.57893221749099,5.94695872623347,5.91756786220595
"DE-RuR",50.6219,6.3041,514.7,"GRA","Cfb",1033,-118.1924847,-824.3599101,706.1674254,8.585240935,6.439987981,0.695806874,7.157439461,0.473789227,0.688206331,2.001362852,1.308888839,70,0.007807575,0.413661705,0.018877603,0.11099875,1.19648351669312,0.827472519874573,1.38717949390411,0.15238094329834,0.878461647033691,0.981538200378418,1.88095226287842,1.81369953155518,1.82139205932617,1.15355310440063,0.647325992584229,1.655091547966,0.999999999999991,1.1996275683244,1.02260519448746,6.09131314091504,6.32655136899308,6.37726515917503
"CH-Aws",46.583194,9.790417,1942,"GRA","Dfc",918,-343.0896427,-843.3451623,500.2555196,4.736015307,6.407486521,1.247887515,7.590693975,0.162847466,0.351048982,0.873428717,0.77464745,98.25754547,5.73e-05,0.995754998,0.011029618,0.330668736,2.78703269958496,2.69304046630859,1.97604398727417,0.332087898254395,0.998754596710205,0.947985327243805,2.2615385055542,2.30117220878601,2.18461537361145,1.65479853153229,0.989670372009277,2.57245416641235,1,1.80826617777348,1.70827585749211,6.08495618485772,6.49636838088795,6.49700430387581
"ES-LJu",36.926594,-2.752115,1613,"OSH","Csb",400,-9.391672394,-74.64457368,65.25290129,11.96583513,6.879885067,0.552650551,6.871019162,0.156131754,0.364742,0.37733976,0.559924323,37.08029556,-0.128619043,0.000148378,-0.126256459,0.001165899,1.6016850233078,1.82483520507812,0.906153869628906,0.615677642822266,0.950769233703613,1.15076923370361,1.57172203063965,1.86879119873047,2.14329681396484,1.38879127502441,1.82586069107056,1.74600727558136,1.00000000000006,1.46619662443806,1.41974460988469,0.45002346852392,0.440557996680066,0.367027179796612
"FR-FBn",43.24079,5.67865,433,"MF","Csa",700,-561.031217,-1048.759881,487.7286638,14.17918059,6.518112649,0.719903847,6.832651808,0.312322154,0.653080885,1.851690379,1.666571775,62,0.064939954,0.000140405,0.082997887,3.28e-09,1.25267395973206,1.61421246528625,0.935311412811279,0.115897369384766,0.960952568054199,0.809011077880859,1.78183135986328,2.20278396606445,1.91816883087158,1.08864459991455,0.714139175415039,1.51670322418213,1.00000000000002,1.24252750078839,1.29695552761647,2.79469196992011,2.86620720098775,3.11806886081761
"FR-Fon",48.476358,2.780096,104,"DBF","Cfb",720,-591.8595692,-1088.31904,496.4594705,11.78157291,6.489655199,0.782169161,7.500926756,0.407642864,0.668099172,2.54211371,1.720085086,45,0.004434613,0.733276168,0.053028611,4.18e-05,1.00358979701996,0.93010983467102,0.994871807098389,-0.0283515930175781,0.700952339172363,0.65164852142334,1.82073249816895,2.00871810913086,1.75545787811279,0.731282043457031,0.344102478027344,1.34065928459167,1.00000000000008,1.02114774982142,1.35663478358989,5.2454950859453,5.41143011653213,5.44408422067539
"GF-Guy",5.2788,-52.9249,48,"EBF","Am",3041,-219.262193,-1774.38231,1555.120117,25.90239118,0.834548469,0.383940333,4.939175364,0.4743174,0.811933862,4.132823189,3.369946767,23.96599197,-0.020437122,0.585729027,0.166101912,0.000150506,1.05978012084961,1.25084228515625,1.11706924438477,1.36703224182129,1.16417579650879,1.2449089050293,1.10505485534668,1.28769226074219,1.31010971069336,1.29047584533691,1.28007354736328,1.18366317749023,1,1.22173983256022,1.22038521362855,8.67122648645891,8.7115416401879,8.49695284399257
"IL-Yat",31.345045,35.051989,652,"ENF","Csa",285,-128.6588153,-357.1603216,228.5015064,18.37615502,6.377912335,0.624908652,10.3076309,0.199036791,0.345148009,0.591916179,0.596915955,20.85048294,-0.023361662,0.065953699,0.0006645,0.949109932,1.09406604766846,0.743369960784912,0.310109901428223,1.43238124847412,1.16161193847656,1.3297435760498,1.2534797668457,1.38761901855469,1.3492301940918,1.56717967987061,1.51340637207031,1.03362655639648,1.00000000000014,1.1813186883928,0.931973798572715,1.9976378501133,2.03308217000216,1.98929537885332
"SE-Deg",64.182,19.5565,270,"GRA","Dfc",523,-52.35171376,-113.8946477,61.54293393,2.578362907,9.399473566,0.902916428,8.829492384,0.209691561,0.403204798,0.922377521,0.793380385,81.22222137,0.021781705,0.067320611,0.024517025,0.023270383,3.23831520080566,2.99692306518555,3.67706985473633,1.69912087917328,2.48923072814941,2.44102563858032,1.66549472808838,1.92710647583008,1.48234415054321,2.34219779968262,2.04175825119019,2.09743585586548,1.00000000000011,2.34150188565281,1.99412706966776,0.97603851046011,1.12684682212308,1.17687050019336
"IT-SR2",43.732022,10.29091,13,"ENF","Csa",920,-222.0094793,-1243.523578,1021.514099,15.80013189,6.137176723,0.396637986,7.80952793,0.363638427,0.779128469,2.535840614,1.819763477,76.83000183,0.006524039,0.645720902,0.00589061,0.7393264,1.56373637914658,1.58782058954239,1.08598899841309,0.317124605178833,1.02802205085754,1.01721572875977,1.91382741928101,2.26913928985596,2.21108078956604,1.40989065170288,0.500640869140625,1.42774742841721,1.00000000000009,1.36101956665528,1.41755453101993,6.31377167966334,6.42883028796166,6.48856104909409
"CH-Dav",46.8153,9.8559,1639,"ENF","Dfc",1062,-17.38580856,-558.4503074,541.0644989,4.405167189,7.092082804,0.716998184,7.902961279,0.202076474,0.436143668,0.889368032,0.796840449,94.02565002,-0.02039791,0.04575886,-0.01777105,0.034412692,2.84989013671875,2.57633695602417,1.96769256591797,0.419194221496582,0.992454183101654,1.0355311870575,2.2989743232727,2.26161165237427,2.20813179016113,1.65289375782013,1.12923069000244,2.58710622787476,0.999999999999916,1.83158730765168,1.55708446451068,3.36054584081871,3.89583489038406,3.77404260832896
"DE-Akm",53.8662,13.6834,-1,"WET","Cfb",558,-46.71887183,-558.9825569,512.263685,10.02900608,6.635480757,0.993876892,7.310357203,0.278787594,0.499805376,1.581386307,1.21551104,244,0.029278585,0.30985324,0.039474193,0.173112347,1.62622709274292,1.40886452198029,1.82747251987457,0.868131828308105,1.30835151672363,1.44967041015625,1.60307712554932,1.59128246307373,1.64197807312012,1.69465217590332,0.942417669296265,1.5524542093277,0.999999999999949,1.45954830050461,1.49014419028369,5.2391192949855,5.85525458996766,6.11637005282128
"DE-Hte",54.2103,12.1761,0.2,"WET","Dfb",645,-155.7901619,-412.3708217,256.5806597,9.821001477,6.877626866,0.80949768,5.516676301,0.295211128,0.589761018,1.702147167,1.199182387,107,0.084912528,0.018086303,0.120276611,0.000705115,1.33232599496841,1.38443228602409,1.82417586445808,0.936630249023438,1.35338807106018,1.6307692527771,1.56483507156372,1.51593446731567,1.48205137252808,1.54496371746063,0.960164725780487,1.34349811077118,0.999999999999919,1.40609743197747,1.53744639671476,2.97738188514683,3.14002360180566,3.57790980517231
"DE-Hzd",50.96381,13.48978,395,"DBF","Dfb",877,164.9111751,-444.6880072,609.5991823,9.883968124,7.494185893,1.128187705,7.849682181,0.316207221,0.714139088,1.883350293,1.202530185,79,-0.036975701,0.255097843,-0.016960937,0.625693722,2.03311352729797,1.5216849565506,1.99736266136169,0.52175817489624,1.17846155166626,1.18732585906982,1.79611721038818,1.78293075561523,1.91091575622559,1.53333330154419,0.733846187591553,1.87399272918701,0.999999999999873,1.50590355594934,1.46553404211122,8.56131847440976,9.41512543224585,8.91850503943734
"DE-RuC",50.5031,6.336,610,"OSH","Cfb",1250,144.4969326,-308.671177,453.1681096,8.394262699,6.642721127,0.627656801,6.559148959,0.283421044,0.751242788,1.763587188,1.227614897,79,0.025581064,0.223670455,0.015444112,0.339379961,1.22945053577423,0.848864459991455,1.34153842926025,0.154725313186646,0.94256420135498,0.951281929016113,1.79846134185791,1.9696704864502,1.87597103118896,1.17311363220215,0.630256509780884,1.55289380550385,0.999999999999997,1.20573263963063,1.06122889231998,4.02764842826834,4.31629820624559,4.43507932804348
"DE-RuW",50.5049269,6.33096248,610,"ENF","Cfb",1250,-477.3086122,-1018.199051,540.890439,8.503626195,6.620495969,1.147385188,6.033811437,0.283421044,0.751242788,1.640372152,1.244071853,79,0.022455876,0.244582476,0.035344093,0.063353249,1.2375824213028,0.854285717010498,1.34234428405762,0.17150182723999,0.915751075744629,0.95545768737793,1.80666656494141,1.94256420135498,1.84146575927734,1.18652009963989,0.641831541061401,1.57487182617188,1.00000000000004,1.20590358376508,1.17264992176466,4.79031427721674,5.08006251184472,5.21561206715627
"DE-SfS",47.80629,11.32757,619,"WET","Cfb",1127,-397.6562393,-626.6586283,229.002389,9.188936034,7.496782465,0.828849865,11.21916282,0.260687291,0.588811074,1.414108813,1.217325914,230,0.05549559,0.020800457,0.041537291,0.026437441,2.72322340011597,2.30461540222168,1.98102567195892,0.462710857391357,1.245641040802,0.811648559570312,2.01978073120117,2.00161209106445,2.38022003173828,1.90139207839966,1.10021977424622,2.53875460624695,0.999999999999906,1.78923702041291,1.61406015253169,3.35262448811665,3.6141993527543,3.95287662106147
"FR-Bil",44.493652,-0.956092,39,"ENF","Cfb",960.1,-406.9057262,-1040.600523,633.6947969,14.10028563,5.788691702,0.533666979,9.756707911,0.311191159,0.574524938,1.23471419,1.476046817,62,-0.056523147,6.52e-05,-0.005380545,0.653185306,1.03882780075073,1.53318686485291,0.761684799194336,0.0509157180786133,0.630329513549805,0.451794624328613,1.48776512145996,1.88974361419678,1.62241764068604,0.94791202545166,0.682564067840576,1.53223452568054,0.999999999999928,1.05244802633914,1.05299453610022,3.88059992979183,4.01999075946681,3.78770781900315
"SE-Nor",60.0865,17.479504,58,"ENF","Dfb",586,340.2249983,-264.6121591,604.8371574,7.185461238,7.74042637,0.623036401,6.971471379,0.292976502,0.628251314,1.788374987,1.167303817,68.95765686,-0.031657553,0.236958538,0.002514974,0.954801697,2.85164837837219,2.33150186538696,2.98776545524597,1.71545782089233,1.69611730575562,2.14446868896484,1.80139141082764,1.9515022277832,1.54761867523193,2.14117226600647,1.76586079597473,1.81362633705139,1.00000000000009,2.06234426895796,1.79366254270332,3.30617718749019,3.76677316455269,3.55884389460712
"SE-Svb",64.25611,19.7745,267,"ENF","Dfc",614,-113.9029404,-440.4116726,326.5087321,3.386623931,8.949932408,0.546643846,6.194548662,0.25498886,0.570681358,1.524929427,0.896430905,61.38302612,-0.02341658,0.175776888,-0.018469588,0.330736446,3.35062255859375,3.05003662109375,3.6152382850647,1.93890116214752,2.45472531318665,2.48007345199585,1.86791191101074,1.809157371521,1.54263734817505,2.33003668785095,2.09692301750183,2.12043914794922,0.999999999999992,2.38805857300757,2.15128824382421,4.75005213591996,5.55077615457758,5.2780776626811
"UK-AMo",55.792545,-3.2436917,268,"WET","Cfc",960,-16.62584626,-340.8848984,324.2590522,7.884964506,4.76749738,0.654102741,7.014144079,0.398443313,0.614110666,1.247713668,0.935491585,156.6340027,0.018803869,0.434553815,0.041389818,0.060624624,0.225494486093521,0.635897445678711,0.820732522010803,0.472966957092285,0.690036392211914,0.633186531066894,1.56336994171143,1.37413921356201,0.965421390533447,1.09750928878784,0.585347986221313,0.890256416797638,0.999999999999816,0.829529880980498,1.18090107874852,2.60015705015762,2.88650665956838,2.9513199526208
"CA-Mer",45.4094,-75.5186,70,"WET","Dfb",943,-109.5422646,-314.366633,204.8243684,6.147972386,11.61148113,0.700989078,12.51062832,0.271750732,0.481071431,1.180990595,1.071297008,134.5955224,0.092010496,0.001184869,0.131770487,6.27e-08,3.93252754211426,3.26197814941406,3.091721534729,2.39677653312683,1.98915748596191,2.22029285430908,2.30571422576904,2.48937759399414,2.05919437408447,1.98036637306213,2.80783877372742,3.82146530151367,0.99999999999998,2.69636756181711,2.2267799801214,2.06522967084977,2.38664363579483,2.92933423278771
"CA-TPD",42.6353,-80.5577,260,"DBF","Dfb",1036,-222.4529966,-691.2521303,468.7991337,10.04734455,10.13946548,1.085348143,7.248821438,0.352956213,0.585328935,2.295309089,1.823614129,82.54545593,0.017455492,0.3370115,0.091572259,7.02e-06,3.44424896240234,3.23684978485107,2.74608063697815,2.03003649711609,1.69157524108887,1.80337047576904,2.28168487548828,2.48659381866455,2.22183132171631,1.92476167678833,2.27956032752991,2.8966299533844,1.00000000000014,2.42026863098179,2.1823340745452,5.58000264557625,5.52947721826515,5.74417897849431
"US-BZS",64.6963,-148.3235,100,"ENF","Dfd",274,-9.976966292,-214.5929265,204.6159602,-0.938035049,14.93062128,1.393349031,11.79123582,0.173681441,0.361167419,1.132463954,0.843841528,78,0.028268949,0.730658094,0.043181652,0.558599142,3.01655616760254,1.04366302490234,3.51736259460449,1.9375825881958,1.59919428825378,1.7128942489624,2.11091556549072,2.25765581130981,1.9887179851532,0.945934009552002,3.16849880218506,2.34256362915039,0.999999999999994,2.13679489294686,1.98581870876657,3.21579985536543,3.79229374387419,4.01127061729182
"US-Cwt",35.0592,-83.4275,690,"DBF","Dfb",1800,-40.58585957,-706.4691213,665.8832618,13.25516817,7.257318772,0.449963366,10.70158266,0.428328993,0.728966439,2.617577958,1.450860096,45,-0.03221802,0.458109486,0.00031984,0.994116345,1.58666670322418,1.02864466905594,1.22285716533661,0.696336841583252,1.09670333862305,1.21194133758545,1.95472526550293,1.83267402648926,1.95992679595947,1.46124534606934,2.28080582618713,1.51179485321045,1,1.48702684740226,1.5254488047987,6.01310314162544,6.60897408341534,6.29201579152247
"US-Rls",43.1439,-116.7356,1608,"CSH","Bsh",333,-133.4300568,-343.1519975,209.7219407,8.632196319,9.626796909,0.712063552,8.589709703,0.121030573,0.2430835,0.297088581,0.31716564,16,-0.048748642,0.004219899,-0.015170339,0.201935815,2.14776549339294,2.87589740753174,2.00776562690735,1.52293038368225,1.41443219184875,1.89282064437866,1.9076192855835,2.70197811126709,2.45794858932495,1.94996335506439,2.1890109539032,2.07340655326843,0,0,0,0,0,0
"US-Rws",43.1675,-116.7132,1425,"OSH","Bsk",290,-84.90146763,-225.5541904,140.6527228,9.686348468,9.72011228,0.662441672,9.340062721,0.104330329,0.208196061,0.217384287,0.232880044,14,-0.034135166,0.018096267,0.000721351,0.940539473,2.15575084686279,2.90769233703613,2.01802191734314,1.55274724960327,1.39487166404724,1.93025617599487,1.95890102386475,2.72043952941895,2.48153829574585,2.01274721622467,2.22395596504211,2.10249075889587,0,0,0,0,0,0
"BR-Ma2",-2.6091,-60.2093,130,"EBF","Af",2252,-601.7608594,-1902.266888,1300.506029,25.74492134,1.592071109,0.338008698,7.129099562,0.521716502,0.839047799,5.193108112,2.625819234,84.68534438,0.04670901,0.143557889,0.078366519,0.0215021,0.920072937011719,1.13780212402344,1.11120910644531,1.04322357177734,0.84571418762207,0.684981918334961,0.739121627807617,0.970696258544922,1.31604423522949,1.21406631469727,1.08805809020996,1.0684986114502,1.00000000000002,1.01162408192954,1.00977869070284,7.44926176613475,7.22209456183127,7.57089113123912
"BR-Sa1",-2.8567,-54.9589,88,"EBF","Am",2074.79,336.7161841,-1220.876676,1557.592861,26.75353537,1.254503601,0.321042668,6.582838064,0.54180111,0.855908843,4.268514066,2.821230184,44.28781891,-0.086818447,2.26e-05,-0.055737261,0.004311954,1.36791152954102,1.7005126953125,1.76241760253906,1.62498168945313,1.30263671875,1.35706939697266,1.48146553039551,1.4287181854248,1.84915733337402,2.01970710754395,1.93296699523926,1.27033042907715,1.00000000000029,1.59148960113572,1.58737629565166,9.94144551029774,10.1300090768461,8.82588313267055
