"siteID","year","RMSE_window","Rsquared_window","RMSE_base","Rsquared_base","RMSE_water","Rsquared_water","RMSE_gpp","Rsquared_gpp","RMSE_water_gpp","Rsquared_water_gpp","V13","V14","V15","V16","V17","V18","V19","V20","V21","V22","V23","V24","V25","V26","V27","V28","V29","V30","V31","V32","V33","V34","V35","V36","V37","V38","V39","V40","V41","V42"
"AU-Tum",2007,4.70943776175603,0.13250561604415,4.73597642729653,0.1220839880739,4.73067417023975,0.123548585905737,4.69665996897798,0.136465607241662,4.66945554351346,0.145997463698323,4.68982590642047,0.138596449497854,4.7087600426826,0.131530586432316,4.70260010372306,0.133968554352406,4.68729122693618,0.139641971223958,4.71231392897137,0.130364649766769,4.71040290149556,0.13114222827893,4.71643937923139,0.128735292823465,4.57417005188651,0.180480915344713,4.65503813242505,0.151163503564557,4.67541542784789,0.143686280008142,4.68807399039891,0.139024233232501,4.68384957650541,0.140514649502119,4.70936955386118,0.131145985203709,4.71418700221511,0.129372595405902,4.7287867871156,0.124002042010323
"AU-Tum",2010,4.40570052232207,0.138661030516876,4.27736785752903,0.189589031814131,4.27996433533903,0.189066523193706,4.24876650381639,0.200594816652983,4.24998840565854,0.202059740031633,4.2756824512062,0.191987679236355,4.27830466606138,0.191023865463239,4.26669458310232,0.195509338755247,4.2660718725491,0.195990566519372,4.26927305260068,0.194809976896001,4.27445796011462,0.19297561190213,4.27821968154687,0.191293449805835,4.27752737643598,0.190937222180668,4.28503500720964,0.188160501531,4.28843971595506,0.186810023525285,4.28093704402911,0.189901535142189,4.278757296197,0.190676914885601,4.28128057719938,0.189671813309188,4.28660169264687,0.187654350588637,4.29355862222274,0.184950166192287
"BE-Vie",2022,4.49409311388466,0.117720210825508,4.58736965755608,0.0779810847622268,4.53195602728655,0.100130898549899,4.59107432506968,0.076546822482085,4.53740352470533,0.0979062746897836,4.53635062750113,0.0983449756648982,4.53671821367263,0.0981767427239277,4.53570204211883,0.0985867036844798,4.53627737189836,0.098358515124681,4.53570139891089,0.0985920252306054,4.53644051567921,0.0982840265393758,4.53750897694427,0.0978426139842006,4.52974321126196,0.101026130824617,4.53183446546192,0.100163321321821,4.53448724803338,0.0991085545010733,4.53609981539034,0.0984357461681635,4.53694157956538,0.0980940274454091,4.53778251439533,0.0978070501828726,4.53835234451882,0.0975690491810201,4.53817599708098,0.0976533028193523
"BE-Vie",2016,2.45784014169163,0.313615267094971,2.68911427096754,0.180401248724808,2.60913673983329,0.227051645681421,2.66189977444576,0.196523607407047,2.60195963291596,0.231373765712177,2.57774161811449,0.245797176615812,2.55463169020744,0.259070149548573,2.5428536515417,0.266245508182045,2.55150961531219,0.261342661035139,2.53956326505977,0.268413174756936,2.5292918864913,0.274196852301982,2.5321645875597,0.272163580386926,2.58861803129854,0.240050559127551,2.57351483151809,0.249168737825534,2.55420627387184,0.260360329758817,2.54623478169426,0.265100740851735,2.54147054188562,0.267948096659624,2.53442985681062,0.272123077042744,2.53715131657268,0.27051093260087,2.56544462286406,0.253536200411264
"CH-Lae",2014,4.61205463778235,0.0298658343596183,4.64481499843917,0.0199622487455726,4.65110686765679,0.015705703942699,4.65402147409218,0.012859863046248,4.65977184401854,0.010299354732349,4.66097790530574,0.00974480685628154,4.66072274429219,0.00997412229771258,4.66109623625164,0.00987965522650204,4.65957370656355,0.0106686150170088,4.66001867273589,0.0103617043027998,4.66121605691577,0.00973685086840208,4.66160994630106,0.00959221608278322,4.65846544156681,0.0113736747534371,4.65904168384463,0.0109518832135338,4.65921771591553,0.0109401549532306,4.65951449154643,0.0108056388959463,4.66044003660196,0.0103018972223113,4.65966861749777,0.0106578889557352,4.66024174551981,0.0104416452576992,4.66119825565809,0.00981926924030179
"CH-Lae",2019,4.52863526122531,0.156275202903564,4.74664417243516,0.0672547502770548,4.74949359879383,0.0656676646288251,4.75851762357297,0.0626813598250314,4.76078574825582,0.060964334702366,4.7577800290484,0.0623887244937222,4.75877802921921,0.0619769171253642,4.75957885733601,0.0615535434710832,4.76004629481145,0.0616035853470605,4.76000132672122,0.0614534938497059,4.76000325362713,0.0613593906277357,4.75911823203447,0.0617206061760477,4.72134609393228,0.0761146646265317,4.70910111617147,0.0808626134153869,4.73389542160237,0.071215017602093,4.73056963203214,0.0725827456277464,4.72511460221709,0.07476424991227,4.72786793442215,0.0736320807814883,4.7293374273769,0.0732551818840538,4.73108562266795,0.0725523209021771
"CZ-BK1",2022,2.90466811177941,0.450513846011323,3.25837455055348,0.310099499823884,3.13123670975904,0.360865816731785,3.26238924324055,0.308209446490122,3.13393417918458,0.359738619633894,3.13371087520016,0.359821576853299,3.13339802375169,0.359958282584605,3.13035464962974,0.361197139988749,3.1233692787315,0.364117198404915,3.12861168284671,0.361955418247771,3.12840616576391,0.362032777803055,3.13191808730536,0.360586967531835,3.04657487822655,0.395093918686644,3.03160237523291,0.400918006162862,3.02801381708864,0.402310529270774,3.02222115713562,0.404617865708294,3.02000104505985,0.405482120084483,3.0290337618649,0.401951503383954,3.0310856933946,0.401243631368108,3.03785880662432,0.399214381553078
"DE-Hai",2008,1.58659065469824,0.338243381661292,1.88455746418507,0.0547954737467141,1.71227791309873,0.291587860670866,1.88290411130922,0.0636226928705248,1.71475153635704,0.291130792737109,1.71346413349449,0.29569310763189,1.71332949194667,0.296831454786918,1.71417702874509,0.295017418994226,1.71502416193441,0.293617427950016,1.71447766415356,0.291937379209442,1.71539558976019,0.291443653157712,1.71626910052563,0.291067668528225,1.7152915101094,0.291821724927302,1.71452074135597,0.296177490509069,1.71557891356513,0.293356478739818,1.7158322179282,0.291131971881768,1.71651305962417,0.288855170724836,1.71694095591332,0.289526146578003,1.71630549878419,0.289209725643894,1.71616298715515,0.289328335933782
"DE-Hai",2009,1.60949002595152,0.233536306857326,1.78330694156956,0.0477811045322324,1.70480352001904,0.130878902276162,1.77238762403554,0.0592893244226875,1.70406185801364,0.130870172050144,1.704251797594,0.130721682733685,1.70002785810959,0.135779181705636,1.69966997901508,0.136430069839047,1.70041594646135,0.13565207696585,1.70138413123874,0.13497952644487,1.70100336576983,0.135316135549855,1.70065173785398,0.135570091279979,1.70718803926393,0.127414072831893,1.70755435851192,0.127226666626498,1.70824756683759,0.12673118030863,1.70818937163257,0.126804452541292,1.70844201692657,0.126474629854225,1.70855899242882,0.126387655831114,1.70818668150075,0.126694142902466,1.70874392957653,0.12603484509979
"DE-Tha",2002,1.76739984902029,0.416106209761714,1.88530699090997,0.336867057937495,1.88486208427878,0.337390995815434,1.87511355706161,0.343246648957486,1.87869996455875,0.341034393685418,1.87741195736398,0.341370130272012,1.87966927956264,0.339797612422162,1.88323628986273,0.337522249000466,1.87970629170419,0.33969552577842,1.88206507139439,0.338081261972505,1.88245959399242,0.33773218217015,1.88678108343778,0.334916506823931,1.81991372315479,0.380542064274685,1.82146523488207,0.379266524223082,1.82662433995826,0.375707085174056,1.83137073641772,0.372496398222364,1.82342616366297,0.377940651496204,1.82871517940436,0.374431861696009,1.83328274985117,0.371504371372171,1.85561357586503,0.356081477357303
"DE-Tha",2012,1.61262814176068,0.353096781372084,1.7495616427218,0.238322096677011,1.65215142068492,0.32106994366823,1.67766846686671,0.299365427027409,1.6272325430241,0.341631480424388,1.63589788185091,0.334930042316974,1.62862387487071,0.341308273165936,1.62149007385456,0.347695778311323,1.62650232553497,0.34373724400322,1.6304089108804,0.340400940677794,1.63173186662539,0.339511397308205,1.631190997043,0.340330878025847,1.58776791253083,0.372704178550552,1.58471635874401,0.37515391844837,1.5868922063012,0.373407117269157,1.59032026184656,0.370702698008673,1.60250216096864,0.360910607511947,1.61636951516394,0.34975085164134,1.6235579000828,0.343936887755228,1.6370585891401,0.332929892236509
"DK-Sor",2020,2.58712245082089,0.143335965170785,2.78224158940423,0.0409210180634711,2.74566976155785,0.0546709607294603,2.78864072548595,0.0232549431072256,2.75174948507518,0.0503827632440734,2.74828692904841,0.0526847988704369,2.75626115039141,0.0479336606514346,2.75383905800506,0.0495125529650665,2.74936610766913,0.0522126372970749,2.75160540386833,0.0515524421816807,2.75247084684097,0.0507387575037231,2.74874956786681,0.0535961378427576,2.72018084500499,0.0704334865693595,2.72063628080315,0.0706680957282093,2.73501586719904,0.0617108634130825,2.73771263121248,0.0597340594370581,2.7378566549284,0.0594603663780944,2.73923697272522,0.0586458100109416,2.74051866990112,0.0579160893946245,2.7319100034623,0.0639231245659747
"DK-Sor",2003,2.09466010900285,0.392217058106083,2.68220072445594,0.01722866022547,2.18443760888486,0.339687695312188,2.47868882763712,0.149262574845246,2.17396259110208,0.344766036697357,2.1584759505256,0.353672086411402,2.15805825387251,0.353912588112696,2.15726717582667,0.354373885945148,2.16134928479649,0.351992310738092,2.1557749490216,0.355374526629794,2.14859685747105,0.35963571353046,2.13183569440544,0.369744514780867,2.18311043911301,0.34032216981752,2.18483243927286,0.339238870739292,2.18557347287026,0.338856144505294,2.18646603907272,0.338249468342436,2.18664647294472,0.338110227740557,2.18605649155397,0.338412223069707,2.18291620466972,0.340222152402054,2.162406067347,0.353118145873524
"FI-Hyy",2005,1.3559427852986,0.503406330029471,1.39174877719029,0.491656100391618,1.39345508273915,0.489925469502161,1.3904983536925,0.493444953840736,1.39242281274593,0.492230553840959,1.39617788503299,0.48831690718684,1.39671811287749,0.487950960176081,1.39379742668447,0.491522912525099,1.39274234284627,0.492042836395061,1.39720581477538,0.487447478573893,1.39643259254463,0.488032028916918,1.39698452259691,0.487409543909193,1.39482939998883,0.489474279880873,1.39547258201803,0.488567323836295,1.3951010646427,0.489013297982025,1.393642751782,0.490879599100873,1.39353774489705,0.490759561185461,1.39464342824594,0.489823029182017,1.39588911690518,0.488891678628641,1.39696504778306,0.487088878396037
"FI-Hyy",2019,1.30385307482694,0.458969494479786,1.26068238493358,0.494291268601822,1.23991998786645,0.510606416659303,1.26312909304851,0.492378130572413,1.24302439508694,0.50814955981015,1.24251660448546,0.508555895777483,1.24259920280596,0.508511618214978,1.24208116705264,0.508891324759963,1.24156521070757,0.509366133471699,1.24194724426752,0.509040049091916,1.24231129338182,0.508743871906985,1.24247472047884,0.508611689667053,1.24321439091554,0.507975413607929,1.24314150516532,0.508080995469783,1.24302130935934,0.508095838351988,1.24238135330915,0.50865231674107,1.24169086525416,0.509206101315788,1.24207712490192,0.509009167915533,1.24235206815557,0.508660365356702,1.2423898725507,0.508669446574669
"FI-Sod",2009,2.01868421615723,0.204700817737983,2.01595507035986,0.204845462853869,2.0117629109665,0.20842173894595,2.01778178455521,0.203345339012077,2.01313625558839,0.207243004433473,2.01504590852999,0.205786632311756,2.0151693934797,0.205742397670393,2.01518161593171,0.20577374969308,2.01491490056065,0.205952937628917,2.01444065210821,0.206226476871435,2.01380194159711,0.206711872461335,2.01271447028123,0.20750826711082,1.99935209234598,0.21776217209788,2.00957680522239,0.209698332958858,2.0138573145676,0.206456198647157,2.01444611190191,0.206066155532031,2.00875398083864,0.210431287407578,2.00850724744349,0.210673075784206,2.00767741651241,0.211334029470515,2.00789353523795,0.211370844911103
"FI-Sod",2008,1.36405572319299,0.446096854536834,1.36885852664676,0.442060089108675,1.37178841808148,0.439426274511832,1.36983863397635,0.441333955983638,1.37251260567317,0.438959690243309,1.37308560401141,0.438420784485331,1.36853112357057,0.442222133426647,1.36561228313955,0.444810939856629,1.36712117689378,0.443455715613969,1.370017259874,0.441166618178707,1.37177176846992,0.439646093078236,1.36330403224629,0.446753304732116,1.36934597234195,0.441552209390817,1.37229364826519,0.439151232078087,1.36880481315139,0.44194862773294,1.3695656909899,0.441318360890206,1.36897221259899,0.44177392750299,1.37088833787984,0.440210583570136,1.37170374563679,0.439567711161729,1.37070591671384,0.440341765274437
"FR-Pue",2010,0.88670179593095,0.662440666153233,1.08507783771627,0.550829979154207,1.08343903467429,0.523505471401318,1.08500486263736,0.525204995367472,1.08283566788498,0.520663287967791,1.078388684951,0.520818041058207,1.07122814524077,0.521574450787523,1.06631620222344,0.523441354293604,1.06626169486719,0.521635060596282,1.06313590998074,0.522787883622355,1.05631268074989,0.527713061075904,1.04232558259427,0.538573794113763,1.04667180372876,0.537210433467111,1.01084880470094,0.565601923831701,0.968961214361508,0.599976834863801,0.952578610414347,0.614196589010608,0.957176744072283,0.610472879891,0.957603670146926,0.609568836836205,0.955828171614935,0.610348716241724,0.971211032725114,0.598295341608778
"FR-Pue",2021,1.165676603418,0.598515955689094,1.26039233231878,0.540885671883652,1.23570421747566,0.55507981255369,1.26179545753689,0.539144447613738,1.23699449464178,0.553249145590809,1.23805617657166,0.552113093197675,1.23760836038986,0.551968300908929,1.23820782024885,0.55152807555699,1.23809617725291,0.550903424326169,1.23765018236497,0.550389352341072,1.23699729627067,0.550398728471672,1.23092840221516,0.554460561754258,1.22630673565885,0.557995830068694,1.21637911122828,0.564323522880648,1.20820710656336,0.569797851343029,1.21003271594357,0.568571618287898,1.20175192208511,0.574068080230985,1.1974440174107,0.576949866950164,1.1932499166835,0.579868993138785,1.18073803360536,0.588922609855189
"IT-Lav",2017,2.36050365567297,0.180225762789689,2.38443950084104,0.160505600519298,2.38312538675185,0.161860624786188,2.37640691168925,0.162654394351188,2.37988162040864,0.15814308591446,2.38300136060645,0.156469661879492,2.37578567262475,0.163349491933923,2.37493739935607,0.164201075793232,2.37559785635513,0.163943137768937,2.37613492643194,0.16386403618759,2.37403223019469,0.166115024929676,2.37483234288007,0.165667960542222,2.38359877507734,0.15965668695313,2.38441316709558,0.158976592573992,2.38501251841063,0.155817807641081,2.38494394418334,0.15584113119153,2.38523261724616,0.154712417402172,2.38483257488355,0.155192120830044,2.38316631987044,0.156649490029088,2.3838398459252,0.15628866158615
"IT-Lav",2014,1.60574335357309,0.192249661537341,1.63514602158499,0.166221956631522,1.63557439419608,0.165841935517634,1.63654437656156,0.165223670027942,1.63688157412015,0.164610048981989,1.63670139547947,0.164840797199809,1.63687281339922,0.164558239212823,1.6369024854638,0.164612239929315,1.63653112897429,0.164876251752183,1.63656471617718,0.164800438135643,1.63585174054888,0.165554196425527,1.63492951078893,0.16537524671338,1.63659928675871,0.164781077431811,1.63657452940038,0.164865074607496,1.63659386122274,0.164896538361152,1.63664972939942,0.164842361700209,1.63623355222794,0.165181733934154,1.63559869888731,0.165913706602038,1.63520646578968,0.165849606576589,1.6348371450969,0.166223620170087
"IT-MBo",2005,3.06821371945136,0.228215618966246,2.92706655634901,0.297501415678162,2.93274201427301,0.294925598839568,2.92362228513517,0.301488179733862,2.92798684585022,0.299638039642539,2.93833398933987,0.293886082839801,2.93469541211791,0.296882830242488,2.94143477983973,0.293228794861614,2.93910099089969,0.295293985509038,2.93700920713995,0.296905143846676,2.93414318177214,0.29867640608015,2.93327028290478,0.299165124842522,2.92281735080596,0.302386414556757,2.95697303202848,0.285053994046332,2.96189619468968,0.282660375466975,2.96601870332173,0.280171480501707,2.97004421272693,0.278437411610344,2.9644375635906,0.280868342209692,2.96173647396207,0.281965501532298,2.94842031858637,0.288928339013143
"IT-MBo",2017,3.00604437752961,0.216428803165427,3.07299574534804,0.186176144107,3.03688416512381,0.227112889725331,3.0756573336325,0.17844736863889,3.02638269663375,0.209118590715489,3.01690857165585,0.211337171443314,3.02361590566496,0.207959077178242,3.03121349296305,0.203921248017735,3.0337467301995,0.203643660379647,3.02789338104779,0.206634779791066,3.02672976491144,0.206600747897382,3.02495819281445,0.208154593169578,2.99868499308056,0.223030017371582,2.98126226917186,0.230393103988526,2.98409244689949,0.22909177657611,2.99306758705606,0.223914889637024,3.00456332218944,0.218078717581741,3.01147265388143,0.214588214202508,3.01308060013227,0.213431500066791,3.00830473055521,0.214010447755968
"NL-Loo",2005,2.34097147380277,0.0818757208347165,2.39601539627802,0.0394850825227651,2.39204512874387,0.0412091977116491,2.39966704562457,0.0360299795515197,2.39437013209798,0.0391600656846809,2.3929137408584,0.0401540439842212,2.39230734450825,0.0404963938822649,2.38344563815361,0.0478313297159961,2.38622035701626,0.0456049370846758,2.38418941224726,0.0474003229353634,2.38633873481854,0.0454873976149939,2.38394490015662,0.0477387971194461,2.37630056810406,0.0534786409687013,2.36862938319097,0.0596468612224638,2.36410658199129,0.0633480603927704,2.35569048197281,0.0702528385835014,2.36005227744874,0.066904278553008,2.35919573921675,0.0676955710389511,2.36224686503165,0.0652399212225171,2.37130851497142,0.0579650536375133
"NL-Loo",2004,2.6188808000895,0.0343789213119563,2.67554323989671,0.00844861798609525,2.63934636232487,0.0258804560361386,2.67594088082133,0.00819913816972249,2.64040745650085,0.0252723411025359,2.63863454362031,0.0261868965352374,2.63593940917379,0.0277690293141209,2.63449486753992,0.028447715487184,2.63614955030263,0.0271101931133284,2.63484119523755,0.0277522892181676,2.63552448681213,0.0272428484299208,2.63536317181235,0.0267420245844838,2.63897885443585,0.0259552829396977,2.63003747768047,0.0308912933355661,2.62420145556882,0.0341451665003011,2.62130607573477,0.035604161166274,2.6255857208124,0.0326760438815299,2.62569474131365,0.0322849295052342,2.6284109873382,0.0304119216997724,2.63030272394321,0.0288477579151896
"RU-Fyo",2008,1.96497661412186,0.742276624153543,1.91874750133185,0.771987558900489,1.91950513838746,0.771766188462885,1.92073860427831,0.762392684654088,1.92285854774141,0.762392102641629,1.92162849971413,0.761976441799972,1.92988036203171,0.76400805135567,1.92575136849491,0.76163146756902,1.92558464303056,0.764095786707553,1.92218696336444,0.764363296943292,1.91921188608118,0.762546083270612,1.89477824706531,0.767403283853435,1.85241932004708,0.771983129667678,1.86210208266608,0.768873024938518,1.89936923438746,0.761478614691243,1.89135090003951,0.763062637213742,1.88635355519813,0.764976489886247,1.88205442473082,0.76567609631008,1.8697511098096,0.768196995553862,1.86882627793339,0.768741565040934
"ZA-Kru",2009,2.10450118214604,0.426297182746399,2.71106997340194,0.0515903485322759,2.3602683332559,0.290905111600318,2.31815523303019,0.304807948356683,2.17190605278668,0.389279980948184,2.12959303295186,0.413334245927271,2.10866948871769,0.425919575261855,2.11630596029961,0.422882245854102,2.12715077266174,0.418139565627951,2.1367001381411,0.413889101595028,2.14439670201968,0.410570166987204,2.15164852989522,0.41027699767064,2.36099053625266,0.290645686093664,2.36050439131378,0.2913359627483,2.36054791521327,0.291593261875238,2.36014965416881,0.292059022944933,2.36011310692987,0.292068688280136,2.35984318333191,0.292264850114415,2.36046425295992,0.291785483810795,2.36196553353246,0.290702895599374
"ZA-Kru",2001,0.984197948244836,0.304419993163199,1.20134646780357,0.00363828161946499,1.0919988000499,0.204756292057462,1.17386564758984,0.106557781965138,1.07311267223546,0.235947207095009,1.05347314481458,0.24473261784867,1.06661494417047,0.237122139234484,1.07851268242074,0.222210940775608,1.08277554731136,0.212866969853749,1.09328437523,0.201861178876081,1.09216323043708,0.201123325676032,1.09159107036485,0.202128336461379,0.995158302069727,0.300099335729253,1.01181436521009,0.27909633391484,1.04346494890168,0.251406331765802,1.06841961324365,0.226238698874321,1.07964919623975,0.213966911099584,1.09010791516894,0.202519461086482,1.08929823809669,0.203413314658896,1.09041835281902,0.203323990586909
"IT-Tor",2020,3.31683100867182,0.0745008196556939,3.37129358351792,0.0423030892685248,3.34417852484611,0.0679785256450392,3.37677862699623,0.0394871416048394,3.35414059195386,0.0567190842502551,3.35854625528582,0.0531100478038835,3.36129316693992,0.0504130363048546,3.36099346632875,0.0506667034432692,3.3584177164775,0.0539901494031803,3.35604193940682,0.0567614081231486,3.35438357643612,0.0573917455303986,3.35341555912099,0.060087719082936,3.36086413489543,0.0495932490270857,3.359654511844,0.049752273764768,3.36440830106875,0.0457117088558694,3.36603974486804,0.0431112424910597,3.3643436937461,0.0457612794566564,3.36162683780742,0.0471059999929273,3.36001745819716,0.047975190332714,3.35358238716049,0.0535460568431988
"IT-Tor",2018,4.24401045274331,0.0248728683946004,4.06735576831094,0.0991298268941509,4.11832425264885,0.0767688972893699,4.12026579313872,0.0737458708163318,4.15984898200553,0.0568949259063141,4.15315162459081,0.059441251651457,4.14895515384072,0.0611450811716666,4.14368061091209,0.063613729151065,4.13877520203833,0.0658142287291033,4.12426551280168,0.0718844138086126,4.11659264429856,0.075317563679113,4.08926625876022,0.0872663084697994,4.15789858947335,0.0590509363456756,4.14116925166779,0.065821233601229,4.13761821923507,0.067120554277508,4.12433628049534,0.0726316561090935,4.12101720977212,0.0739434472073587,4.11164553081858,0.0779077554367622,4.10685430005976,0.0799260280868258,4.11952082349985,0.0742663929493684
"BE-Dor",2015,1.96989756285993,0.410036421079098,1.93259635734597,0.443047258694996,1.93379820021756,0.442557553486133,1.89834604268129,0.459882988103474,1.90041195740432,0.458443994654005,1.88028894190143,0.46773672221658,1.86298300948049,0.477216466612648,1.85296636801275,0.482516614199491,1.85683813557971,0.480851586289311,1.85473288275788,0.481706231868514,1.8428576360972,0.488168659825414,1.83585083709156,0.491850437944576,1.87799763718968,0.467957557925566,1.8509174207291,0.481486648465749,1.82219089383934,0.497191940604413,1.82890148121383,0.493015228312555,1.84623884238064,0.48425812961061,1.86483512782953,0.474518963451035,1.85996771671136,0.477726799414076,1.87400187588523,0.470821266666571
"BE-Dor",2012,2.02159303019004,0.40898642504532,2.11383199598731,0.381709809968953,2.11300230021766,0.383093000278589,2.00315402271456,0.425447787576611,2.00512725235093,0.424347161639873,2.01073913423941,0.414773788935141,2.02184300450726,0.407706354938267,2.00911780497105,0.413767160682696,2.03517824255634,0.399281312047302,2.04190675781985,0.395608504112275,2.05673075002053,0.387314356616148,2.06999967525652,0.379809586981545,1.99127937173026,0.434213091325631,2.00579868468219,0.41900508290648,2.01978076987214,0.411035153395736,2.0126181562729,0.414295697678496,2.03459329444246,0.405939820524101,2.02665655539933,0.412986465394046,2.03482796665731,0.408524506675964,2.01954873903441,0.415617850613706
"CH-Fru",2020,3.46769309124439,0.197820858672087,3.28322452032423,0.27321634650901,3.25212048778938,0.28809074006972,3.27385120518255,0.277186167954293,3.23450314666014,0.295405401858905,3.23901325422033,0.293555833415192,3.22867556934455,0.29802570406401,3.21599346886241,0.303564344580506,3.2140976679951,0.304107398435242,3.22445272859692,0.299691799608657,3.225825814115,0.298907392828334,3.23649785186708,0.294267495706879,3.16122707833579,0.326306708191903,3.18092227759558,0.318015593608699,3.19356618039157,0.3124163170942,3.19411799537017,0.312208121126914,3.20202164681444,0.30868302854243,3.21997498304653,0.300952175983585,3.22454491269688,0.298883789562727,3.2318527290258,0.295683143314503
"CH-Fru",2014,3.86275669044709,0.0876067276008918,3.62964208986066,0.190633189738421,3.63018883989803,0.190609972438788,3.52403233502813,0.236287462114473,3.50098074720966,0.246331295832686,3.48524373312573,0.25386654536089,3.45493871940529,0.267844623843185,3.46009218421177,0.265867194465112,3.44178168714323,0.27423737262377,3.44110110921439,0.274989524061916,3.45367661669655,0.269267148770202,3.50286620964933,0.247184852107824,3.36375209854816,0.304636141514869,3.33447070419774,0.318496691502724,3.33403626371985,0.319761583424749,3.36178554191998,0.308244103174769,3.35169325858924,0.313333970298163,3.37289660491569,0.304571103398777,3.41947691930845,0.283884753750217,3.52579070292954,0.236454096744213
"CZ-Stn",2015,2.74484539022405,0.189616286054246,3.0652068967895,0.00278595790638823,2.90058411205452,0.108192603560322,3.07173495464813,0.00931982944932442,2.90410498900166,0.108179838574523,2.87948937608841,0.125279272593156,2.87261017708073,0.129526870493877,2.88682554500357,0.121572291275078,2.90128778541991,0.111482803898723,2.88921340662134,0.12097015768355,2.89000899205705,0.11918473191806,2.88369589596417,0.123986613671585,2.84664683260895,0.132777529168161,2.81996397428516,0.14699934988665,2.81659014461523,0.149613020773251,2.83151477774761,0.142211414967259,2.83909929892939,0.138886751002251,2.83033951492865,0.145575790072276,2.82764123292827,0.146432749955501,2.82676462524941,0.144423880041946
"CZ-Stn",2011,3.28523123608572,0.103231294275104,3.47243591334499,0.0024405857125137,3.46360519648611,0.00827755692118715,3.45209120726553,0.0142394324744642,3.45033262970411,0.0127465615285959,3.45977839507435,0.00800425571547261,3.44717550949636,0.0139573115312161,3.39738526177207,0.0408122332285606,3.40237166875774,0.037906782656878,3.37550548998327,0.052094898276031,3.42712831405527,0.0242185891525923,3.40209717662576,0.0376630083666487,3.41174637918827,0.034022953122128,3.42439447646563,0.0271377312769955,3.40699586348165,0.0359275495314402,3.35185139272942,0.06577817002696,3.35944279551724,0.0617015101585677,3.33259067947788,0.076432731996901,3.38642661063129,0.0464814063700354,3.40493489055246,0.0364566163177198
"DE-Obe",2016,2.10064106041729,0.584387758518014,2.12217525624432,0.57725521133173,2.05209432943948,0.60282891969187,2.11635414057946,0.579440839980483,2.05249233875383,0.602648591626657,2.05151398467252,0.603072991607416,2.0476734422355,0.604485777012602,2.04300671909874,0.606306923453515,2.03305427921084,0.610157782858245,2.01798297657732,0.615970581583443,1.98960723752763,0.627013277045197,2.02454649889134,0.613499349514596,1.97405889713262,0.632267959111273,1.98698244461078,0.627558783135098,1.98978436008627,0.626683613034526,2.006948958545,0.620189033946558,1.99570488408378,0.624520633177153,1.9759022781749,0.631974896912218,1.94714186788631,0.642748371396097,1.94177876551281,0.644789421425394
"DE-Obe",2009,2.6832147500664,0.17538862004296,2.62443263477147,0.215166842881511,2.63049172984721,0.210318976042706,2.61954915818705,0.217767687057824,2.62270633981383,0.215066982086099,2.62110908479501,0.215647961095702,2.62086356007246,0.215605162358358,2.62231483468401,0.214651806847002,2.62562304275737,0.212117852464635,2.63546670669854,0.206481643682244,2.63845440414964,0.20473404127181,2.63752136982447,0.205887115771183,2.62148312473832,0.215038430691301,2.59839686705351,0.228034534414292,2.59119147539696,0.232097407820851,2.59730068156049,0.228475948701039,2.59245500162156,0.230880536437365,2.60442139843996,0.223928827590952,2.60584093082368,0.223063550256628,2.62183579251361,0.213624014430218
"DE-RuR",2013,1.31023486665625,0.768398082486792,1.23902431509891,0.800920344657124,1.25334780619901,0.79015493193231,1.22848730713962,0.802058741673914,1.22312129205687,0.798936651373318,1.20777561959732,0.803866600903365,1.21478764099729,0.801797425533656,1.22367295859162,0.799044456944235,1.22232248738003,0.799746092912541,1.22119141995336,0.800048962691299,1.21873412252923,0.8009258893969,1.22100154275854,0.800325925355381,1.17301008764802,0.81465617220321,1.16062718722291,0.818622141369897,1.18077034553422,0.812554514111245,1.19336109602765,0.808539401363933,1.19223499616084,0.808679898604193,1.19582987437507,0.807172840948561,1.19938456830245,0.805937185538333,1.21753274668561,0.800213935507284
"DE-RuR",2012,1.78195007937091,0.482406407160604,1.75114780120162,0.498153026956145,1.75278157735639,0.497052234306805,1.70693409405768,0.523271467939631,1.70859287031117,0.522069380159181,1.69804113355338,0.528036681285331,1.69234688672778,0.531182810364809,1.70914750990266,0.521843842034496,1.70896005573048,0.522080290910115,1.70518066486591,0.524107154189274,1.69584257498603,0.52929285595612,1.70446587471283,0.524585659454295,1.71527434565574,0.518242096328147,1.72666996589794,0.511855446108088,1.73358586276011,0.507979794850272,1.74127208040746,0.503655749740105,1.73845055930126,0.505284307834814,1.7338593840212,0.507901818594642,1.72777337336721,0.51139276935443,1.73018913273299,0.510131736067909
"CH-Aws",2011,4.57695973907572,0.178396892543611,4.75370168327365,0.12244746833619,4.64366218909517,0.165871657295726,4.76336127448376,0.118725161876806,4.64641366147745,0.163606392606886,4.64546287156578,0.163114532116261,4.64329026592193,0.162973769795199,4.64172075919264,0.162850676549305,4.64436181868867,0.161435799928062,4.6437783149046,0.161428745767497,4.64412944215099,0.160950548392321,4.63882408832896,0.162124395690023,4.65772654534513,0.156098376704397,4.65654328915953,0.15593911759465,4.65554902283908,0.155490561258612,4.65721815918069,0.15375908712229,4.66203554122035,0.151402227455629,4.6626701263937,0.150698878110504,4.66353272722436,0.150031034984737,4.66524490425986,0.149985620558109
"CH-Aws",2018,3.66670033461014,0.185472099355222,3.90480940668379,0.0803319076665432,3.91654124049443,0.0760542007000828,3.89793111971792,0.0806488625764755,3.91028454633935,0.0757389880290368,3.9036897818568,0.0780046562240572,3.89540299843462,0.0812571985911826,3.89389633124361,0.0816378700380174,3.88923351457623,0.0834369668046564,3.88036600222402,0.0867601738160553,3.87121940127471,0.0905991244775839,3.86367880842492,0.0931863636248881,3.84457387903567,0.103754688045574,3.83948490621239,0.10555566873714,3.85769101941925,0.0976120626971419,3.86920114062615,0.0920960720505857,3.88158923478313,0.0862669807869712,3.88293639211398,0.0852608101047138,3.87367006958776,0.0887678363004485,3.870373374866,0.089699635675996
"ES-LJu",2015,0.536911770680773,0.306529078797256,0.601253573784807,0.160879376387632,0.582100893984424,0.215251786179287,0.590245355182108,0.166494008534019,0.576794581566342,0.207097084022061,0.577580451404,0.203452554625253,0.57352829910547,0.212378046279821,0.570338953464548,0.219923489754789,0.566811845249985,0.22906350710951,0.564584361711838,0.234644460360079,0.561862151930224,0.241577307781992,0.558102572647133,0.251109573295813,0.568411337388889,0.231556494451288,0.571959129040298,0.222993665070567,0.571438903973443,0.224905290393334,0.570507254122844,0.227872023967944,0.569154804842552,0.231648808608562,0.568886892144154,0.232134800090024,0.568353874281476,0.23307033454991,0.567921279868501,0.233236975140292
"ES-LJu",2016,0.560285111426997,0.340333174741164,0.617902456464444,0.242922661976869,0.608665552263668,0.260098255469867,0.619398950704706,0.235580993195905,0.609761581310189,0.251188032876833,0.601710108816296,0.248011955470632,0.602074014104256,0.247743332456074,0.604239570122161,0.242811243353967,0.601004084620386,0.248143482524082,0.598864741346778,0.251905461460668,0.59685310108454,0.256184480263154,0.592178342834929,0.266180519784713,0.606947024625437,0.232183834477162,0.599960319836377,0.246921657601462,0.601953093401536,0.242929699505646,0.603767833658383,0.238252028404424,0.599185278660907,0.250043339645781,0.598269952778725,0.253376101933277,0.596834422375251,0.257918378437723,0.591188234516635,0.275628181070486
"GF-Guy",2007,5.94547698785693,0.0497346501338037,6.08752295449429,0.00357036312732921,6.07662597253343,0.00709019113075735,6.09832282725912,0.00293642149696359,6.08669880599571,0.00667341983224103,6.08725215518842,0.00649320890374517,6.08742101419498,0.00643887901634186,6.08758706540385,0.00638341682808115,6.08739588167602,0.00644619067135128,6.0875030997315,0.00641121640938599,6.08734279991701,0.00646485897213874,6.0871734675936,0.00651889431353638,6.07935860643037,0.0090734794717135,6.08219207090794,0.00814802204465288,6.0830272306211,0.00787380433092719,6.08420939103544,0.00748650598779207,6.0841992298307,0.00749262060991695,6.0834522188118,0.00773539338569905,6.08164635179918,0.00832920539277334,6.07958043394096,0.00901532137608795
"GF-Guy",2006,6.02045185352092,0.0257201953839533,6.080675367932,0.00562918890171487,6.0728381017885,0.00816370459075757,6.08258176284723,0.00508151913237835,6.07377970923629,0.0077893133564967,6.07476675471834,0.00745601565359753,6.07502741857267,0.00737036933763188,6.0751559197228,0.0073389661286695,6.07499201502259,0.00739224461269792,6.07489431199698,0.00742093813762041,6.07495203694687,0.0074070277796646,6.07491895907188,0.00740542625941841,6.07200089045144,0.00838121200769555,6.07295862299126,0.00807895541550778,6.07331827671882,0.00793820600553625,6.07382326252229,0.00778277606551811,6.07393409580196,0.00776053060675644,6.07378182427017,0.00780888265713325,6.07363901391637,0.00784338778192527,6.07381883705817,0.00781709054893865
"SE-Deg",2020,0.401577036083159,0.330812782610372,0.449959281839719,0.167050294472475,0.45068263491685,0.164997705901029,0.436239089247146,0.214696103730008,0.436881991535698,0.212875700758151,0.42835374008118,0.243072812390902,0.418671369018786,0.277145104230029,0.419368533777512,0.274957534927622,0.421502792172604,0.26758446069101,0.425386980437361,0.254735282164029,0.426387214703674,0.251523937055557,0.423436277112734,0.26191482401722,0.406664911286393,0.313174440514447,0.396536693176298,0.346819154359435,0.392888150011053,0.35891616402592,0.394378652148897,0.354214525321521,0.398188153971374,0.341861282064008,0.403109412756366,0.325932823140952,0.405510706142047,0.318367144071503,0.405248466808987,0.319915662728582
"IT-SR2",2017,4.07333941718478,0.240444633615219,4.48996350206374,0.0775338887271629,4.2321789593248,0.183196439672555,4.4950559102069,0.075315732657983,4.23669812473963,0.181746055822477,4.23100223655095,0.183613816423299,4.21828872125372,0.187155496531294,4.19401463593362,0.195441537432366,4.19344198195929,0.195574652101657,4.19157018212723,0.19632425938825,4.18554265421414,0.19853511711694,4.15498406121772,0.210504886760381,4.23204138393578,0.183619009826701,4.22600513742028,0.185724220437752,4.2105534264677,0.19105966888118,4.19391155897153,0.196459867727032,4.19006108684886,0.197880165324414,4.19076813426042,0.197606173407713,4.1917198819769,0.19722832582419,4.18229266983489,0.200721800170304
"IT-SR2",2021,2.85011727003714,0.310052575195989,3.05170969967521,0.217337495197348,3.02364137523031,0.232941085621045,2.99582983073609,0.242658306081392,2.96753436156201,0.256931420224299,2.98675482760629,0.246451142952842,2.99427425636161,0.243309677700131,2.98843800018717,0.245529941204756,2.99309806067093,0.243213687632146,2.983544043321,0.247947625551424,2.97508461872653,0.251915873032229,2.96183949180511,0.25965148323566,2.92871336566952,0.273408644047348,2.94488644547486,0.264499562081475,2.95179102595508,0.261334448840116,2.94496349519713,0.264460437743233,2.94499858780192,0.264473103070252,2.92393120888213,0.274748801026941,2.91131673359849,0.280884476003605,2.90481034850821,0.284139039357465
"DE-RuC",2016,1.89984270461156,0.397420439917248,1.718578472609,0.534561160001295,1.70512963192729,0.526651872616358,1.72577456914693,0.529488457302882,1.71169538877175,0.521837982525591,1.70758855995556,0.525634853082578,1.70241503314161,0.528972890372171,1.6987338539364,0.53186839453552,1.68811446697869,0.538686597537488,1.67802888460742,0.545632061328487,1.68361652229139,0.542295970245396,1.67283286945093,0.547556594059457,1.7041752283226,0.52718272131731,1.70544782810132,0.528244781158065,1.70893506283233,0.526138522339791,1.71059524900212,0.524291011974038,1.71183512866927,0.523799883450318,1.71053396048287,0.524383234749771,1.70909076314914,0.524569565961732,1.69784596390613,0.525602328784646
"DE-RuC",2022,1.40082985639761,0.250383169790316,1.37547333153239,0.272032783955887,1.36233120995048,0.283619990191497,1.38654109926394,0.259689994695499,1.37041824776782,0.274656423763413,1.36743563462473,0.278084993434843,1.3559025640939,0.290229571487272,1.35512407465719,0.291668004571165,1.35636473576329,0.290331203664655,1.34188265202432,0.307117840021322,1.3435098266089,0.305711818792313,1.33525989279025,0.315901570522532,1.36958380023337,0.275684860913191,1.36664147166459,0.278761484650376,1.36290742922606,0.282920968231162,1.36420005342116,0.281582482776629,1.36596341965219,0.279578581194068,1.36674715342602,0.278847683639801,1.36616968068209,0.279368995463787,1.36662927739707,0.279086644180388
"DE-RuW",2012,3.65936584045293,0.301471627006705,3.71960918379949,0.278204830927913,3.67208442482805,0.296504515618237,3.72109977016097,0.277556950601729,3.67387375689129,0.295834570725983,3.67371013233908,0.295903952085147,3.67372385900365,0.295887185718629,3.6736530332203,0.295916683399878,3.67443559536638,0.295624297933754,3.67382429894507,0.295835971129417,3.67356474969462,0.29596175762256,3.67256481328253,0.296383132176228,3.67139716982419,0.29681113793937,3.67205473575844,0.296560382254475,3.67223675486264,0.296469480299297,3.67199924312818,0.296559812654672,3.67131625334426,0.296831837426107,3.67073098625058,0.29709446577255,3.67080121086734,0.297045239186055,3.67164390187246,0.296737781511108
"DE-RuW",2013,3.01885573938051,0.444804477502922,3.20507804862576,0.376109799609218,3.20596547637963,0.37589450450048,3.1534514390066,0.393476632004103,3.15312557785565,0.394397416228477,3.12760476302897,0.405726392302729,3.14678674557258,0.400741031237523,3.16847878042172,0.391601983344768,3.17896592949967,0.386965362067065,3.17306416787386,0.387419075197115,3.18177572158633,0.384186676618203,3.17857508656823,0.384212957427595,3.13497041529214,0.399816664041379,3.12933656675266,0.401721697812709,3.13984564310889,0.397991458896108,3.15241799071608,0.393430181710399,3.1614691284191,0.390038441674758,3.16161221590097,0.389704045725967,3.17039458683163,0.386609136611306,3.17984024543725,0.383439504020731
"IT-TrF",2017,2.32955842095432,0.0801994340280308,2.33145343458119,0.0787506736857927,2.3299232193875,0.0799945446219243,2.33223705688051,0.0781807318908264,2.33095607472289,0.0793172074660742,2.33139248785524,0.0789124513233802,2.33146362106655,0.0788276358596122,2.33146442981912,0.0788319444867394,2.33148520660781,0.0788176705017326,2.33147372048818,0.0788217779462043,2.33149050754322,0.0788233005479404,2.33144573093983,0.0788627846501621,2.3312926379567,0.0789779169575954,2.33136835105006,0.078929286267627,2.33133934027188,0.0789247585900449,2.33151962895262,0.0788041810921645,2.33151904005585,0.0787841773172775,2.33159289103692,0.0787306277856219,2.33143957824156,0.0788390281924106,2.33133590332974,0.0789564043999438
"IT-TrF",2016,3.38580605428694,0.0585149067737216,3.44455168203058,0.0227202468485517,3.44659451566001,0.0216655519713888,3.44673749688826,0.0214550062106534,3.44955465682517,0.0202724044960598,3.45029348246739,0.0198489586602112,3.44833754095687,0.0209756928120864,3.44828531659999,0.021047627173158,3.45005451855845,0.0200062383010007,3.45006204183524,0.0199859689269683,3.45099819360791,0.0194149551508474,3.45106696623532,0.0193482237594947,3.44052337623913,0.0254058586640918,3.44217312626422,0.02450454242856,3.44009182260942,0.0255631363993095,3.43900343934694,0.0260896392866197,3.43973139020972,0.0256543129327738,3.44210195966355,0.0242919497955935,3.44350577421725,0.0235774659787256,3.44437216395548,0.0229849683260633
"SE-Nor",2017,1.84587117921465,0.388416032163734,1.75141271312333,0.448251184351754,1.73877332061868,0.458423088544721,1.75769253146543,0.445384930210731,1.74419156011112,0.455120960372856,1.74222603946218,0.45822489758633,1.73773985513704,0.462535397041972,1.73592598139941,0.463620713228095,1.74043720487859,0.459222395094089,1.74294355962958,0.456036480573156,1.74441896638296,0.455271532199274,1.74735775228529,0.452368805553089,1.74500577350135,0.453699961932043,1.74508802459886,0.454503272907889,1.74433784850907,0.45483588139142,1.74413296508744,0.455037643189267,1.74484438271873,0.455668971215254,1.74542408129317,0.454796085818725,1.74482273236273,0.455726272169182,1.74713924198382,0.454313978912792
"SE-Nor",2019,3.33884689955496,0.310804069132929,3.27406261453952,0.341281123885463,3.17336575185826,0.376345509593854,3.28209887569315,0.338008000914701,3.17975242358321,0.373791460301948,3.17852774517178,0.374364763122326,3.17466841826143,0.376126512684483,3.16932501819523,0.378963600503546,3.17447998336976,0.376558449927213,3.16715473384039,0.379733646875835,3.12623698185996,0.400000271268258,3.16421969642581,0.383636627912447,3.18883619839037,0.370409092792629,3.17729189491405,0.375177340550763,3.17680150109984,0.375728652088523,3.17849478580734,0.375185109733797,3.18324128455401,0.372560857409559,3.18124040128501,0.37332453014182,3.1788087488942,0.374278673005097,3.179906795957,0.373854327247608
