"TRS_type","var","x","y025","y050","y","y950","y975","x_norm"
"TAS_direct","elev",-5,0.0151441868443159,0.0167276261050683,0.0321550134398489,0.0514552375600019,0.0547721624658129,-1.68168198499078
"TAS_direct","elev",59.04,0.0140819618258363,0.0146189621407867,0.0229914014070312,0.0327793334510373,0.0347569925158889,-1.61441470559115
"TAS_direct","elev",123.08,0.014944763579507,0.0162874723231994,0.0227215699457738,0.0294942027774639,0.0302201768929771,-1.54714742619152
"TAS_direct","elev",187.12,0.0131983762064628,0.0142407684674185,0.020197333743214,0.0263518858560158,0.0266358774759118,-1.47988014679189
"TAS_direct","elev",251.16,0.0128917552438816,0.0140478775962837,0.0196777919864567,0.0259340547103799,0.0266017713023922,-1.41261286739226
"TAS_direct","elev",315.2,0.0106883517301757,0.0124817890765698,0.0181079448762147,0.0232173870179934,0.0238825534551743,-1.34534558799263
"TAS_direct","elev",379.24,0.0101666922247182,0.0117580535738605,0.0169333857347177,0.0217609569287992,0.0227014319534514,-1.27807830859299
"TAS_direct","elev",443.28,0.0110430819605844,0.0117584383869675,0.0167265749052101,0.0219949262980315,0.0227629255078379,-1.21081102919336
"TAS_direct","elev",507.32,0.0110891297907261,0.0117627562003085,0.0167175965915784,0.0217998101916391,0.0224201894625067,-1.14354374979373
"TAS_direct","elev",571.36,0.0102176922800801,0.0113702466167713,0.0160199546219681,0.0213794878946072,0.0217068016233391,-1.0762764703941
"TAS_direct","elev",635.4,0.0077647484726125,0.00930416535796111,0.015245713596023,0.0213495672527225,0.0215780873344417,-1.00900919099447
"TAS_direct","elev",699.44,0.00761170409425236,0.0088226201400005,0.0149701203387358,0.0206900816306816,0.0213565268913511,-0.941741911594838
"TAS_direct","elev",763.48,0.0075601401337533,0.00868050430749349,0.014941153466557,0.0206683384271378,0.0213709506957108,-0.874474632195206
"TAS_direct","elev",827.52,0.00719544414586985,0.00802141791627621,0.0148791619323296,0.020890456525459,0.0214120845786584,-0.807207352795575
"TAS_direct","elev",891.56,0.00623707982199019,0.0073130960273464,0.0145034739938268,0.0202391604284157,0.0209259489563773,-0.739940073395944
"TAS_direct","elev",955.6,0.00391265503174669,0.00423563183114245,0.0105800806070165,0.0173158263903283,0.0181990651960666,-0.672672793996313
"TAS_direct","elev",1019.64,0.000453101010171401,0.00333882329396385,0.0101128145848345,0.0165919678515175,0.0174833078750766,-0.605405514596681
"TAS_direct","elev",1083.68,-0.00152920939579538,0.000338860301475078,0.00770850394787932,0.0138803798621322,0.0159660777215352,-0.53813823519705
"TAS_direct","elev",1147.72,-0.00254265920529376,-0.000908918029239535,0.00603695205469289,0.0132929569181728,0.015316329963605,-0.470870955797419
"TAS_direct","elev",1211.76,-0.0025757318324891,-0.000911846267135801,0.00597899517526488,0.0132411410211632,0.015061047918677,-0.403603676397787
"TAS_direct","elev",1275.8,-0.0026629750119959,-0.0010273828058807,0.00567719320810353,0.0129470669282537,0.0150455888369177,-0.336336396998156
"TAS_direct","elev",1339.84,-0.00271006099172873,-0.00109575126545554,0.00560406565400054,0.0129061870448516,0.0149750928245776,-0.269069117598525
"TAS_direct","elev",1403.88,-0.00271006099172873,-0.00111529520347384,0.00557331098072585,0.0129061870448516,0.0149750928245776,-0.201801838198894
"TAS_direct","elev",1467.92,-0.00295862953087849,-0.00126620035012033,0.00538536107003781,0.0128392059611266,0.0149750928245776,-0.134534558799263
"TAS_direct","elev",1531.96,-0.00327439071257738,-0.00266116547019816,0.00503830138284415,0.0126691804885359,0.0144819273080774,-0.0672672793996315
"TAS_direct","elev",1596,-0.00747295401916675,-0.00368083532078266,0.00379966221505932,0.0124646216556664,0.0134469896740482,0
"TAS_direct","elev",1660.04,-0.00992509396127646,-0.00579624988479926,0.00355756050997369,0.0124646216556664,0.0133839871071042,0.0672672793996312
"TAS_direct","elev",1724.08,-0.00992509396127646,-0.00579624988479926,0.00349187334945804,0.0124646216556664,0.0133839871071042,0.134534558799262
"TAS_direct","elev",1788.12,-0.00988974449826846,-0.00598884673979419,0.00347120398303865,0.0124646216556664,0.0133839871071042,0.201801838198894
"TAS_direct","elev",1852.16,-0.00988974449826846,-0.00599280031541188,0.00346065102946201,0.0124646216556664,0.013384752806762,0.269069117598525
"TAS_direct","elev",1916.2,-0.00988974449826846,-0.00599280031541188,0.00345412190036902,0.0124646216556664,0.013384752806762,0.336336396998156
"TAS_direct","elev",1980.24,-0.00988974449826846,-0.00599280031541188,0.00344703188769602,0.0124667093626412,0.013384752806762,0.403603676397787
"TAS_direct","elev",2044.28,-0.00988974449826846,-0.00599280031541188,0.0034454447279286,0.0124667093626412,0.013384752806762,0.470870955797419
"TAS_direct","elev",2108.32,-0.010066409805849,-0.00600185404143079,0.00340079629214573,0.012267975980542,0.0133842018453833,0.53813823519705
"TAS_direct","elev",2172.36,-0.010066409805849,-0.00600185404143079,0.00340079629214573,0.012267975980542,0.0133842018453833,0.605405514596681
"TAS_direct","elev",2236.4,-0.010066409805849,-0.00600185404143079,0.00342913960059245,0.012267975980542,0.0133842018453833,0.672672793996312
"TAS_direct","elev",2300.44,-0.010138734584111,-0.00560375284333587,0.00342913960059245,0.0122929825169133,0.0133965215488745,0.739940073395943
"TAS_direct","elev",2364.48,-0.010138734584111,-0.00560375284333587,0.00353637371766112,0.0124948726729163,0.0134268631674872,0.807207352795575
"TAS_direct","elev",2428.52,-0.010138734584111,-0.00560375284333587,0.00378280193201696,0.0130188270033568,0.0134268631674872,0.874474632195206
"TAS_direct","elev",2492.56,-0.010138734584111,-0.00560375284333587,0.00382175654872766,0.0133141424519165,0.0165707107648522,0.941741911594838
"TAS_direct","elev",2556.6,-0.010138734584111,-0.00560375284333587,0.00382175654872766,0.0133141424519165,0.0165707107648522,1.00900919099447
"TAS_direct","elev",2620.64,-0.010138734584111,-0.00560375284333587,0.00415780649820233,0.0146015405971144,0.0169245299519566,1.0762764703941
"TAS_direct","elev",2684.68,-0.010138734584111,-0.00539563141645935,0.005708315767887,0.0192122786338392,0.0207165622808756,1.14354374979373
"TAS_direct","elev",2748.72,-0.010138734584111,-0.00539563141645935,0.005708315767887,0.0192122786338392,0.0207165622808756,1.21081102919336
"TAS_direct","elev",2812.76,-0.010138734584111,-0.00539563141645935,0.005708315767887,0.0192122786338392,0.0207165622808756,1.27807830859299
"TAS_direct","elev",2876.8,-0.010138734584111,-0.00539563141645935,0.005708315767887,0.0192122786338392,0.0207165622808756,1.34534558799262
"TAS_direct","elev",2940.84,-0.010138734584111,-0.00528895904653864,0.00715603017271168,0.0207185897717029,0.0221223064381725,1.41261286739226
"TAS_direct","elev",3004.88,-0.010138734584111,-0.00528895904653864,0.00715603017271168,0.0207185897717029,0.0221223064381725,1.47988014679189
"TAS_direct","elev",3068.92,-0.010138734584111,-0.00528895904653864,0.00715603017271168,0.0207185897717029,0.0221223064381725,1.54714742619152
"TAS_direct","elev",3132.96,-0.010138734584111,-0.00528895904653864,0.0091278569122304,0.0245814171466649,0.0260601668225693,1.61441470559115
"TAS_direct","elev",3197,-0.010138734584111,-0.00528895904653864,0.0091278569122304,0.0245814171466649,0.0260601668225693,1.68168198499078
"TAS_direct","mat",-6.722277403,0.00906894887051896,0.00994229251732894,0.0173251786778584,0.0238573747664179,0.0249655178188304,-1.68168198499078
"TAS_direct","mat",-6.05276114754,0.00911410211621408,0.00995226611681012,0.0174298916080937,0.0238573747664179,0.0249655178188304,-1.61441470559115
"TAS_direct","mat",-5.38324489208,0.00911410211621408,0.00995226611681012,0.0174298916080937,0.0238573747664179,0.0249655178188304,-1.54714742619152
"TAS_direct","mat",-4.71372863662,0.00911410211621408,0.00995226611681012,0.0174298916080937,0.0238573747664179,0.0249655178188304,-1.47988014679189
"TAS_direct","mat",-4.04421238116,0.00911410211621408,0.00995226611681012,0.0174298916080937,0.0238573747664179,0.0249655178188304,-1.41261286739226
"TAS_direct","mat",-3.3746961257,0.00911410211621408,0.00995226611681012,0.0174298916080937,0.0240274044270595,0.0250728118434485,-1.34534558799262
"TAS_direct","mat",-2.70517987024,0.00911410211621408,0.00995226611681012,0.0174514443869382,0.0240274044270595,0.0250728118434485,-1.27807830859299
"TAS_direct","mat",-2.03566361478,0.00911225230342519,0.00995202894388716,0.0174547807516835,0.0240274044270595,0.0252035256115432,-1.21081102919336
"TAS_direct","mat",-1.36614735932,0.00911225230342519,0.00995202894388716,0.0174625662585217,0.0240274044270595,0.0252035256115432,-1.14354374979373
"TAS_direct","mat",-0.69663110386,0.0090797600914135,0.00987981039251415,0.0166889344161981,0.0231715162729689,0.0245437505916171,-1.0762764703941
"TAS_direct","mat",-0.0271148483999992,0.00911574783068398,0.00979521905209902,0.0164389901840027,0.0225688696899188,0.0243386567853946,-1.00900919099447
"TAS_direct","mat",0.642401407060001,0.00910629951825694,0.00957631353127919,0.0159701846381473,0.022348348762498,0.0243022332634257,-0.941741911594837
"TAS_direct","mat",1.31191766252,0.00787268418337104,0.00932210343880699,0.0144732841448334,0.0204837749796012,0.0223995405210332,-0.874474632195206
"TAS_direct","mat",1.98143391798,0.0085885202357002,0.00932831314689572,0.0145057572830677,0.0206648358361774,0.0220898586551202,-0.807207352795575
"TAS_direct","mat",2.65095017344,0.00867794953374627,0.00943057845928029,0.0146842279237477,0.0206876839299373,0.0221240321853774,-0.739940073395944
"TAS_direct","mat",3.3204664289,0.00858990477411925,0.00931337083745697,0.0144857782460608,0.0207814776744473,0.0217480338234409,-0.672672793996312
"TAS_direct","mat",3.98998268436,0.00933173569086241,0.00969039862261876,0.0145949761892781,0.0206594403201775,0.0215557372238435,-0.605405514596681
"TAS_direct","mat",4.65949893982,0.00924198785898439,0.00995092206475196,0.014667800209033,0.0208450291378077,0.0215445032208604,-0.53813823519705
"TAS_direct","mat",5.32901519528,0.010033645820072,0.0104443015565207,0.0156479195911172,0.0218698398680529,0.0229346228073596,-0.470870955797419
"TAS_direct","mat",5.99853145074,0.0106999191733233,0.011291761174025,0.019074507321281,0.0254677569023104,0.0260598966699072,-0.403603676397787
"TAS_direct","mat",6.6680477062,0.0116730392438977,0.0123547965345496,0.0178943861478425,0.0234976697293248,0.0242756774600883,-0.336336396998156
"TAS_direct","mat",7.33756396166,0.0119393945147118,0.0129666681674788,0.0180867989052146,0.0235520005260475,0.0245393795584638,-0.269069117598525
"TAS_direct","mat",8.00708021712,0.0118872958087504,0.0128608061534828,0.0179237053184841,0.0235169418322789,0.0243530597422741,-0.201801838198894
"TAS_direct","mat",8.67659647258,0.0127270085493195,0.0134934504530897,0.0175974429672032,0.0234233497308685,0.0247671328524714,-0.134534558799262
"TAS_direct","mat",9.34611272804,0.0132998988885717,0.0140974938213022,0.0185800507417804,0.0240930895619878,0.0247830185052768,-0.0672672793996312
"TAS_direct","mat",10.0156289835,0.0116914510045862,0.0139338119918087,0.0197300843352609,0.0256258280587627,0.0267713078094922,0
"TAS_direct","mat",10.68514523896,0.0124426278377524,0.0142274836972973,0.0201903092690393,0.0261573722106907,0.0268313812284129,0.0672672793996312
"TAS_direct","mat",11.35466149442,0.0115726152695784,0.012339501824548,0.0193042317696543,0.0253200221731085,0.0257382851009748,0.134534558799262
"TAS_direct","mat",12.02417774988,0.00875733456709256,0.00960073222002771,0.0165377938920204,0.0248653867272102,0.0253493578386382,0.201801838198894
"TAS_direct","mat",12.69369400534,0.00807698039819414,0.00909483655731578,0.0162525116120507,0.0244123221722295,0.025227787234117,0.269069117598525
"TAS_direct","mat",13.3632102608,0.00824509562964727,0.00910579259452251,0.016713240361718,0.0244548737710517,0.0259278546404129,0.336336396998156
"TAS_direct","mat",14.03272651626,0.00794207155826035,0.00911586356192163,0.0167416376538993,0.0250042608406207,0.0267740741997999,0.403603676397788
"TAS_direct","mat",14.70224277172,0.00780119624401911,0.00921754223183398,0.0176926185220279,0.0265980763438665,0.028448064270574,0.470870955797419
"TAS_direct","mat",15.37175902718,0.0065956303853772,0.0078835753883307,0.0162559033970196,0.0253313281153551,0.0274879731857052,0.53813823519705
"TAS_direct","mat",16.04127528264,0.00726871931469623,0.00850755876670036,0.0163333605749853,0.0249386307615404,0.0267935353624141,0.605405514596681
"TAS_direct","mat",16.7107915381,0.00735113593576116,0.00914138465470974,0.0178807949387522,0.0258360900636837,0.0275606013233917,0.672672793996312
"TAS_direct","mat",17.38030779356,0.00681872534475434,0.00770680011401873,0.016196643453313,0.0242791875852739,0.0257386232127737,0.739940073395944
"TAS_direct","mat",18.04982404902,0.00636329523703746,0.00744995471920121,0.0160384230164309,0.0241694871425712,0.0255672113109108,0.807207352795575
"TAS_direct","mat",18.71934030448,0.00627350816839469,0.0070615466291956,0.0160000115987989,0.0239336700935495,0.0255577278570339,0.874474632195206
"TAS_direct","mat",19.38885655994,0.00383538458575377,0.00520982369836661,0.0152664796702979,0.0239276798110838,0.0255577278570339,0.941741911594837
"TAS_direct","mat",20.0583728154,0.00383516735972518,0.00529572886002288,0.015232666513092,0.0237340967075608,0.0255577278570339,1.00900919099447
"TAS_direct","mat",20.72788907086,0.000589153933722793,0.00274612769843201,0.0145194635971278,0.0234647118670591,0.0255553988200177,1.0762764703941
"TAS_direct","mat",21.39740532632,0.00173378666306907,0.00317460932343384,0.0155376905344781,0.0247738033366809,0.0263805759969375,1.14354374979373
"TAS_direct","mat",22.06692158178,0.000746424310677487,0.00284180917989609,0.0157310446248967,0.0265142023462587,0.0277827448098128,1.21081102919336
"TAS_direct","mat",22.73643783724,0.000218427939995291,0.00254658998381485,0.0204531200997595,0.0464811464392488,0.0565160928408873,1.27807830859299
"TAS_direct","mat",23.4059540927,-0.00337250778157126,4.54743305716505e-05,0.0201802950511335,0.0463023999287019,0.0565160928408873,1.34534558799263
"TAS_direct","mat",24.07547034816,-0.00337250778157126,4.54743305716505e-05,0.0310258368552144,0.0516914718716518,0.0601071476123074,1.41261286739226
"TAS_direct","mat",24.74498660362,-0.00337317760868004,4.54743305716505e-05,0.0310132785347314,0.0516914718716518,0.0601071476123074,1.47988014679189
"TAS_direct","mat",25.41450285908,-0.00337317760868004,4.54743305716505e-05,0.0310132785347314,0.0516914718716518,0.0601071476123074,1.54714742619152
"TAS_direct","mat",26.08401911454,-0.00337317760868004,4.54743305716505e-05,0.0330449293596485,0.0630891242837923,0.065456336767916,1.61441470559115
"TAS_direct","mat",26.75353537,-0.00414843808297693,-0.00226643974048639,0.0235739101701975,0.0630891242837923,0.065456336767916,1.68168198499078
"TAS_direct","lai",0.21498891,-0.00834249980017825,-0.00705039643409632,0.00457487155791595,0.0166797480107262,0.0192059730181217,-1.68168198499078
"TAS_direct","lai",0.31455129404,-0.00834249980017825,-0.00705098788568223,0.00457195183406504,0.0166797480107262,0.0192059730181217,-1.61441470559115
"TAS_direct","lai",0.41411367808,-0.000503506253460903,0.00143580700579637,0.010352725789452,0.0182587760364753,0.0200022599615067,-1.54714742619152
"TAS_direct","lai",0.51367606212,0.00176532893757736,0.00349774678146795,0.0108909884720232,0.0193983641866142,0.0206424754251689,-1.47988014679189
"TAS_direct","lai",0.61323844616,0.00244202334398191,0.00439542854361081,0.0115941072616805,0.0199220674195064,0.0216279436589335,-1.41261286739226
"TAS_direct","lai",0.7128008302,0.00295431746569178,0.00454588670121684,0.0102121033757424,0.0161255374804553,0.0175808891889119,-1.34534558799263
"TAS_direct","lai",0.81236321424,0.00314373536333246,0.00456365747606506,0.00983609383780614,0.0156228934569752,0.0169274690875767,-1.27807830859299
"TAS_direct","lai",0.91192559828,0.00321788071210644,0.00474933037238415,0.0102764814783281,0.0164345263233349,0.0173963716122347,-1.21081102919336
"TAS_direct","lai",1.01148798232,0.00330062961197479,0.00453626391764944,0.0104637418815894,0.0170556473929502,0.017730323056577,-1.14354374979373
"TAS_direct","lai",1.11105036636,0.0052759244952351,0.0069731392927443,0.0130357994330644,0.0212852231957458,0.0222455476711462,-1.0762764703941
"TAS_direct","lai",1.2106127504,0.00907730485308078,0.0104140071121917,0.0168901126752332,0.023266437564783,0.024415481349856,-1.00900919099447
"TAS_direct","lai",1.31017513444,0.00916394178758654,0.010992542846689,0.0169854662764149,0.0227877278682799,0.0245314425575067,-0.941741911594838
"TAS_direct","lai",1.40973751848,0.00983214359047872,0.011141283023208,0.0169429819946583,0.0229286303663625,0.024938138761894,-0.874474632195206
"TAS_direct","lai",1.50929990252,0.00922409877464571,0.0109008396139779,0.0168730149967686,0.0229672446109539,0.0249621676804816,-0.807207352795575
"TAS_direct","lai",1.60886228656,0.0119493422480802,0.0124692806066669,0.0184447010618203,0.0252390839313092,0.0261704485335016,-0.739940073395944
"TAS_direct","lai",1.7084246706,0.0122821881240556,0.0126243060296266,0.0191996047948512,0.0260853371336498,0.0272514061114746,-0.672672793996313
"TAS_direct","lai",1.80798705464,0.0121789413495681,0.0131744622644003,0.0187151089628338,0.0249351871109539,0.0261246092290585,-0.605405514596681
"TAS_direct","lai",1.90754943868,0.0115478093348115,0.0127370269054085,0.0186865492345902,0.02435442633316,0.0259401393355363,-0.53813823519705
"TAS_direct","lai",2.00711182272,0.0129058874623682,0.0133867847937983,0.019215330384972,0.0242847075604609,0.0264825549629108,-0.470870955797419
"TAS_direct","lai",2.10667420676,0.0149280716925503,0.0155605037529901,0.0205844924270718,0.0264601970381777,0.0280229940387363,-0.403603676397788
"TAS_direct","lai",2.2062365908,0.0159699234872593,0.0171735368768226,0.0226653553789062,0.0292861736957559,0.0298288274397573,-0.336336396998156
"TAS_direct","lai",2.30579897484,0.0166723773162695,0.0176413350096724,0.023449933316355,0.0297587721041944,0.0307609015789722,-0.269069117598525
"TAS_direct","lai",2.40536135888,0.0159224701706037,0.0173743130952024,0.0239118690852373,0.029649231451696,0.0305833995661336,-0.201801838198894
"TAS_direct","lai",2.50492374292,0.0160308308615601,0.0169352570223228,0.0241061441895378,0.0304967413776616,0.0314231284812571,-0.134534558799262
"TAS_direct","lai",2.60448612696,0.00864848012462511,0.0104167623815493,0.0211936020001957,0.0302647762891929,0.0310664867831411,-0.0672672793996312
"TAS_direct","lai",2.704048511,0.00794149883458021,0.0100767163362378,0.0217892491677904,0.0306031797753759,0.03216494562957,0
"TAS_direct","lai",2.80361089504,0.00767444153646266,0.00946277464804682,0.0205928855862415,0.0302872671020232,0.0319835995849762,0.0672672793996312
"TAS_direct","lai",2.90317327908,0.00767444153646266,0.00946277464804682,0.0205928855862415,0.0302872671020232,0.0319835995849762,0.134534558799262
"TAS_direct","lai",3.00273566312,0.00767444153646266,0.00946277464804682,0.0205928855862415,0.0302872671020232,0.0319835995849762,0.201801838198894
"TAS_direct","lai",3.10229804716,0.00767444153646266,0.00946277464804682,0.0205813479384068,0.0303994292296608,0.0319835995849762,0.269069117598525
"TAS_direct","lai",3.2018604312,0.00767444153646266,0.00946277464804682,0.0205813479384068,0.0304280581357647,0.0319835995849762,0.336336396998156
"TAS_direct","lai",3.30142281524,0.00767444153646266,0.00942133971229159,0.0206116401590854,0.0304280581357647,0.0319835995849762,0.403603676397788
"TAS_direct","lai",3.40098519928,0.00763268726226753,0.00990633827216913,0.0222993870283877,0.0346717740128083,0.0357745258362226,0.470870955797419
"TAS_direct","lai",3.50054758332,0.00689790865162233,0.00895900278563088,0.025075611495458,0.0446698292297352,0.0498039865634082,0.53813823519705
"TAS_direct","lai",3.60010996736,0.00523387810613853,0.0088430926773507,0.0245914936895976,0.0446698292297352,0.0498039865634082,0.605405514596681
"TAS_direct","lai",3.6996723514,0.00523387810613853,0.0088430926773507,0.0245914936895976,0.0446698292297352,0.0498039865634082,0.672672793996312
"TAS_direct","lai",3.79923473544,0.00523387810613853,0.0088430926773507,0.0245914936895976,0.0447754461095609,0.0498039865634082,0.739940073395944
"TAS_direct","lai",3.89879711948,0.00523387810613853,0.00899228390436982,0.0245914936895976,0.0447891427027813,0.0499058556533134,0.807207352795575
"TAS_direct","lai",3.99835950352,0.00633277342996102,0.00945785944030359,0.0251278352379388,0.0455307795630091,0.0510635679219083,0.874474632195206
"TAS_direct","lai",4.09792188756,0.00633277342996102,0.00945785944030359,0.0251278352379388,0.0455307795630091,0.0510635679219083,0.941741911594837
"TAS_direct","lai",4.1974842716,0.00633277342996102,0.00945785944030359,0.0246063734083926,0.0455307795630091,0.0510635679219083,1.00900919099447
"TAS_direct","lai",4.29704665564,0.00437459891042895,0.00783194645056523,0.0224162708997167,0.0455307795630091,0.0510635679219083,1.0762764703941
"TAS_direct","lai",4.39660903968,0.00437459891042895,0.00783868553374916,0.0224162708997167,0.0455307795630091,0.0510635679219083,1.14354374979373
"TAS_direct","lai",4.49617142372,0.00437459891042895,0.00783868553374916,0.0224162708997167,0.0455307795630091,0.0510635679219083,1.21081102919336
"TAS_direct","lai",4.59573380776,0.00437459891042895,0.00783868553374916,0.0224162708997167,0.0455307795630091,0.0510635679219083,1.27807830859299
"TAS_direct","lai",4.6952961918,0.00437459891042895,0.00783868553374916,0.0226694422412744,0.0455307795630091,0.0510635679219083,1.34534558799262
"TAS_direct","lai",4.79485857584,0.00684542989591199,0.00918608164761819,0.0247882698437931,0.0462534895376874,0.0510635679219083,1.41261286739226
"TAS_direct","lai",4.89442095988,0.00684542989591199,0.00918608164761819,0.0247882698437931,0.0462534895376874,0.0510635679219083,1.47988014679189
"TAS_direct","lai",4.99398334392,0.00684542989591199,0.00918608164761819,0.0247882698437931,0.0462534895376874,0.0510635679219083,1.54714742619152
"TAS_direct","lai",5.09354572796,0.00684542989591199,0.00918608164761819,0.0247882698437931,0.0462534895376874,0.0510635679219083,1.61441470559115
"TAS_direct","lai",5.193108112,0.00684542989591199,0.00918608164761819,0.0247882698437931,0.0462534895376874,0.0510635679219083,1.68168198499078
"TAS_direct","soc",5,0.000855689625704064,0.0021648241443399,0.0115127374541568,0.024811961596298,0.0273494792344085,-1.68168198499078
"TAS_direct","soc",12.3,0.000921586062794555,0.0021648241443399,0.0115127374541568,0.0249041828418594,0.0273494792344085,-1.61441470559115
"TAS_direct","soc",19.6,0.00128753573742952,0.00274354383958705,0.0140784236885963,0.0270369527960338,0.0301770906289853,-1.54714742619152
"TAS_direct","soc",26.9,0.00141804503139247,0.00294469779237041,0.0109508695685528,0.0202501484167943,0.0216229728996444,-1.47988014679189
"TAS_direct","soc",34.2,0.00091708770916921,0.002465226673004,0.0106496661419396,0.0194120319359741,0.0212855923540657,-1.41261286739226
"TAS_direct","soc",41.5,0.000816649245443946,0.00247112013274041,0.0100460305930641,0.017605093320609,0.0200593828387845,-1.34534558799262
"TAS_direct","soc",48.8,0.000971937728704036,0.00258285661959602,0.0106763995432873,0.0186372836540507,0.020906025325441,-1.27807830859299
"TAS_direct","soc",56.1,0.000815780730657594,0.00290036805917415,0.0110305188376021,0.018976310635736,0.0217308847293693,-1.21081102919336
"TAS_direct","soc",63.4,0.00558565909768038,0.00604411314107216,0.0154598553376498,0.0247827127415832,0.0258135771051438,-1.14354374979373
"TAS_direct","soc",70.7,0.0101804968224495,0.0109073007428762,0.017066612897648,0.0225694114132726,0.0234173758776705,-1.0762764703941
"TAS_direct","soc",78,0.0115286170941905,0.0127897048592219,0.0182932278136425,0.0235017927826233,0.0238742011622051,-1.00900919099447
"TAS_direct","soc",85.3,0.0117854654616347,0.0124269361250001,0.0178189514126825,0.0233157084501622,0.0239125189655939,-0.941741911594837
"TAS_direct","soc",92.6,0.0114648858465644,0.0123422322272553,0.0177952148250091,0.0233177063567655,0.0237774295977964,-0.874474632195206
"TAS_direct","soc",99.9,0.0122049670767803,0.0130169492995333,0.018956783883306,0.0240524001469869,0.0255475123744154,-0.807207352795575
"TAS_direct","soc",107.2,0.0125165291974759,0.0135958338895589,0.0207265452905257,0.027562995261403,0.0290445100135308,-0.739940073395944
"TAS_direct","soc",114.5,0.0125639839753133,0.0134409225978114,0.0205668212322392,0.0261911182951413,0.0277887641329386,-0.672672793996312
"TAS_direct","soc",121.8,0.0128828458356584,0.0131961435379609,0.020434503488726,0.0260364145922621,0.0275847621291422,-0.605405514596681
"TAS_direct","soc",129.1,0.013154321513792,0.0134057693290436,0.0205990245382168,0.0264921991438771,0.0280046530659579,-0.53813823519705
"TAS_direct","soc",136.4,0.0149524692009119,0.0162393110436071,0.0273068815614113,0.0388326011462519,0.0409092712487311,-0.470870955797419
"TAS_direct","soc",143.7,0.0149524692009119,0.0162482794740929,0.0273438021516369,0.0389273530803961,0.040926667735153,-0.403603676397788
"TAS_direct","soc",151,0.0155778837406101,0.0164544083413234,0.0279192117117164,0.039252496244643,0.0414008535139133,-0.336336396998156
"TAS_direct","soc",158.3,0.0156447711652298,0.0173314089963255,0.0279965078205283,0.0392563807848843,0.0414363213648277,-0.269069117598525
"TAS_direct","soc",165.6,0.0156447711652298,0.0173314089963255,0.0279965078205283,0.0392753864453659,0.0414363213648277,-0.201801838198894
"TAS_direct","soc",172.9,0.0156447711652298,0.0173316323955089,0.0279965078205283,0.0392753864453659,0.0414363213648277,-0.134534558799262
"TAS_direct","soc",180.2,0.0157736125932655,0.0174306564355776,0.0280670323548125,0.0393427288622851,0.0414363213648277,-0.0672672793996313
"TAS_direct","soc",187.5,0.0170562623026173,0.0185348674858742,0.028549673694605,0.0402194097748452,0.0422300066112891,0
"TAS_direct","soc",194.8,0.0173200812137741,0.0191753749927457,0.0286475108541488,0.0402249350692703,0.0423348914494063,0.0672672793996311
"TAS_direct","soc",202.1,0.0173200812137741,0.0193827736841329,0.0286647031327106,0.0402249350692703,0.0423348914494063,0.134534558799262
"TAS_direct","soc",209.4,0.0175775601292844,0.0197876723989745,0.0288321133865845,0.0404160079525083,0.0423444150031078,0.201801838198894
"TAS_direct","soc",216.7,0.0175775601292844,0.0202579396524554,0.0288321133865845,0.0404160079525083,0.0427947183234884,0.269069117598525
"TAS_direct","soc",224,0.0175775601292844,0.0202579396524554,0.0288321133865845,0.0404160079525083,0.0427947183234884,0.336336396998156
"TAS_direct","soc",231.3,0.0175775601292844,0.0202579396524554,0.0288321133865845,0.0404160079525083,0.0427947183234884,0.403603676397787
"TAS_direct","soc",238.6,0.0183748760493987,0.0203885721965661,0.029367074566515,0.0409044239715137,0.0433122324510865,0.470870955797419
"TAS_direct","soc",245.9,0.0183748760493987,0.0206571793499307,0.0296708918165758,0.0414851156537528,0.0433633997524392,0.53813823519705
"TAS_direct","soc",253.2,0.0191586464978147,0.0211055522163985,0.030882184063701,0.0425545847318143,0.0454066884844306,0.605405514596681
"TAS_direct","soc",260.5,0.0191586464978147,0.0211055522163985,0.030882184063701,0.0425545847318143,0.0454066884844306,0.672672793996312
"TAS_direct","soc",267.8,0.0191586464978147,0.0211055522163985,0.030882184063701,0.0425545847318143,0.0454066884844306,0.739940073395944
"TAS_direct","soc",275.1,0.0191586464978147,0.0211055522163985,0.030882184063701,0.0425545847318143,0.0454066884844306,0.807207352795575
"TAS_direct","soc",282.4,0.0191586464978147,0.0211055522163985,0.030882184063701,0.0425545847318143,0.0454066884844306,0.874474632195206
"TAS_direct","soc",289.7,0.0191586464978147,0.0211055522163985,0.030882184063701,0.0425545847318143,0.0454066884844306,0.941741911594837
"TAS_direct","soc",297,0.0191586464978147,0.0211055522163985,0.030882184063701,0.0425545847318143,0.0454066884844306,1.00900919099447
"TAS_direct","soc",304.3,0.0191586464978147,0.0211055522163985,0.030882184063701,0.0425545847318143,0.0454066884844306,1.0762764703941
"TAS_direct","soc",311.6,0.0191586464978147,0.0211055522163985,0.030882184063701,0.0425545847318143,0.0454066884844306,1.14354374979373
"TAS_direct","soc",318.9,0.0191586464978147,0.0211055522163985,0.030882184063701,0.0425545847318143,0.0454066884844306,1.21081102919336
"TAS_direct","soc",326.2,0.0191586464978147,0.0211055522163985,0.030882184063701,0.0425545847318143,0.0454066884844306,1.27807830859299
"TAS_direct","soc",333.5,0.0191586464978147,0.0211055522163985,0.030882184063701,0.0425545847318143,0.0454066884844306,1.34534558799262
"TAS_direct","soc",340.8,0.0191586464978147,0.0211055522163985,0.030882184063701,0.0425545847318143,0.0454066884844306,1.41261286739226
"TAS_direct","soc",348.1,0.0191586464978147,0.0211055522163985,0.030882184063701,0.0425545847318143,0.0454066884844306,1.47988014679189
"TAS_direct","soc",355.4,0.0191586464978147,0.0211055522163985,0.030882184063701,0.0425545847318143,0.0454066884844306,1.54714742619152
"TAS_direct","soc",362.7,0.0191586464978147,0.0211055522163985,0.030882184063701,0.0425545847318143,0.0454066884844306,1.61441470559115
"TAS_direct","soc",370,0.0191586464978147,0.0211055522163985,0.030882184063701,0.0425545847318143,0.0454066884844306,1.68168198499078
"TAS_total","elev",-5,-0.016335921927886,-0.0146659763344012,0.00522404128532855,0.0204381156897352,0.0244443080048062,-1.68168198499078
"TAS_total","elev",59.04,-0.0178690028036447,-0.01599911478147,-0.00837274579501489,0.0006980708421719,0.00260988713047017,-1.61441470559115
"TAS_total","elev",123.08,-0.0158295737580321,-0.0148433819925554,-0.00833110145454045,-0.00118080176682681,0.0010749422391052,-1.54714742619152
"TAS_total","elev",187.12,-0.0150834472860286,-0.0137114608702398,-0.0081798490311609,-0.00236243153762422,-0.00142760495326012,-1.47988014679189
"TAS_total","elev",251.16,-0.0150572810156983,-0.013640915224967,-0.00806132138623121,-0.00217423367658169,-0.00130260130158186,-1.41261286739226
"TAS_total","elev",315.2,-0.015908207664378,-0.015093283213406,-0.00878454144179907,-0.00248123624509703,-0.00176731812432917,-1.34534558799263
"TAS_total","elev",379.24,-0.0183049719272469,-0.0164011319049241,-0.00991025368683475,-0.00313908016614029,-0.00234359070105889,-1.27807830859299
"TAS_total","elev",443.28,-0.0174919984365309,-0.0163974244978921,-0.00992943211075055,-0.00322215861539911,-0.00243668661267101,-1.21081102919336
"TAS_total","elev",507.32,-0.0180129998052223,-0.0163364779058554,-0.00980800658453822,-0.00307710778706086,-0.002545394506497,-1.14354374979373
"TAS_total","elev",571.36,-0.0178614317359387,-0.0167638784431318,-0.0101380247921471,-0.00315684674947612,-0.00245982994343105,-1.0762764703941
"TAS_total","elev",635.4,-0.0175018259706863,-0.0162740923603565,-0.00927937956664437,-0.00237834338297511,-0.00158112661702109,-1.00900919099447
"TAS_total","elev",699.44,-0.0187162276084859,-0.0182085015116579,-0.0108599611375889,-0.00310578889192612,-0.00189265950548016,-0.941741911594838
"TAS_total","elev",763.48,-0.0221413103517836,-0.0206440576006911,-0.0126630042097167,-0.00446375719829561,-0.00295517319163028,-0.874474632195206
"TAS_total","elev",827.52,-0.0223231340538604,-0.0209847763564152,-0.0127731057575258,-0.00488654491277251,-0.00339888827652084,-0.807207352795575
"TAS_total","elev",891.56,-0.0258196547063353,-0.0232217584594021,-0.0134424130515723,-0.00534384548742389,-0.00342267921946294,-0.739940073395944
"TAS_total","elev",955.6,-0.0351458096714724,-0.0309570178681715,-0.0185068526728888,-0.00746522642581882,-0.0053994436366728,-0.672672793996313
"TAS_total","elev",1019.64,-0.0351508130705923,-0.0312870324935213,-0.0190871040752234,-0.00780974273775749,-0.00595926957544944,-0.605405514596681
"TAS_total","elev",1083.68,-0.0383408284942273,-0.0365181437416492,-0.0255806329261029,-0.0114896545495952,-0.00821616136749697,-0.53813823519705
"TAS_total","elev",1147.72,-0.0396135330000883,-0.0378769654179733,-0.0275630599561073,-0.0176860830663132,-0.0162208999575665,-0.470870955797419
"TAS_total","elev",1211.76,-0.0396135330000883,-0.0383658773639143,-0.0275743074492335,-0.0179186899448139,-0.0165405320119495,-0.403603676397787
"TAS_total","elev",1275.8,-0.0399756592484832,-0.0386647809195303,-0.0288612725468334,-0.0195691159413568,-0.0182132284303425,-0.336336396998156
"TAS_total","elev",1339.84,-0.0413974177838236,-0.039551781835066,-0.0299700751496135,-0.0196082030149876,-0.0190406573639765,-0.269069117598525
"TAS_total","elev",1403.88,-0.0418854782061285,-0.0410187030421604,-0.0301704904154038,-0.019740484032787,-0.0191167597025977,-0.201801838198894
"TAS_total","elev",1467.92,-0.0419347762611993,-0.0412445917932927,-0.0303516555477629,-0.0199355241782599,-0.019139923157975,-0.134534558799263
"TAS_total","elev",1531.96,-0.0421378836664337,-0.0412445917932927,-0.0305710225750517,-0.0200030593781911,-0.0191788983154664,-0.0672672793996315
"TAS_total","elev",1596,-0.042261436840077,-0.0413104795916805,-0.0306162058110662,-0.0201661850527077,-0.0193586890214844,0
"TAS_total","elev",1660.04,-0.042431306328048,-0.0411616456152074,-0.0306410102078594,-0.0203797683974585,-0.0193861579334256,0.0672672793996312
"TAS_total","elev",1724.08,-0.0424336338434948,-0.0411885783549672,-0.0307073809468686,-0.0201330502867714,-0.0193810792072884,0.134534558799262
"TAS_total","elev",1788.12,-0.0424086698130639,-0.0412917991340357,-0.0307668335749607,-0.0201426331304983,-0.019382292282021,0.201801838198894
"TAS_total","elev",1852.16,-0.0424086698130639,-0.0412917991340357,-0.0307668335749607,-0.0201426331304983,-0.0192708589912518,0.269069117598525
"TAS_total","elev",1916.2,-0.0424264202054268,-0.0413242450827875,-0.0308270933273296,-0.0201426331304983,-0.0192708589912518,0.336336396998156
"TAS_total","elev",1980.24,-0.0427707418786755,-0.0415204396890426,-0.0308270933273296,-0.0207308076431004,-0.0192708589912518,0.403603676397787
"TAS_total","elev",2044.28,-0.0428753792694168,-0.0415204396890426,-0.0308270933273296,-0.0207308076431004,-0.0192708589912518,0.470870955797419
"TAS_total","elev",2108.32,-0.0443253308400888,-0.0425613454998574,-0.0314603071579796,-0.0216648835726396,-0.0192708589912518,0.53813823519705
"TAS_total","elev",2172.36,-0.0443253308400888,-0.0425679461091962,-0.0317277668080387,-0.0218258228566624,-0.0197441274613217,0.605405514596681
"TAS_total","elev",2236.4,-0.0443253308400888,-0.0425679461091962,-0.0317199169424043,-0.0218258228566624,-0.0197441274613217,0.672672793996312
"TAS_total","elev",2300.44,-0.044335034724589,-0.0426769083691429,-0.0318044188762723,-0.0218985093271382,-0.0197441274613217,0.739940073395943
"TAS_total","elev",2364.48,-0.0442986892941217,-0.0426769083691429,-0.0318044188762723,-0.0217924352092571,-0.0197441274613217,0.807207352795575
"TAS_total","elev",2428.52,-0.0443704529610158,-0.0426769083691429,-0.0317673107651794,-0.0217924352092571,-0.0196506682780493,0.874474632195206
"TAS_total","elev",2492.56,-0.0443704529610158,-0.0426769083691429,-0.0317673107651794,-0.0217924352092571,-0.0196506682780493,0.941741911594838
"TAS_total","elev",2556.6,-0.0444656678632398,-0.0426769083691429,-0.0317673107651794,-0.0217934970657904,-0.0196506682780493,1.00900919099447
"TAS_total","elev",2620.64,-0.0444656678632398,-0.0426769083691429,-0.0317673107651794,-0.0217922565386771,-0.0196494242173041,1.0762764703941
"TAS_total","elev",2684.68,-0.0444656678632398,-0.0426769083691429,-0.0317316918596315,-0.0216547839171869,-0.0196494242173041,1.14354374979373
"TAS_total","elev",2748.72,-0.0444656678632398,-0.0426769083691429,-0.0317316918596315,-0.0216547839171869,-0.0196494242173041,1.21081102919336
"TAS_total","elev",2812.76,-0.0444656678632398,-0.0426769083691429,-0.0317316918596315,-0.0216547839171869,-0.0196494242173041,1.27807830859299
"TAS_total","elev",2876.8,-0.0444656678632398,-0.0426769083691429,-0.0317316918596315,-0.0216547839171869,-0.0196494242173041,1.34534558799262
"TAS_total","elev",2940.84,-0.0444656678632398,-0.0426769083691429,-0.0317089077370033,-0.0216547839171869,-0.0194728651971408,1.41261286739226
"TAS_total","elev",3004.88,-0.0444656678632398,-0.0426769083691429,-0.0317089077370033,-0.0216547839171869,-0.0194728651971408,1.47988014679189
"TAS_total","elev",3068.92,-0.0444656678632398,-0.0426769083691429,-0.0317089077370033,-0.0216547839171869,-0.0194728651971408,1.54714742619152
"TAS_total","elev",3132.96,-0.0444656678632398,-0.0426769083691429,-0.031500819705302,-0.0213006990137708,-0.0194287983882487,1.61441470559115
"TAS_total","elev",3197,-0.0444656678632398,-0.0426769083691429,-0.031500819705302,-0.0213006990137708,-0.0194287983882487,1.68168198499078
"TAS_total","mat",-6.722277403,-0.0241429742536049,-0.0215398027115389,-0.0135298516020388,-0.00480534082333395,-0.00389142987897879,-1.68168198499078
"TAS_total","mat",-6.05276114754,-0.0241429742536049,-0.0215398027115389,-0.0135298516020388,-0.00480534082333395,-0.00389142987897879,-1.61441470559115
"TAS_total","mat",-5.38324489208,-0.0241429742536049,-0.0215398027115389,-0.0135298516020388,-0.00480534082333395,-0.00389142987897879,-1.54714742619152
"TAS_total","mat",-4.71372863662,-0.0241429742536049,-0.0215398027115389,-0.0135298516020388,-0.00480534082333395,-0.00389142987897879,-1.47988014679189
"TAS_total","mat",-4.04421238116,-0.0215712206656442,-0.0196943449247538,-0.0119566284964271,-0.00480534082333395,-0.00389089160865899,-1.41261286739226
"TAS_total","mat",-3.3746961257,-0.0201314623014989,-0.0183431265499342,-0.0109110188531574,-0.0043010492793906,-0.00331786426988501,-1.34534558799262
"TAS_total","mat",-2.70517987024,-0.0183419922496794,-0.0174845050675361,-0.0106949439249287,-0.00417442825358303,-0.0032006938888485,-1.27807830859299
"TAS_total","mat",-2.03566361478,-0.0183412834112276,-0.017329313692376,-0.0105539863449847,-0.00413129424610865,-0.00259417994959034,-1.21081102919336
"TAS_total","mat",-1.36614735932,-0.0182897138712827,-0.017329313692376,-0.0105388172047114,-0.00413103388979532,-0.00259417994959034,-1.14354374979373
"TAS_total","mat",-0.69663110386,-0.017608391136679,-0.0165748869314451,-0.0105199544542084,-0.00419451511109994,-0.00324267835647389,-1.0762764703941
"TAS_total","mat",-0.0271148483999992,-0.0174961435409895,-0.0167067013825355,-0.0106335174324324,-0.00452253079476814,-0.00346381296883113,-1.00900919099447
"TAS_total","mat",0.642401407060001,-0.0182243079418848,-0.0168459941940621,-0.0111262889050341,-0.00552839402158402,-0.00425834461527527,-0.941741911594837
"TAS_total","mat",1.31191766252,-0.0183554878099194,-0.0171986484793802,-0.0114913481846481,-0.0061684798498215,-0.00488447123526309,-0.874474632195206
"TAS_total","mat",1.98143391798,-0.0183301750064881,-0.017196917849305,-0.0115689102937911,-0.00617774692835062,-0.00510177317338016,-0.807207352795575
"TAS_total","mat",2.65095017344,-0.0183301750064881,-0.0171955950358622,-0.0115015866019335,-0.00611151619018406,-0.00523780277584426,-0.739940073395944
"TAS_total","mat",3.3204664289,-0.0183392320552556,-0.017222340731159,-0.0117007275232462,-0.00635794475146188,-0.00532213255067458,-0.672672793996312
"TAS_total","mat",3.98998268436,-0.0182719794512871,-0.0168829688237824,-0.0116834616532885,-0.00607965799594348,-0.00540432073744148,-0.605405514596681
"TAS_total","mat",4.65949893982,-0.0172808891719201,-0.0161355697968019,-0.0108640145283189,-0.00535176192654916,-0.00440815790261665,-0.53813823519705
"TAS_total","mat",5.32901519528,-0.0164831102160718,-0.0151949311581932,-0.00986320888687762,-0.00418664155183434,-0.0035229670875576,-0.470870955797419
"TAS_total","mat",5.99853145074,-0.015866531820204,-0.0144268733876686,-0.00839682217929484,-0.00143898861968605,-0.000552691700691175,-0.403603676397787
"TAS_total","mat",6.6680477062,-0.0145150062978586,-0.0138635072713176,-0.00816921614124843,-0.00337081000944184,-0.00216227554631529,-0.336336396998156
"TAS_total","mat",7.33756396166,-0.0140928370886269,-0.0135454379520268,-0.00775873543600618,-0.0026835557834859,-0.00190480815982333,-0.269069117598525
"TAS_total","mat",8.00708021712,-0.0135757157736882,-0.0124910559812453,-0.00707003832647781,-0.0018490751928303,-0.00124819057415946,-0.201801838198894
"TAS_total","mat",8.67659647258,-0.0138599350951656,-0.0128940380616965,-0.00717384186949119,-0.00176317195403468,-0.00134258547049398,-0.134534558799262
"TAS_total","mat",9.34611272804,-0.0134805673467037,-0.013005890799494,-0.00692733932192854,-0.00143258135446992,-0.000951240607885787,-0.0672672793996312
"TAS_total","mat",10.0156289835,-0.0152543545113393,-0.0141656489788674,-0.0084876300446147,-0.00241876739338576,-0.00176166345119095,0
"TAS_total","mat",10.68514523896,-0.0160064510641698,-0.0143675585149717,-0.00887539449743296,-0.00262810321892054,-0.00183791193390685,0.0672672793996312
"TAS_total","mat",11.35466149442,-0.0170992380422777,-0.0159989755316783,-0.00970787617248588,-0.00282934080559276,-0.00194634928980317,0.134534558799262
"TAS_total","mat",12.02417774988,-0.0197820143755073,-0.0190767629131865,-0.0118116514545666,-0.00384800736638456,-0.00244595452979786,0.201801838198894
"TAS_total","mat",12.69369400534,-0.0224360465186709,-0.0207722056995497,-0.0133108005615764,-0.00415424105058773,-0.00313568514625621,0.269069117598525
"TAS_total","mat",13.3632102608,-0.0237829638032537,-0.0228257475885183,-0.0128603466602926,-0.00378489519466067,-0.00232905641636505,0.336336396998156
"TAS_total","mat",14.03272651626,-0.0244538837025235,-0.0228709445049197,-0.0124524830618121,-0.00272115087280711,-0.00178772598142636,0.403603676397788
"TAS_total","mat",14.70224277172,-0.024533114601256,-0.0229044483515136,-0.0107197126456208,0.000697143096576856,0.00113402079321023,0.470870955797419
"TAS_total","mat",15.37175902718,-0.0250887145457316,-0.0239078490354199,-0.0128092486388289,-0.00157124476878933,-0.000104357867080204,0.53813823519705
"TAS_total","mat",16.04127528264,-0.0341331398092561,-0.0325660779663766,-0.0149981878586626,-0.00373192831492296,-0.00121125337194374,0.605405514596681
"TAS_total","mat",16.7107915381,-0.0362498552632815,-0.0319401800376117,-0.00912191216000846,0.00399751484499291,0.00604189240025866,0.672672793996312
"TAS_total","mat",17.38030779356,-0.0447879711732815,-0.0425981720524825,-0.0269247599002997,-0.00587539394575123,-0.0028476207873775,0.739940073395944
"TAS_total","mat",18.04982404902,-0.0458926840546622,-0.0428988889043001,-0.0277030526407287,-0.00713470681403484,-0.00467592910357601,0.807207352795575
"TAS_total","mat",18.71934030448,-0.046912059271996,-0.0433149918407275,-0.0283178568900283,-0.00790032932422428,-0.00543742949439185,0.874474632195206
"TAS_total","mat",19.38885655994,-0.0483009345375985,-0.0450846745107689,-0.0289525839086266,-0.00896540753926241,-0.00574845139341544,0.941741911594837
"TAS_total","mat",20.0583728154,-0.0498393111846202,-0.0454654891208018,-0.0292644848427408,-0.0091255991703814,-0.00637783569609451,1.00900919099447
"TAS_total","mat",20.72788907086,-0.0539070440579739,-0.0498918095716736,-0.0322300953938491,-0.0118598000232425,-0.00690650153358819,1.0762764703941
"TAS_total","mat",21.39740532632,-0.0539070440579739,-0.0498848633115051,-0.0320001327605444,-0.0118404242380036,-0.00670564634941746,1.14354374979373
"TAS_total","mat",22.06692158178,-0.0540338308552738,-0.0499704487882747,-0.0327636493799013,-0.0117752288546292,-0.00670564634941746,1.21081102919336
"TAS_total","mat",22.73643783724,-0.0540338308552738,-0.0500722372181915,-0.0328262559204559,-0.0116352928070389,-0.00561812193970962,1.27807830859299
"TAS_total","mat",23.4059540927,-0.0540922909439876,-0.0510337649517794,-0.03291769724886,-0.0121026861079159,-0.00568494539834811,1.34534558799263
"TAS_total","mat",24.07547034816,-0.0540922909439876,-0.0509242093958293,-0.0328262559204559,-0.0117647840484171,-0.00568494539834811,1.41261286739226
"TAS_total","mat",24.74498660362,-0.0540922909439876,-0.0509242093958293,-0.0328262559204559,-0.0117647840484171,-0.00568494539834811,1.47988014679189
"TAS_total","mat",25.41450285908,-0.0540922909439876,-0.0509242093958293,-0.0328262559204559,-0.0117647840484171,-0.00568494539834811,1.54714742619152
"TAS_total","mat",26.08401911454,-0.0540922909439876,-0.0509242093958293,-0.0328262559204559,-0.0117753662770866,-0.00571345525990701,1.61441470559115
"TAS_total","mat",26.75353537,-0.0548448577342315,-0.0523359048204519,-0.0353140797279851,-0.0130237731371865,-0.0117786795444251,1.68168198499078
"TAS_total","lai",0.21498891,-0.0579933274920186,-0.0554284444595257,-0.0421025703507738,-0.0285526488389885,-0.0253097478498517,-1.68168198499078
"TAS_total","lai",0.31455129404,-0.0579933274920186,-0.0546278354951828,-0.0406752459839769,-0.0253332139285804,-0.0235624849223539,-1.61441470559115
"TAS_total","lai",0.41411367808,-0.0519211657008249,-0.0494013829067723,-0.0317070328044139,-0.0144899055435119,-0.0128257549557734,-1.54714742619152
"TAS_total","lai",0.51367606212,-0.0431700616833741,-0.0404570038754268,-0.0216619527459412,-0.00905908362730152,-0.00774333358281395,-1.47988014679189
"TAS_total","lai",0.61323844616,-0.0366597937041729,-0.0304694909032678,-0.0171574725010503,-0.00572369851923531,-0.00379789716624923,-1.41261286739226
"TAS_total","lai",0.7128008302,-0.0357124130456407,-0.0300048312979243,-0.0180506325647463,-0.00988278080440681,-0.0086919981864975,-1.34534558799263
"TAS_total","lai",0.81236321424,-0.0315679272366705,-0.0291732128953946,-0.0176740442451045,-0.00914949221043688,-0.00685119540463803,-1.27807830859299
"TAS_total","lai",0.91192559828,-0.0313060701637367,-0.027783641992909,-0.015849343428942,-0.0071607116703205,-0.00570657030365586,-1.21081102919336
"TAS_total","lai",1.01148798232,-0.0298112874566943,-0.0278060513750321,-0.0157476437536768,-0.00733280291670277,-0.00561944164279737,-1.14354374979373
"TAS_total","lai",1.11105036636,-0.0251652198822432,-0.0224224828783441,-0.012954836767749,-0.00344283756307079,-0.00258358300417833,-1.0762764703941
"TAS_total","lai",1.2106127504,-0.016721330115716,-0.0149973283539072,-0.00821842782388209,-0.000460159073986673,0.00155881845792251,-1.00900919099447
"TAS_total","lai",1.31017513444,-0.0146548763152088,-0.013859671750002,-0.00794922439741195,-0.0013237585579485,7.36772902795547e-05,-0.941741911594838
"TAS_total","lai",1.40973751848,-0.0137994187883727,-0.0132958579289234,-0.00713658309983536,-0.000387785990003351,0.000507171219229427,-0.874474632195206
"TAS_total","lai",1.50929990252,-0.0136100891524224,-0.0132472058382361,-0.00755459279325571,-0.00179280375934788,-0.000438160390273136,-0.807207352795575
"TAS_total","lai",1.60886228656,-0.0136373741033826,-0.0124881012783006,-0.0071827057522439,-0.00108914454987015,0.000552709381608238,-0.739940073395944
"TAS_total","lai",1.7084246706,-0.0136461579830646,-0.0134947504887465,-0.00733617233460773,-0.000849124322896784,-2.42085845233677e-05,-0.672672793996313
"TAS_total","lai",1.80798705464,-0.0137433862993534,-0.0130021398075329,-0.00780730897214222,-0.00140541208804463,-0.00094780375273439,-0.605405514596681
"TAS_total","lai",1.90754943868,-0.0150081346953725,-0.0138003454788871,-0.00906765307155896,-0.00321814931043836,-0.00227653882095427,-0.53813823519705
"TAS_total","lai",2.00711182272,-0.0149144179476733,-0.0133326852402571,-0.00841253396807872,-0.00264467448733679,-0.00222410680043795,-0.470870955797419
"TAS_total","lai",2.10667420676,-0.0144345766768673,-0.0130705481960027,-0.00767333977200856,-0.00223269002136471,-0.00168481928142669,-0.403603676397788
"TAS_total","lai",2.2062365908,-0.0130116196045435,-0.0122256860126954,-0.00666383617046441,-0.00124001027202742,-8.03147420299524e-05,-0.336336396998156
"TAS_total","lai",2.30579897484,-0.013036209889896,-0.012204093792969,-0.00639237105214583,-0.00106212648007192,-0.000165775534619126,-0.269069117598525
"TAS_total","lai",2.40536135888,-0.0130268804283478,-0.0123070881949056,-0.00652303251546582,-0.00092750193616989,-0.000449837051494299,-0.201801838198894
"TAS_total","lai",2.50492374292,-0.0135724886122213,-0.0128244220831341,-0.00654850758243582,-0.000841894826068793,-0.000453362339087797,-0.134534558799262
"TAS_total","lai",2.60448612696,-0.0173801286837105,-0.0158384055511328,-0.00826061638459704,-0.00150356022083638,-0.000342762753990363,-0.0672672793996312
"TAS_total","lai",2.704048511,-0.0175969563513861,-0.0159801977201303,-0.00670873101951304,0.00185379121462077,0.00365747203983186,0
"TAS_total","lai",2.80361089504,-0.0183567281893974,-0.017226431293891,-0.00852525383374804,0.00149829927354408,0.00348320665859711,0.0672672793996312
"TAS_total","lai",2.90317327908,-0.0183567281893974,-0.017226431293891,-0.00852525383374804,0.00149829927354408,0.00348320665859711,0.134534558799262
"TAS_total","lai",3.00273566312,-0.0183567281893974,-0.017226431293891,-0.00852525383374804,0.00149829927354408,0.00348320665859711,0.201801838198894
"TAS_total","lai",3.10229804716,-0.0183567281893974,-0.017226431293891,-0.00852525383374804,0.00149829927354408,0.00348320665859711,0.269069117598525
"TAS_total","lai",3.2018604312,-0.0183567281893974,-0.017226431293891,-0.00852525383374804,0.00149829927354408,0.00348320665859711,0.336336396998156
"TAS_total","lai",3.30142281524,-0.018368564851933,-0.0172577117036787,-0.00852525383374804,0.00149829927354408,0.00348320665859711,0.403603676397788
"TAS_total","lai",3.40098519928,-0.0183689597994356,-0.0172883940155223,-0.00870555283513839,0.00125899402042946,0.00338842664998211,0.470870955797419
"TAS_total","lai",3.50054758332,-0.0189420987965913,-0.0176370461060475,-0.00975961850037033,0.000265108520011434,0.00185928280425385,0.53813823519705
"TAS_total","lai",3.60010996736,-0.019303189971436,-0.017704982201346,-0.00997522478100786,0.000265108520011434,0.00185928280425385,0.605405514596681
"TAS_total","lai",3.6996723514,-0.019303189971436,-0.017704982201346,-0.00997522478100786,0.000265108520011434,0.00185928280425385,0.672672793996312
"TAS_total","lai",3.79923473544,-0.0192893487798032,-0.017704982201346,-0.00997309709852755,0.000265108520011434,0.00185928280425385,0.739940073395944
"TAS_total","lai",3.89879711948,-0.0192675486070877,-0.017704982201346,-0.00992902073248825,0.000578443086157488,0.0018852424347106,0.807207352795575
"TAS_total","lai",3.99835950352,-0.0190198796965675,-0.017704982201346,-0.00973504942567805,0.000578443086157488,0.00189849515311675,0.874474632195206
"TAS_total","lai",4.09792188756,-0.0190198796965675,-0.017704982201346,-0.00973504942567805,0.000578443086157488,0.00189849515311675,0.941741911594837
"TAS_total","lai",4.1974842716,-0.0190198796965675,-0.017704982201346,-0.00973504942567805,0.000578443086157488,0.00189849515311675,1.00900919099447
"TAS_total","lai",4.29704665564,-0.0202612172474976,-0.0190807534206515,-0.0110842225995179,-0.000429319565942989,0.00189849515311675,1.0762764703941
"TAS_total","lai",4.39660903968,-0.0202612172474976,-0.0190807534206515,-0.0110842225995179,-0.000429319565942989,0.00189849515311675,1.14354374979373
"TAS_total","lai",4.49617142372,-0.0202612172474976,-0.0190807534206515,-0.0110842225995179,-0.000429319565942989,0.00189849515311675,1.21081102919336
"TAS_total","lai",4.59573380776,-0.0202612172474976,-0.0190807534206515,-0.0110842225995179,-0.000429319565942989,0.00189849515311675,1.27807830859299
"TAS_total","lai",4.6952961918,-0.0202370826395656,-0.0190793403533756,-0.0107939912741894,-0.000410054748675921,0.00264826441017678,1.34534558799262
"TAS_total","lai",4.79485857584,-0.0202300767049921,-0.018949358407398,-0.00869468315642266,0.0013575699873913,0.00395657555881315,1.41261286739226
"TAS_total","lai",4.89442095988,-0.0202300767049921,-0.018949358407398,-0.00869468315642266,0.0013575699873913,0.00395657555881315,1.47988014679189
"TAS_total","lai",4.99398334392,-0.0202300767049921,-0.018949358407398,-0.00869468315642266,0.0013575699873913,0.00395657555881315,1.54714742619152
"TAS_total","lai",5.09354572796,-0.0202300767049921,-0.018949358407398,-0.00869468315642266,0.0013575699873913,0.00395657555881315,1.61441470559115
"TAS_total","lai",5.193108112,-0.0202300767049921,-0.018949358407398,-0.00869468315642266,0.0013575699873913,0.00395657555881315,1.68168198499078
"TAS_total","soc",5,-0.04531867987866,-0.042986863568318,-0.0322906662015704,-0.0228059907377616,-0.0207098688206875,-1.68168198499078
"TAS_total","soc",12.3,-0.0426646159222329,-0.0412761699838431,-0.0307802681981447,-0.0221953532671079,-0.0206712064334853,-1.61441470559115
"TAS_total","soc",19.6,-0.0382731230492525,-0.0367490456300715,-0.0280738051774179,-0.0193597689456487,-0.01678569866182,-1.54714742619152
"TAS_total","soc",26.9,-0.0379626320126526,-0.0367454799800198,-0.0273966141945145,-0.0177947748459437,-0.0166100096778244,-1.47988014679189
"TAS_total","soc",34.2,-0.0373203571792487,-0.0362219657281544,-0.0273669262739552,-0.0175268468696205,-0.0162165932744146,-1.41261286739226
"TAS_total","soc",41.5,-0.0378934263210007,-0.0364593090681439,-0.0279186111535141,-0.0179495528790867,-0.0166404913259216,-1.34534558799262
"TAS_total","soc",48.8,-0.0370421876082529,-0.0356929079596633,-0.0273148433848953,-0.0173053407320097,-0.0162337998826478,-1.27807830859299
"TAS_total","soc",56.1,-0.0358055334986952,-0.0348204406250152,-0.0269893602560631,-0.0164761140217107,-0.0148238905440047,-1.21081102919336
"TAS_total","soc",63.4,-0.03332939726716,-0.0308775243479433,-0.0177509237888706,-0.00454658318473173,-0.00158424508658915,-1.14354374979373
"TAS_total","soc",70.7,-0.0236288336236827,-0.0202010835082747,-0.0103162138584426,-0.0023852071394904,-0.000817082737554634,-1.0762764703941
"TAS_total","soc",78,-0.0140521302802258,-0.0127445742694448,-0.00604668698314656,2.61524214339577e-05,0.000794084965127915,-1.00900919099447
"TAS_total","soc",85.3,-0.0127058129718449,-0.0117729716572737,-0.00569074729805842,-2.22944518626294e-05,0.00121958479169472,-0.941741911594837
"TAS_total","soc",92.6,-0.0123114826534709,-0.0117493488581054,-0.00569374033246424,0.000114450134984379,0.00113467256982124,-0.874474632195206
"TAS_total","soc",99.9,-0.0117732034230405,-0.0112754042740356,-0.00487273844781886,0.000763489077851507,0.00181811206692321,-0.807207352795575
"TAS_total","soc",107.2,-0.0117748487816755,-0.0112244510359183,-0.00386810055285372,0.00237760560904003,0.00410152391112603,-0.739940073395944
"TAS_total","soc",114.5,-0.0124904420328975,-0.0112664813090118,-0.00409950022333378,0.0022177956750503,0.00431037557035102,-0.672672793996312
"TAS_total","soc",121.8,-0.0127067313565165,-0.0116292866325944,-0.00467257730976702,0.00174711780657451,0.00405749402334895,-0.605405514596681
"TAS_total","soc",129.1,-0.0136882615715924,-0.0126273973962801,-0.00521399262904749,0.00107390318770689,0.00298670582362068,-0.53813823519705
"TAS_total","soc",136.4,-0.0117277922472015,-0.0101786735409612,-0.00122604485281347,0.0137362291770235,0.0203113189889216,-0.470870955797419
"TAS_total","soc",143.7,-0.0115620418389282,-0.00978011627247088,-0.00122604485281347,0.0137636916033496,0.0203113189889216,-0.403603676397788
"TAS_total","soc",151,-0.0101768861336463,-0.00842340879020158,-0.000446990232652001,0.0141399778003247,0.0203113189889216,-0.336336396998156
"TAS_total","soc",158.3,-0.00897846760015072,-0.0078601852994441,0.000963303386167304,0.0143692653032976,0.0203224746891625,-0.269069117598525
"TAS_total","soc",165.6,-0.00897846760015072,-0.0078601852994441,0.000963303386167304,0.0143692653032976,0.0203978651968801,-0.201801838198894
"TAS_total","soc",172.9,-0.00897846760015072,-0.00783616523353392,0.00177373241631253,0.015235353204884,0.0203978651968801,-0.134534558799262
"TAS_total","soc",180.2,-0.00876651877991166,-0.00783095311959841,0.00180705447277645,0.0153855912088621,0.0207504289255136,-0.0672672793996313
"TAS_total","soc",187.5,-0.00832133849707497,-0.00633478371586375,0.0031626094283079,0.0169352793183523,0.0220037424364186,0
"TAS_total","soc",194.8,-0.00766365097905435,-0.0061843722261728,0.00431165476448454,0.0181962785369125,0.0223822548183596,0.0672672793996311
"TAS_total","soc",202.1,-0.00725373717037639,-0.00587858959046254,0.00448797280012299,0.0181962785369125,0.0223826451107653,0.134534558799262
"TAS_total","soc",209.4,-0.00725373717037639,-0.00587858959046254,0.00452179664159273,0.0182932456511592,0.0223853389869139,0.201801838198894
"TAS_total","soc",216.7,-0.00725373717037639,-0.00587858959046254,0.00455437763093021,0.0183185477725376,0.0223853389869139,0.269069117598525
"TAS_total","soc",224,-0.00725373717037639,-0.00587858959046254,0.00455437763093021,0.0183185477725376,0.0223853389869139,0.336336396998156
"TAS_total","soc",231.3,-0.00725373717037639,-0.00587858959046254,0.00455437763093021,0.0183185477725376,0.0223853389869139,0.403603676397787
"TAS_total","soc",238.6,-0.00691027937925843,-0.00538682206689724,0.00471148912144059,0.0183202959136991,0.0224525912413895,0.470870955797419
"TAS_total","soc",245.9,-0.00691027937925843,-0.00473433476842814,0.00677578784448552,0.0186781489478629,0.0228923462631463,0.53813823519705
"TAS_total","soc",253.2,-0.00631968498259918,-0.00462691804935721,0.00815936496817442,0.0199200612690391,0.0233586004729626,0.605405514596681
"TAS_total","soc",260.5,-0.00631968498259918,-0.00462691804935721,0.00815936496817442,0.0199200612690391,0.0233586004729626,0.672672793996312
"TAS_total","soc",267.8,-0.00631968498259918,-0.00462691804935721,0.00815936496817442,0.0199200612690391,0.0233586004729626,0.739940073395944
"TAS_total","soc",275.1,-0.00631968498259918,-0.00462722129721539,0.00815936496817442,0.0199200612690391,0.0233586004729626,0.807207352795575
"TAS_total","soc",282.4,-0.00631968498259918,-0.00462722129721539,0.00815936496817442,0.0199200612690391,0.0233586004729626,0.874474632195206
"TAS_total","soc",289.7,-0.00631968498259918,-0.00462722129721539,0.00815936496817442,0.0199200612690391,0.0233586004729626,0.941741911594837
"TAS_total","soc",297,-0.00631968498259918,-0.00462722129721539,0.00815936496817442,0.0199200612690391,0.0233586004729626,1.00900919099447
"TAS_total","soc",304.3,-0.00631968498259918,-0.00462722129721539,0.00815139034344715,0.0199200612690391,0.0233586004729626,1.0762764703941
"TAS_total","soc",311.6,-0.00631968498259918,-0.00462722129721539,0.00814739427088957,0.0199200612690391,0.0233586004729626,1.14354374979373
"TAS_total","soc",318.9,-0.00631968498259918,-0.00462722129721539,0.00814739427088957,0.0199200612690391,0.0233586004729626,1.21081102919336
"TAS_total","soc",326.2,-0.00631968498259918,-0.00462722129721539,0.00814739427088957,0.0199200612690391,0.0233586004729626,1.27807830859299
"TAS_total","soc",333.5,-0.00631968498259918,-0.00462722129721539,0.00814739427088957,0.0199200612690391,0.0233586004729626,1.34534558799262
"TAS_total","soc",340.8,-0.00631968498259918,-0.00462722129721539,0.00814739427088957,0.0199200612690391,0.0233586004729626,1.41261286739226
"TAS_total","soc",348.1,-0.00631968498259918,-0.00462722129721539,0.00814739427088957,0.0199200612690391,0.0233586004729626,1.47988014679189
"TAS_total","soc",355.4,-0.00631968498259918,-0.00462722129721539,0.00814739427088957,0.0199200612690391,0.0233586004729626,1.54714742619152
"TAS_total","soc",362.7,-0.00631968498259918,-0.00462722129721539,0.00814739427088957,0.0199200612690391,0.0233586004729626,1.61441470559115
"TAS_total","soc",370,-0.00631968498259918,-0.00462722129721539,0.00814739427088957,0.0199200612690391,0.0233586004729626,1.68168198499078
"TAS_app","elev",-5,-0.0388851570739244,-0.0377538308808302,-0.0307473658627381,-0.0242062146524592,-0.0231304115918272,-1.68168198499078
"TAS_app","elev",59.04,-0.0365670454736002,-0.0354674961704969,-0.030730945935402,-0.0260868666860705,-0.0247520251671948,-1.61441470559115
"TAS_app","elev",123.08,-0.0367673539512419,-0.0358393212972283,-0.0306641100392823,-0.0258165763925623,-0.0247526524001936,-1.54714742619152
"TAS_app","elev",187.12,-0.0342998248817648,-0.0336766848277766,-0.029136485226598,-0.0251172327536567,-0.0243942786046839,-1.47988014679189
"TAS_app","elev",251.16,-0.0335174099241204,-0.0327528757667827,-0.0282789609270174,-0.0237994342795229,-0.0230327802869885,-1.41261286739226
"TAS_app","elev",315.2,-0.0325313199294008,-0.0317833053950857,-0.0280173553811474,-0.0235212836278778,-0.0227918564520889,-1.34534558799263
"TAS_app","elev",379.24,-0.0330533773517773,-0.0317694146160633,-0.0281490321311403,-0.0234821385084472,-0.0224808760391854,-1.27807830859299
"TAS_app","elev",443.28,-0.0329673964725671,-0.0320071001111556,-0.027918076127729,-0.02348343310047,-0.022631388250381,-1.21081102919336
"TAS_app","elev",507.32,-0.0322564704516759,-0.0314785236173031,-0.0276206721079736,-0.0235040660912343,-0.0226113136149988,-1.14354374979373
"TAS_app","elev",571.36,-0.0316614757852448,-0.0310035587807342,-0.0273002723951795,-0.0233186768902865,-0.022392134750122,-1.0762764703941
"TAS_app","elev",635.4,-0.0306366269437322,-0.0298967042066098,-0.0259472600942128,-0.0212343587578344,-0.0204481381452398,-1.00900919099447
"TAS_app","elev",699.44,-0.0310448065773065,-0.0304642325052671,-0.0266164373570958,-0.0217601717372579,-0.0210982356865892,-0.941741911594838
"TAS_app","elev",763.48,-0.0322451826546156,-0.0319206093920862,-0.027350570292995,-0.0220178673360612,-0.0215196056420947,-0.874474632195206
"TAS_app","elev",827.52,-0.0326947200670718,-0.0321972806855207,-0.027472098256402,-0.0225698111910872,-0.0215187140073033,-0.807207352795575
"TAS_app","elev",891.56,-0.0339240947677263,-0.0330326788965567,-0.027609550977666,-0.0227160216654377,-0.0215157262332196,-0.739940073395944
"TAS_app","elev",955.6,-0.0382149824688761,-0.0369857216320272,-0.0278370295278836,-0.0224863599114372,-0.0214569416939989,-0.672672793996313
"TAS_app","elev",1019.64,-0.0380333061574076,-0.0364294205860869,-0.0277569419827226,-0.0219687442849068,-0.0214797077832878,-0.605405514596681
"TAS_app","elev",1083.68,-0.0408790650085855,-0.0391721416311367,-0.0309460411584072,-0.0231081294792886,-0.021782443090959,-0.53813823519705
"TAS_app","elev",1147.72,-0.0412219951537353,-0.039500149170686,-0.0313923419551955,-0.0239113003705868,-0.0228822911793361,-0.470870955797419
"TAS_app","elev",1211.76,-0.0412064923813147,-0.0395147259102221,-0.0313647693286818,-0.0240094188841842,-0.0227614228865463,-0.403603676397787
"TAS_app","elev",1275.8,-0.0431736631401115,-0.0421424634626716,-0.032564695931831,-0.0245346340177362,-0.0232351819873658,-0.336336396998156
"TAS_app","elev",1339.84,-0.0450158019090324,-0.0428000234951224,-0.0338234936082544,-0.0252703142336268,-0.0233516758653876,-0.269069117598525
"TAS_app","elev",1403.88,-0.0451917043319095,-0.0435663470164122,-0.0341180274474111,-0.0255170991772899,-0.0234179964737202,-0.201801838198894
"TAS_app","elev",1467.92,-0.0452216798430839,-0.043709474250462,-0.034155032292644,-0.0256397292474369,-0.0233770273086067,-0.134534558799263
"TAS_app","elev",1531.96,-0.0455662294280165,-0.0437737936111146,-0.0341006585505599,-0.0254290613441638,-0.0231899743228931,-0.0672672793996315
"TAS_app","elev",1596,-0.0455277281484238,-0.0437837185621141,-0.0334031871980345,-0.0245242620460342,-0.0220474337067798,0
"TAS_app","elev",1660.04,-0.0455277281484238,-0.0437812379405852,-0.033101510608299,-0.0244657329140145,-0.0213921535442975,0.0672672793996312
"TAS_app","elev",1724.08,-0.0455965767934127,-0.0437812379405852,-0.0331242552754454,-0.0243857301341367,-0.0213314505226622,0.134534558799262
"TAS_app","elev",1788.12,-0.0455965767934127,-0.0437818006866808,-0.0331031589882265,-0.0243857301341367,-0.0213314505226622,0.201801838198894
"TAS_app","elev",1852.16,-0.0455965767934127,-0.0437818006866808,-0.0331031589882265,-0.0243857301341367,-0.0213314505226622,0.269069117598525
"TAS_app","elev",1916.2,-0.0458941621056263,-0.0438005237592414,-0.0332972834397792,-0.0243876698769104,-0.0213314505226622,0.336336396998156
"TAS_app","elev",1980.24,-0.0458941621056263,-0.0438005237592414,-0.0334562541474174,-0.0243876698769104,-0.021341259670146,0.403603676397787
"TAS_app","elev",2044.28,-0.0458941621056263,-0.0438481208675154,-0.033487757336287,-0.0243876698769104,-0.021341259670146,0.470870955797419
"TAS_app","elev",2108.32,-0.0458954979730222,-0.0439118148035713,-0.0335582253404502,-0.0243876698769104,-0.0227843239805013,0.53813823519705
"TAS_app","elev",2172.36,-0.0460058496987848,-0.044050970936001,-0.0337470024652246,-0.0245371446726585,-0.0228055938606272,0.605405514596681
"TAS_app","elev",2236.4,-0.0460058496987848,-0.0440744843774607,-0.0337470024652246,-0.0245371446726585,-0.0228061017138862,0.672672793996312
"TAS_app","elev",2300.44,-0.0460058496987848,-0.044095015739249,-0.0339025908361709,-0.0246296315287424,-0.0229087435470489,0.739940073395943
"TAS_app","elev",2364.48,-0.0460062328361788,-0.0446216765670939,-0.0343538620242741,-0.0246660854656252,-0.0229087435470489,0.807207352795575
"TAS_app","elev",2428.52,-0.0466235706972998,-0.0450325690786211,-0.0346154555196482,-0.0246753052661658,-0.0229200486584972,0.874474632195206
"TAS_app","elev",2492.56,-0.0466235706972998,-0.0450325690786211,-0.0347599529032413,-0.0246753052661658,-0.0229710848830389,0.941741911594838
"TAS_app","elev",2556.6,-0.0466235706972998,-0.0453080821182668,-0.0350313071999384,-0.0250017145756137,-0.0231305724030682,1.00900919099447
"TAS_app","elev",2620.64,-0.0468705580486724,-0.0454898931642273,-0.0359079077536187,-0.025042591186564,-0.0234241695589689,1.0762764703941
"TAS_app","elev",2684.68,-0.0468962941896272,-0.045713224585041,-0.0361063387967779,-0.025042591186564,-0.0235404992570685,1.14354374979373
"TAS_app","elev",2748.72,-0.0468962941896272,-0.045713224585041,-0.0361063387967779,-0.025042591186564,-0.0235404992570685,1.21081102919336
"TAS_app","elev",2812.76,-0.0492431176075278,-0.0470179149584986,-0.0370995872864669,-0.0252879214450366,-0.0240353967316526,1.27807830859299
"TAS_app","elev",2876.8,-0.0492431176075278,-0.0470179149584986,-0.0370995872864669,-0.0252879214450366,-0.0240353967316526,1.34534558799262
"TAS_app","elev",2940.84,-0.0493630526411059,-0.0470647805897841,-0.0373180341886673,-0.0263584129924772,-0.0249581976830696,1.41261286739226
"TAS_app","elev",3004.88,-0.0493630526411059,-0.0470647805897841,-0.0373180341886673,-0.0263584129924772,-0.0249581976830696,1.47988014679189
"TAS_app","elev",3068.92,-0.0493630526411059,-0.0470647805897841,-0.0373180341886673,-0.0263584129924772,-0.0249581976830696,1.54714742619152
"TAS_app","elev",3132.96,-0.0493630526411059,-0.0470647805897841,-0.0373180341886673,-0.0263584129924772,-0.0249581976830696,1.61441470559115
"TAS_app","elev",3197,-0.0493630526411059,-0.0470647805897841,-0.0373180341886673,-0.0263584129924772,-0.0249581976830696,1.68168198499078
"TAS_app","mat",-6.722277403,-0.0408800168879491,-0.0398792135524269,-0.0281503460074349,-0.0214157404263231,-0.020489856256412,-1.68168198499078
"TAS_app","mat",-6.05276114754,-0.0408800168879491,-0.0400477430516536,-0.0289052347866516,-0.0216416131324809,-0.0205266256110127,-1.61441470559115
"TAS_app","mat",-5.38324489208,-0.0408800168879491,-0.0400477430516536,-0.0289052347866516,-0.0216416131324809,-0.0205266256110127,-1.54714742619152
"TAS_app","mat",-4.71372863662,-0.0408800168879491,-0.0400477430516536,-0.0289486030984518,-0.0216767428661332,-0.0209745184090478,-1.47988014679189
"TAS_app","mat",-4.04421238116,-0.0385302076251675,-0.0354748055258203,-0.0271823760131936,-0.0216767428661332,-0.020985662432055,-1.41261286739226
"TAS_app","mat",-3.3746961257,-0.033855128468997,-0.0321305099951567,-0.02659137656216,-0.0216767428661332,-0.0209552134542937,-1.34534558799262
"TAS_app","mat",-2.70517987024,-0.0313513942229914,-0.0305250994061813,-0.0259803482783245,-0.0216040414863267,-0.020781376156407,-1.27807830859299
"TAS_app","mat",-2.03566361478,-0.0310381109847967,-0.0305250994061813,-0.0257670590041843,-0.0215361890680291,-0.0208105345873452,-1.21081102919336
"TAS_app","mat",-1.36614735932,-0.0310299086155264,-0.0302940111553188,-0.025723752050554,-0.0215361890680291,-0.0208100609473773,-1.14354374979373
"TAS_app","mat",-0.69663110386,-0.0310204071719998,-0.0303653822823845,-0.0256855137231563,-0.0216538162735289,-0.0208120220736612,-1.0762764703941
"TAS_app","mat",-0.0271148483999992,-0.0310467434519365,-0.0304373655355494,-0.0257266504181181,-0.0216541818917983,-0.0209154709534835,-1.00900919099447
"TAS_app","mat",0.642401407060001,-0.0310467434519365,-0.0305633916778971,-0.0257774869551813,-0.0216629085374282,-0.020916786994465,-0.941741911594837
"TAS_app","mat",1.31191766252,-0.03103241752007,-0.030403935176999,-0.0256887085731448,-0.02168676160737,-0.0206992803271386,-0.874474632195206
"TAS_app","mat",1.98143391798,-0.0311662558698252,-0.0304697920356155,-0.0262492765831617,-0.0223071025886905,-0.0214303443669999,-0.807207352795575
"TAS_app","mat",2.65095017344,-0.0312914245579342,-0.0305844782897807,-0.0264136576996552,-0.0222575544551446,-0.0216586166562161,-0.739940073395944
"TAS_app","mat",3.3204664289,-0.031561680544113,-0.0309023896681964,-0.0264542042842315,-0.0223099440081634,-0.0220861114380285,-0.672672793996312
"TAS_app","mat",3.98998268436,-0.0317279257467487,-0.0307911470388103,-0.026365332221137,-0.0222629697211762,-0.0215569928871549,-0.605405514596681
"TAS_app","mat",4.65949893982,-0.0311788249065579,-0.0306098702056139,-0.0260090789267693,-0.021969318051131,-0.0214466829495841,-0.53813823519705
"TAS_app","mat",5.32901519528,-0.0310666914320554,-0.0303021637570824,-0.0259310260874188,-0.0219795830531839,-0.0211919402256071,-0.470870955797419
"TAS_app","mat",5.99853145074,-0.031085862671612,-0.0305210179248976,-0.0261947276279269,-0.0224718456278677,-0.0217147282741503,-0.403603676397787
"TAS_app","mat",6.6680477062,-0.0310562727186118,-0.030523807182128,-0.0263260505384003,-0.0225907773083204,-0.0218533407940841,-0.336336396998156
"TAS_app","mat",7.33756396166,-0.031010724545414,-0.0304135388870369,-0.0262302071194646,-0.0225519322295232,-0.0218231719795023,-0.269069117598525
"TAS_app","mat",8.00708021712,-0.0301521853137496,-0.029201195165936,-0.0254112193135106,-0.0217322624115548,-0.0209060293665984,-0.201801838198894
"TAS_app","mat",8.67659647258,-0.0298854808367703,-0.0292493746471354,-0.0252889432762609,-0.0218198687238964,-0.0207692500647674,-0.134534558799262
"TAS_app","mat",9.34611272804,-0.0310563815788346,-0.0297814209200732,-0.025963319204978,-0.0228373095343202,-0.022082720449651,-0.0672672793996312
"TAS_app","mat",10.0156289835,-0.0335858137482967,-0.0326388794806864,-0.0274888630066379,-0.0236139923119228,-0.0227785346226773,0
"TAS_app","mat",10.68514523896,-0.0343627504865837,-0.0331783164681578,-0.0286178449660784,-0.0243781508278227,-0.0239091684642468,0.0672672793996312
"TAS_app","mat",11.35466149442,-0.0343990434840717,-0.0334574057678452,-0.0291008544923706,-0.0245677229812519,-0.0236545403508026,0.134534558799262
"TAS_app","mat",12.02417774988,-0.0345755607287967,-0.0335448960228572,-0.0291443975069686,-0.0246064503048061,-0.0236701426929965,0.201801838198894
"TAS_app","mat",12.69369400534,-0.0350212286028236,-0.0337663325932254,-0.0292130128529721,-0.0249608849281707,-0.0242221397494279,0.269069117598525
"TAS_app","mat",13.3632102608,-0.0350190388212526,-0.0342692973491312,-0.0293315771878306,-0.024719312670817,-0.0244242127175908,0.336336396998156
"TAS_app","mat",14.03272651626,-0.0352750240920074,-0.0340416927520223,-0.0290000215381258,-0.0242275867499644,-0.0235852201399831,0.403603676397788
"TAS_app","mat",14.70224277172,-0.0351220021640192,-0.0338689230959628,-0.0284805962186266,-0.0234864893589652,-0.0232724492076838,0.470870955797419
"TAS_app","mat",15.37175902718,-0.0352141214831623,-0.0350568358861341,-0.029095107369534,-0.023567376474077,-0.0232085824948589,0.53813823519705
"TAS_app","mat",16.04127528264,-0.050916941701149,-0.0476685124428941,-0.0331290889061786,-0.0243047803116224,-0.0236831125573918,0.605405514596681
"TAS_app","mat",16.7107915381,-0.0515065714338925,-0.0479042234941454,-0.0333232851114223,-0.0249679397157126,-0.0242659334804864,0.672672793996312
"TAS_app","mat",17.38030779356,-0.0640058884748488,-0.0619658960819544,-0.0481526959256063,-0.0334545236309833,-0.0300959479411297,0.739940073395944
"TAS_app","mat",18.04982404902,-0.0660060971213701,-0.0635281800167513,-0.0490671327672483,-0.0347787781414249,-0.0311037800791254,0.807207352795575
"TAS_app","mat",18.71934030448,-0.0671099712571889,-0.0647824634976945,-0.0500840518652793,-0.0358709431535851,-0.0329865923878304,0.874474632195206
"TAS_app","mat",19.38885655994,-0.0682224178559198,-0.0657830562852634,-0.0508174306125808,-0.037263985623587,-0.033737598002954,0.941741911594837
"TAS_app","mat",20.0583728154,-0.0702600860356112,-0.0665884021074626,-0.0512262117887766,-0.0376020282393299,-0.0340078228817886,1.00900919099447
"TAS_app","mat",20.72788907086,-0.0763516668831004,-0.0705009190758153,-0.0551186899049095,-0.0398908510195138,-0.0348462736999998,1.0762764703941
"TAS_app","mat",21.39740532632,-0.0763549670026376,-0.0720277757367522,-0.0551473169697093,-0.0407449084019244,-0.0351437717670941,1.14354374979373
"TAS_app","mat",22.06692158178,-0.0775971206337281,-0.0734011956955343,-0.0553678746190193,-0.0407466366003099,-0.0351498983388141,1.21081102919336
"TAS_app","mat",22.73643783724,-0.077929905929862,-0.0755243770143731,-0.0564466544479725,-0.0409634453336726,-0.0367410110455376,1.27807830859299
"TAS_app","mat",23.4059540927,-0.077929905929862,-0.0755243770143731,-0.0564466544479725,-0.0409634453336726,-0.0367410110455376,1.34534558799263
"TAS_app","mat",24.07547034816,-0.077929905929862,-0.0755243770143731,-0.0564466544479725,-0.0409603863906622,-0.0367410110455376,1.41261286739226
"TAS_app","mat",24.74498660362,-0.077929905929862,-0.0755243770143731,-0.0564466544479725,-0.0409603863906622,-0.0367410110455376,1.47988014679189
"TAS_app","mat",25.41450285908,-0.077929905929862,-0.0755243770143731,-0.0564466544479725,-0.0409603863906622,-0.0367410110455376,1.54714742619152
"TAS_app","mat",26.08401911454,-0.0790639509561271,-0.0779428788862695,-0.0612946311517344,-0.0415657152310234,-0.0398925003515733,1.61441470559115
"TAS_app","mat",26.75353537,-0.0790639509561271,-0.0779428788862695,-0.0612790774362898,-0.0415657152310234,-0.0398925003515733,1.68168198499078
"TAS_app","lai",0.21498891,-0.0711143222325104,-0.0689964397518491,-0.0524110476642542,-0.0368551272915502,-0.0342669768843701,-1.68168198499078
"TAS_app","lai",0.31455129404,-0.0657116815653456,-0.06270279165395,-0.0444865740182074,-0.0310768577987735,-0.0297858916538067,-1.61441470559115
"TAS_app","lai",0.41411367808,-0.0521956758283617,-0.0508173181437538,-0.038060114391992,-0.0282363796089394,-0.0274544179533585,-1.54714742619152
"TAS_app","lai",0.51367606212,-0.045935295715995,-0.0444975435464678,-0.0333850666070035,-0.026357793998441,-0.0252728410886826,-1.47988014679189
"TAS_app","lai",0.61323844616,-0.0428461410617858,-0.0401329750752871,-0.0312078346153367,-0.0239702660477339,-0.023388461904429,-1.41261286739226
"TAS_app","lai",0.7128008302,-0.042724877554259,-0.0400822751367006,-0.0309767112100212,-0.0233685791076631,-0.0228789667926015,-1.34534558799263
"TAS_app","lai",0.81236321424,-0.0378171647579448,-0.0366352626384787,-0.0297599755606844,-0.0232952051903707,-0.0219817369631155,-1.27807830859299
"TAS_app","lai",0.91192559828,-0.0365011283294251,-0.0357273567577181,-0.0290590880670017,-0.0227152115548522,-0.0216144272427094,-1.21081102919336
"TAS_app","lai",1.01148798232,-0.0363113236410307,-0.0359970678414812,-0.0289941648612861,-0.0227247870078897,-0.0216209850310462,-1.14354374979373
"TAS_app","lai",1.11105036636,-0.0336247551022432,-0.0323042813848365,-0.0280458030340075,-0.0226549163933556,-0.0220160280769646,-1.0762764703941
"TAS_app","lai",1.2106127504,-0.0312067521484573,-0.0305669479122515,-0.0264649876634789,-0.0218952696184579,-0.0209924023010921,-1.00900919099447
"TAS_app","lai",1.31017513444,-0.0312603639117682,-0.0302399960952686,-0.0264587455639468,-0.0219643916573007,-0.0213460823467716,-0.941741911594838
"TAS_app","lai",1.40973751848,-0.0301486108854507,-0.0292922263085217,-0.0253168786742756,-0.0209290281265362,-0.0203476274960978,-0.874474632195206
"TAS_app","lai",1.50929990252,-0.0301509275778652,-0.0292711157158586,-0.0253829387436063,-0.0210195560348119,-0.0204907940485303,-0.807207352795575
"TAS_app","lai",1.60886228656,-0.0305447711458498,-0.0297308446930397,-0.0260236860306898,-0.0217874634443714,-0.0210289611615774,-0.739940073395944
"TAS_app","lai",1.7084246706,-0.0317745127063158,-0.0311222677950718,-0.0269005069993887,-0.0224045723208539,-0.0212927222242428,-0.672672793996313
"TAS_app","lai",1.80798705464,-0.0324235514629466,-0.0312742801362824,-0.0272426971767586,-0.0225744338627802,-0.0217420989924873,-0.605405514596681
"TAS_app","lai",1.90754943868,-0.0325293879715292,-0.0317875499676191,-0.0281526729793249,-0.0240529367520162,-0.0230550905321211,-0.53813823519705
"TAS_app","lai",2.00711182272,-0.0326596761556616,-0.0318785934888799,-0.0282216463332399,-0.0244094572608094,-0.0232767279871704,-0.470870955797419
"TAS_app","lai",2.10667420676,-0.0327015487134744,-0.0318041158757112,-0.028331495476191,-0.0243590659115265,-0.0234736194697363,-0.403603676397788
"TAS_app","lai",2.2062365908,-0.0327951326342055,-0.0322118472455391,-0.028566511710889,-0.0243163495683849,-0.0236167024461508,-0.336336396998156
"TAS_app","lai",2.30579897484,-0.0339307347352649,-0.0328654623207136,-0.0287465988815138,-0.0245732110907772,-0.0237024910025013,-0.269069117598525
"TAS_app","lai",2.40536135888,-0.0324961694262854,-0.032275053920999,-0.0284929535364727,-0.0243702235537724,-0.0237191852997095,-0.201801838198894
"TAS_app","lai",2.50492374292,-0.0335399701834454,-0.0326169482531719,-0.0290746763241161,-0.0249393134796638,-0.0239839838745393,-0.134534558799262
"TAS_app","lai",2.60448612696,-0.0331749537302037,-0.0325048457884007,-0.0287238885564884,-0.0248870838114226,-0.0239424430949913,-0.0672672793996312
"TAS_app","lai",2.704048511,-0.0331744792093879,-0.0324461285127372,-0.028584696150515,-0.0248262529414487,-0.0239323178694035,0
"TAS_app","lai",2.80361089504,-0.0331744792093879,-0.0324491562609127,-0.0285909718462948,-0.0248383434674946,-0.0239323178694035,0.0672672793996312
"TAS_app","lai",2.90317327908,-0.0331744792093879,-0.0324491562609127,-0.0285909718462948,-0.0248383434674946,-0.0239323178694035,0.134534558799262
"TAS_app","lai",3.00273566312,-0.0331744792093879,-0.0324491562609127,-0.0285909718462948,-0.0248383434674946,-0.0239323178694035,0.201801838198894
"TAS_app","lai",3.10229804716,-0.0331744792093879,-0.0324817239893813,-0.0285909718462948,-0.0248383434674946,-0.0239323178694035,0.269069117598525
"TAS_app","lai",3.2018604312,-0.0331744792093879,-0.0325178820021207,-0.0285909718462948,-0.0248383434674946,-0.0239323178694035,0.336336396998156
"TAS_app","lai",3.30142281524,-0.0332031279835688,-0.0325178820021207,-0.0286718753492802,-0.0248383434674946,-0.0239323178694035,0.403603676397788
"TAS_app","lai",3.40098519928,-0.0440328498511079,-0.0402920302797758,-0.0297900632851892,-0.024851500845775,-0.0239534641373942,0.470870955797419
"TAS_app","lai",3.50054758332,-0.0499436735970219,-0.0473218730085109,-0.0326357320130076,-0.025030012449196,-0.0242610302073368,0.53813823519705
"TAS_app","lai",3.60010996736,-0.0499436735970219,-0.0473218730085109,-0.0326357320130076,-0.0251385413943535,-0.0242610302073368,0.605405514596681
"TAS_app","lai",3.6996723514,-0.0499436735970219,-0.0473218730085109,-0.0326357320130076,-0.0251385413943535,-0.0242610302073368,0.672672793996312
"TAS_app","lai",3.79923473544,-0.0499436735970219,-0.0473218730085109,-0.0326357320130076,-0.0251385413943535,-0.0242610302073368,0.739940073395944
"TAS_app","lai",3.89879711948,-0.0499436735970219,-0.0473218730085109,-0.0326357320130076,-0.0251395419423568,-0.024261384286409,0.807207352795575
"TAS_app","lai",3.99835950352,-0.0499436735970219,-0.0473218730085109,-0.0326357320130076,-0.0251401223872826,-0.024261384286409,0.874474632195206
"TAS_app","lai",4.09792188756,-0.0499436735970219,-0.0473218730085109,-0.0326357320130076,-0.0251401223872826,-0.024261384286409,0.941741911594837
"TAS_app","lai",4.1974842716,-0.0499436735970219,-0.0473218730085109,-0.0326357320130076,-0.0251401223872826,-0.024261384286409,1.00900919099447
"TAS_app","lai",4.29704665564,-0.0499436735970219,-0.0473218730085109,-0.0326357320130076,-0.0251401223872826,-0.024261384286409,1.0762764703941
"TAS_app","lai",4.39660903968,-0.0499436735970219,-0.0473218730085109,-0.0326357320130076,-0.0251401223872826,-0.024261384286409,1.14354374979373
"TAS_app","lai",4.49617142372,-0.0499436735970219,-0.0473218730085109,-0.0326357320130076,-0.0251401223872826,-0.024261384286409,1.21081102919336
"TAS_app","lai",4.59573380776,-0.0499436735970219,-0.0473218730085109,-0.0326357320130076,-0.0251401223872826,-0.024261384286409,1.27807830859299
"TAS_app","lai",4.6952961918,-0.0499436735970219,-0.0473218730085109,-0.0326357320130076,-0.0251401223872826,-0.024261384286409,1.34534558799262
"TAS_app","lai",4.79485857584,-0.0499438527710526,-0.0473218730085109,-0.0326357320130076,-0.0251840406479153,-0.0243067369672284,1.41261286739226
"TAS_app","lai",4.89442095988,-0.0499438527710526,-0.0473218730085109,-0.0326357320130076,-0.0251840406479153,-0.0243067369672284,1.47988014679189
"TAS_app","lai",4.99398334392,-0.0499438527710526,-0.0473218730085109,-0.0326357320130076,-0.0251840406479153,-0.0243067369672284,1.54714742619152
"TAS_app","lai",5.09354572796,-0.0499438527710526,-0.0473218730085109,-0.0326357320130076,-0.0251840406479153,-0.0243067369672284,1.61441470559115
"TAS_app","lai",5.193108112,-0.0499438527710526,-0.0473218730085109,-0.0326357320130076,-0.0251840406479153,-0.0243067369672284,1.68168198499078
"TAS_app","soc",5,-0.0672394203162242,-0.0657207665736036,-0.0480467138803925,-0.0369303251606954,-0.0340979363145928,-1.68168198499078
"TAS_app","soc",12.3,-0.0635087397505807,-0.0571075053387925,-0.0440406597739587,-0.034645363450127,-0.0328987677040527,-1.61441470559115
"TAS_app","soc",19.6,-0.0626160412148079,-0.0562558539954609,-0.0431007467457599,-0.0332534562796162,-0.0311312429210307,-1.54714742619152
"TAS_app","soc",26.9,-0.0510774944039932,-0.0466706317921515,-0.0392138749753196,-0.0318991041052029,-0.0300877675854949,-1.47988014679189
"TAS_app","soc",34.2,-0.0461656788097872,-0.0451977256015396,-0.0383910078496596,-0.0316573858436935,-0.0297397894022129,-1.41261286739226
"TAS_app","soc",41.5,-0.0471005353745201,-0.0451886829188007,-0.0387499514196306,-0.0311020329758688,-0.0295238949346558,-1.34534558799262
"TAS_app","soc",48.8,-0.0455780228339646,-0.0449809204631356,-0.0383077141979768,-0.0309648949680378,-0.0299123079496387,-1.27807830859299
"TAS_app","soc",56.1,-0.0428216702975744,-0.0421132398539195,-0.0333000237744314,-0.0251247062560637,-0.0232469694801361,-1.21081102919336
"TAS_app","soc",63.4,-0.0411752354353865,-0.0390726542179184,-0.0318894123560878,-0.0253397494092376,-0.0239120983556849,-1.14354374979373
"TAS_app","soc",70.7,-0.036720931754046,-0.0344744340349756,-0.0288317019878499,-0.0235086273749974,-0.0225093024830254,-1.0762764703941
"TAS_app","soc",78,-0.03078472203479,-0.0299902902401827,-0.0255028042777316,-0.0219874055988887,-0.0209771529187591,-1.00900919099447
"TAS_app","soc",85.3,-0.0303017314294955,-0.0295665112397956,-0.0248463970062005,-0.021493244508793,-0.0201200597405785,-0.941741911594837
"TAS_app","soc",92.6,-0.0302469470095731,-0.0291381835362021,-0.024708055761485,-0.0212917845162568,-0.0199517443458667,-0.874474632195206
"TAS_app","soc",99.9,-0.0302570622164151,-0.0291182338812811,-0.024772895169171,-0.0213670742742622,-0.0199044906276158,-0.807207352795575
"TAS_app","soc",107.2,-0.0302729440174286,-0.0294352225951622,-0.0249009846890362,-0.0213546654065793,-0.0199212955956264,-0.739940073395944
"TAS_app","soc",114.5,-0.0301003628472592,-0.0292115005740889,-0.024706387242274,-0.0210919186582731,-0.0197787803325457,-0.672672793996312
"TAS_app","soc",121.8,-0.030039564630358,-0.0292150031936106,-0.0247229033406843,-0.0211905723321083,-0.019858661459188,-0.605405514596681
"TAS_app","soc",129.1,-0.0309710248474981,-0.0303739370587246,-0.0256279593447884,-0.0217452299370724,-0.0208093590463745,-0.53813823519705
"TAS_app","soc",136.4,-0.0312613825092808,-0.0306906958902226,-0.0258470692253651,-0.0215841710139414,-0.021031054648192,-0.470870955797419
"TAS_app","soc",143.7,-0.0312613825092808,-0.0306906958902226,-0.0258527846540949,-0.0215983149287144,-0.0209867482193644,-0.403603676397788
"TAS_app","soc",151,-0.0312613825092808,-0.030682811508384,-0.0258527846540949,-0.0215983149287144,-0.0209697625470757,-0.336336396998156
"TAS_app","soc",158.3,-0.0308018643922744,-0.029969801574989,-0.0254638420684077,-0.0206353806903617,-0.019914835799093,-0.269069117598525
"TAS_app","soc",165.6,-0.0308018643922744,-0.029969801574989,-0.0254638420684077,-0.0206353806903617,-0.019914835799093,-0.201801838198894
"TAS_app","soc",172.9,-0.0307066159236064,-0.0298896202686821,-0.0247675481027705,-0.019890371925927,-0.0190972048580057,-0.134534558799262
"TAS_app","soc",180.2,-0.0306378099720852,-0.0298883755678901,-0.0247253700604579,-0.019890371925927,-0.019095640802997,-0.0672672793996313
"TAS_app","soc",187.5,-0.0300893543090482,-0.0289595006727137,-0.0242878832720959,-0.0193398650258136,-0.0184598025818123,0
"TAS_app","soc",194.8,-0.0297217298176758,-0.0285313696311854,-0.0235387512015053,-0.0183314697397976,-0.0174331209582994,0.0672672793996311
"TAS_app","soc",202.1,-0.0296999894595983,-0.0285313696311854,-0.0235267757510485,-0.0183314697397976,-0.0174331209582994,0.134534558799262
"TAS_app","soc",209.4,-0.0296999894595983,-0.0285281613848324,-0.0234840514106551,-0.0183314697397976,-0.0174334506729337,0.201801838198894
"TAS_app","soc",216.7,-0.0296999894595983,-0.0285281613848324,-0.0234840514106551,-0.0183314697397976,-0.0174334506729337,0.269069117598525
"TAS_app","soc",224,-0.0296999894595983,-0.0285281613848324,-0.0234840514106551,-0.0183314697397976,-0.0174334506729337,0.336336396998156
"TAS_app","soc",231.3,-0.0296999894595983,-0.0285281613848324,-0.0234840514106551,-0.0183314697397976,-0.0174334506729337,0.403603676397787
"TAS_app","soc",238.6,-0.0297130393009265,-0.0285281613848324,-0.0234911428212759,-0.0183314697397976,-0.0174960571007623,0.470870955797419
"TAS_app","soc",245.9,-0.0294179883771248,-0.0284922649961259,-0.0233589359699877,-0.0183314697397976,-0.0174951445488736,0.53813823519705
"TAS_app","soc",253.2,-0.0294179883771248,-0.0284922649961259,-0.0233304154159424,-0.0182620558941422,-0.0174951445488736,0.605405514596681
"TAS_app","soc",260.5,-0.0294179883771248,-0.0284922649961259,-0.0233304154159424,-0.0182620558941422,-0.0174951445488736,0.672672793996312
"TAS_app","soc",267.8,-0.0294179883771248,-0.0284824185832223,-0.0233304154159424,-0.0182620558941422,-0.0174951445488736,0.739940073395944
"TAS_app","soc",275.1,-0.0294179883771248,-0.0284824185832223,-0.0233304154159424,-0.0182620558941422,-0.0174951445488736,0.807207352795575
"TAS_app","soc",282.4,-0.0294179883771248,-0.0284824185832223,-0.0233304154159424,-0.0182620558941422,-0.0174951445488736,0.874474632195206
"TAS_app","soc",289.7,-0.0294179883771248,-0.0284824185832223,-0.0233304154159424,-0.0182620558941422,-0.0174951445488736,0.941741911594837
"TAS_app","soc",297,-0.0294179883771248,-0.0284824185832223,-0.0233304154159424,-0.0182620558941422,-0.0174951445488736,1.00900919099447
"TAS_app","soc",304.3,-0.0294179883771248,-0.0284824185832223,-0.0233304154159424,-0.0182684905048606,-0.0174953602850399,1.0762764703941
"TAS_app","soc",311.6,-0.0294179883771248,-0.0284824185832223,-0.0233304154159424,-0.0182684905048606,-0.0174953602850399,1.14354374979373
"TAS_app","soc",318.9,-0.0294179883771248,-0.0284824185832223,-0.0233304154159424,-0.0182684905048606,-0.0174953602850399,1.21081102919336
"TAS_app","soc",326.2,-0.0294179883771248,-0.0284824185832223,-0.0233304154159424,-0.0182684905048606,-0.0174953602850399,1.27807830859299
"TAS_app","soc",333.5,-0.0294179883771248,-0.0284824185832223,-0.0233304154159424,-0.0182684905048606,-0.0174953602850399,1.34534558799262
"TAS_app","soc",340.8,-0.0294179883771248,-0.0284824185832223,-0.0233304154159424,-0.0182684905048606,-0.0174953602850399,1.41261286739226
"TAS_app","soc",348.1,-0.0294179883771248,-0.0284824185832223,-0.0233304154159424,-0.0182684905048606,-0.0174953602850399,1.47988014679189
"TAS_app","soc",355.4,-0.0294179883771248,-0.0284824185832223,-0.0233304154159424,-0.0182684905048606,-0.0174953602850399,1.54714742619152
"TAS_app","soc",362.7,-0.0294179883771248,-0.0284824185832223,-0.0233304154159424,-0.0182684905048606,-0.0174953602850399,1.61441470559115
"TAS_app","soc",370,-0.0294179883771248,-0.0284824185832223,-0.0233304154159424,-0.0182684905048606,-0.0174953602850399,1.68168198499078
